method,seed,step,loss,query_base,query_new,query_hm,ema_base,ema_new,ema_hm,q_mean,q_std,q_min,q_max,gate_mean,seconds_per_step,initial_full_base,initial_full_new,initial_full_hm,final_full_base,final_full_new,final_full_hm,full_base,full_new,full_hm
raw,1,1,3.074909210205078,0.3125,0.375,0.3409090909090909,0.28460595380923814,0.35534963985594237,0.31606762777944414,,,,,,1.3497536000068067,0.28374325134973005,0.3547418967587035,0.3152950995790133,,,,,,
raw,1,2,2.49688720703125,0.25,0.3125,0.2777777777777778,0.283567775194961,0.3540641506602641,0.31491893491487677,,,,,,1.238677800000005,0.28374325134973005,0.3547418967587035,0.3152950995790133,,,,,,
raw,1,3,2.6584091186523438,0.3125,0.375,0.3409090909090909,0.2844357419391122,0.35469222614045615,0.31570249321255195,,,,,,1.1954639333319694,0.28374325134973005,0.3547418967587035,0.3152950995790133,,,,,,
raw,1,4,2.0658187866210938,0.25,0.375,0.3,0.28340266968093886,0.35530145935624247,0.31530524869123233,,,,,,1.1855404500020086,0.28374325134973005,0.3547418967587035,0.3152950995790133,,,,,,
raw,1,5,2.4823341369628906,0.3125,0.3125,0.3125,0.2842755895905107,0.3540174155755552,0.31533640106824135,,,,,,1.1757784799992805,0.28374325134973005,0.3547418967587035,0.3152950995790133,,,,,,
raw,1,6,2.8885421752929688,0.25,0.4375,0.3181818181818182,0.2832473219027954,0.3565218931082885,0.31568843593353546,,,,,,1.1683871166678728,0.28374325134973005,0.3547418967587035,0.3152950995790133,,,,,,
raw,1,7,2.017000675201416,0.3125,0.375,0.3409090909090909,0.2841249022457115,0.3570762363150398,0.31645062566483534,,,,,,1.1611467857146636,0.28374325134973005,0.3547418967587035,0.3152950995790133,,,,,,
raw,1,8,2.667713165283203,0.3125,0.3125,0.3125,0.2849761551783402,0.35573894922558863,0.31644990823746655,,,,,,1.152043562500694,0.28374325134973005,0.3547418967587035,0.3152950995790133,,,,,,
raw,1,9,2.61492919921875,0.3125,0.375,0.3409090909090909,0.28580187052299,0.356316780748821,0.3171874924830228,,,,,,1.1463073444449239,0.28374325134973005,0.3547418967587035,0.3152950995790133,,,,,,
raw,1,10,2.2374706268310547,0.25,0.375,0.3,0.2847278144073003,0.3568772773263563,0.3167458877553391,,,,,,1.1442001300005358,0.28374325134973005,0.3547418967587035,0.3152950995790133,,,,,,
raw,1,11,2.9526214599609375,0.25,0.3125,0.2777777777777778,0.28368597997508127,0.35554595900656566,0.31557685921527007,,,,,,1.1400671090906889,0.28374325134973005,0.3547418967587035,0.3152950995790133,,,,,,
raw,1,12,2.7216644287109375,0.3125,0.4375,0.3645833333333333,0.28455040057582887,0.35800458023636866,0.31707900415144175,,,,,,1.133565833333705,0.28374325134973005,0.3547418967587035,0.3152950995790133,,,,,,
raw,1,13,2.1595406532287598,0.375,0.4375,0.40384615384615385,0.287263888558554,0.3603894428292776,0.3196984180433232,,,,,,1.1323972692312405,0.28374325134973005,0.3547418967587035,0.3152950995790133,,,,,,
raw,1,14,2.651524543762207,0.1875,0.375,0.25,0.28427097190179734,0.3608277595443993,0.3180066953933836,,,,,,1.129748371428702,0.28374325134973005,0.3547418967587035,0.3152950995790133,,,,,,
raw,1,15,2.298553466796875,0.25,0.3125,0.2777777777777778,0.28324284274474343,0.3593779267580673,0.31680029785972225,,,,,,1.1272587466664845,0.28374325134973005,0.3547418967587035,0.3152950995790133,,,,,,
raw,1,16,2.1406707763671875,0.25,0.375,0.3,0.2822455574624011,0.3598465889553253,0.31635677734816586,,,,,,1.126826631249969,0.28374325134973005,0.3547418967587035,0.3152950995790133,,,,,,
raw,1,17,2.635316848754883,0.25,0.3125,0.2777777777777778,0.28127819073852905,0.35842619128666553,0.31520018755927337,,,,,,1.125841576470788,0.28374325134973005,0.3547418967587035,0.3152950995790133,,,,,,
raw,1,18,2.7276968955993652,0.375,0.375,0.375,0.28408984501637313,0.35892340554806557,0.3171520791068997,,,,,,1.1231242555554166,0.28374325134973005,0.3547418967587035,0.3152950995790133,,,,,,
raw,1,19,2.2196645736694336,0.3125,0.3125,0.3125,0.28494214966588194,0.3575307033816236,0.3171357877920541,,,,,,1.1219107842105012,0.28374325134973005,0.3547418967587035,0.3152950995790133,,,,,,
raw,1,20,2.5278491973876953,0.3125,0.4375,0.3645833333333333,0.2857688851759055,0.3599297822801749,0.31859050609178513,,,,,,1.1229600650003704,0.28374325134973005,0.3547418967587035,0.3152950995790133,,,,,,
raw,1,21,2.2779541015625,0.3125,0.25,0.2777777777777778,0.28657081862062833,0.35663188881176966,0.3177856409559694,,,,,,1.1237516666671061,0.28374325134973005,0.3547418967587035,0.3152950995790133,,,,,,
raw,1,22,2.210010528564453,0.375,0.375,0.375,0.28922369406200943,0.3571829321474166,0.3196309038394863,,,,,,1.1229429363639527,0.28374325134973005,0.3547418967587035,0.3152950995790133,,,,,,
raw,1,23,2.2622032165527344,0.25,0.4375,0.3181818181818182,0.28804698324014916,0.3595924441829941,0.31986785966688286,,,,,,1.1218981956525291,0.28374325134973005,0.3547418967587035,0.3152950995790133,,,,,,
raw,1,24,2.7967586517333984,0.375,0.375,0.375,0.2906555737429447,0.3600546708575042,0.3216543701449596,,,,,,1.1229731166664958,0.28374325134973005,0.3547418967587035,0.3152950995790133,,,,,,
raw,1,25,2.4600067138671875,0.25,0.4375,0.3181818181818182,0.2894359065306564,0.36237803073177904,0.32182562487741745,,,,,,1.1247017600003164,0.28374325134973005,0.3547418967587035,0.3152950995790133,,,,,,
raw,1,26,2.6417236328125,0.3125,0.375,0.3409090909090909,0.2901278293347367,0.36275668980982567,0.32240253185686424,,,,,,1.1234634153846015,0.28374325134973005,0.3547418967587035,0.3152950995790133,,,,,,
raw,1,27,2.562875747680664,0.375,0.375,0.375,0.29267399445469455,0.3631239891155309,0.32411489830506596,,,,,,1.1225888074076027,0.28374325134973005,0.3547418967587035,0.3152950995790133,,,,,,
raw,1,28,2.2672948837280273,0.3125,0.4375,0.3645833333333333,0.2932687746210537,0.365355269442065,0.3253670835021958,,,,,,1.1216862321432148,0.28374325134973005,0.3547418967587035,0.3152950995790133,,,,,,
raw,1,29,2.537179946899414,0.25,0.25,0.25,0.2919707113824221,0.361894611358803,0.323193854908596,,,,,,1.1219150862071445,0.28374325134973005,0.3547418967587035,0.3152950995790133,,,,,,
raw,1,30,2.2373170852661133,0.375,0.3125,0.3409090909090909,0.2944615900409494,0.3604127730180389,0.3241162708469013,,,,,,1.1210908400001547,0.28374325134973005,0.3547418967587035,0.3152950995790133,,,,,,
raw,1,31,2.337521553039551,0.375,0.375,0.375,0.296877742339721,0.36085038982749773,0.3257529785183637,,,,,,1.12043028064504,0.28374325134973005,0.3547418967587035,0.3152950995790133,,,,,,
raw,1,32,2.2128868103027344,0.3125,0.375,0.3409090909090909,0.29734641006952933,0.3612748781326728,0.32620806519717893,,,,,,1.1190010000000257,0.28374325134973005,0.3547418967587035,0.3152950995790133,,,,,,
raw,1,33,2.0360984802246094,0.3125,0.3125,0.3125,0.29780101776744344,0.35981163178869263,0.3258826308270105,,,,,,1.1193224242425375,0.28374325134973005,0.3547418967587035,0.3152950995790133,,,,,,
raw,1,34,2.23211669921875,0.25,0.5,0.3333333333333333,0.2963669872344201,0.3640172828350319,0.32672705969732524,,,,,,1.1199783499999767,0.28374325134973005,0.3547418967587035,0.3152950995790133,,,,,,
raw,1,35,2.5357818603515625,0.3125,0.375,0.3409090909090909,0.29685097761738755,0.3643467643499809,0.3271538492167492,,,,,,1.119646285714199,0.28374325134973005,0.3547418967587035,0.3152950995790133,,,,,,
raw,1,36,2.5405826568603516,0.375,0.3125,0.3409090909090909,0.2991954482888659,0.3627913614194815,0.3279386308710647,,,,,,1.1193139777779935,0.28374325134973005,0.3547418967587035,0.3152950995790133,,,,,,
raw,1,37,2.379718780517578,0.25,0.375,0.3,0.29771958484019995,0.36315762057689704,0.3271988658209865,,,,,,1.1189439594596184,0.28374325134973005,0.3547418967587035,0.3152950995790133,,,,,,
raw,1,38,2.5232086181640625,0.375,0.375,0.375,0.3000379972949939,0.36351289195959013,0.3287394587534672,,,,,,1.1196059421054088,0.28374325134973005,0.3547418967587035,0.3152950995790133,,,,,,
raw,1,39,2.3809280395507812,0.3125,0.3125,0.3125,0.3004118573761441,0.36198250520080244,0.3283356346874424,,,,,,1.1193793923079143,0.28374325134973005,0.3547418967587035,0.3152950995790133,,,,,,
raw,1,40,2.8365936279296875,0.375,0.4375,0.40384615384615385,0.3026495016548598,0.36424803004477835,0.3306039669718465,,,,,,1.1183215324999765,0.28374325134973005,0.3547418967587035,0.3152950995790133,,,,,,
raw,1,41,2.4400157928466797,0.1875,0.375,0.25,0.299195016605214,0.364570589143435,0.32866331888202005,,,,,,1.118081580487963,0.28374325134973005,0.3547418967587035,0.3152950995790133,,,,,,
raw,1,42,2.610750436782837,0.4375,0.375,0.40384615384615385,0.3033441661070576,0.3648834714691319,0.3312801391469898,,,,,,1.1181743666668245,0.28374325134973005,0.3547418967587035,0.3152950995790133,,,,,,
raw,1,43,2.4181289672851562,0.25,0.25,0.25,0.3017438411238459,0.361436967325058,0.32890390510514844,,,,,,1.1180634720932536,0.28374325134973005,0.3547418967587035,0.3152950995790133,,,,,,
raw,1,44,2.42169189453125,0.375,0.5,0.42857142857142855,0.30394152589013057,0.3655938583053062,0.3319291489960727,,,,,,1.1177637886364458,0.28374325134973005,0.3547418967587035,0.3152950995790133,,,,,,
raw,1,45,2.5482797622680664,0.25,0.3125,0.2777777777777778,0.30232328011342663,0.36400104255614707,0.3303075856795717,,,,,,1.1181466111111351,0.28374325134973005,0.3547418967587035,0.3152950995790133,,,,,,
raw,1,46,2.487433910369873,0.375,0.375,0.375,0.3045035817100238,0.36433101127946266,0.3317415068702206,,,,,,1.119206221739106,0.28374325134973005,0.3547418967587035,0.3152950995790133,,,,,,
raw,1,47,2.4356918334960938,0.375,0.5,0.42857142857142855,0.30661847425872313,0.36840108094107876,0.33468238507544523,,,,,,1.1201266914892798,0.28374325134973005,0.3547418967587035,0.3152950995790133,,,,,,
raw,1,48,2.394987106323242,0.375,0.375,0.375,0.3086699200309614,0.3685990485128464,0.3359830262785454,,,,,,1.1207326687499517,0.28374325134973005,0.3547418967587035,0.3152950995790133,,,,,,
raw,1,49,2.187650442123413,0.25,0.25,0.25,0.30690982243003256,0.365041077057461,0.3334609484854433,,,,,,1.1208999918367504,0.28374325134973005,0.3547418967587035,0.3152950995790133,,,,,,
raw,1,50,2.0749282836914062,0.375,0.375,0.375,0.30895252775713156,0.3653398447457372,0.3347885075597924,,,,,,1.121683997999935,0.28374325134973005,0.3547418967587035,0.3152950995790133,,,,,,
raw,1,51,2.417464256286621,0.4375,0.25,0.3181818181818182,0.3128089519244176,0.3618796494033651,0.33555982309428994,,,,,,1.1215895529412414,0.28374325134973005,0.3547418967587035,0.3152950995790133,,,,,,
raw,1,52,2.178776741027832,0.3125,0.375,0.3409090909090909,0.31279968336668507,0.36227325992126413,0.3357236047520054,,,,,,1.1224809230770916,0.28374325134973005,0.3547418967587035,0.3152950995790133,,,,,,
raw,1,53,2.3852310180664062,0.3125,0.3125,0.3125,0.3127906928656845,0.36078006212362623,0.33507584694814907,,,,,,1.1227401509435677,0.28374325134973005,0.3547418967587035,0.3152950995790133,,,,,,
raw,1,54,2.183495044708252,0.3125,0.3125,0.3125,0.312781972079714,0.3593316602599175,0.334444831703639,,,,,,1.123022453703689,0.28374325134973005,0.3547418967587035,0.3152950995790133,,,,,,
raw,1,55,2.5135498046875,0.4375,0.4375,0.4375,0.31652351291732256,0.36167671045211996,0.3375970074557908,,,,,,1.1266958600000097,0.28374325134973005,0.3547418967587035,0.3152950995790133,,,,,,
raw,1,56,2.3764686584472656,0.5,0.5,0.5,0.32202780752980287,0.36582640913855635,0.34253268677187987,,,,,,1.1280228750001697,0.28374325134973005,0.3547418967587035,0.3152950995790133,,,,,,
raw,1,57,2.274394989013672,0.3125,0.4375,0.3645833333333333,0.3217419733039088,0.36797661686439964,0.3433096469409571,,,,,,1.1296768263158523,0.28374325134973005,0.3547418967587035,0.3152950995790133,,,,,,
raw,1,58,2.443286895751953,0.25,0.375,0.3,0.31958971410479153,0.36818731835846763,0.3421715883409595,,,,,,1.1304099241380503,0.28374325134973005,0.3547418967587035,0.3152950995790133,,,,,,
raw,1,59,2.637820243835449,0.4375,0.375,0.40384615384615385,0.3231270226816478,0.3683916988077136,0.3442779179137586,,,,,,1.1310432847457055,0.28374325134973005,0.3547418967587035,0.3152950995790133,,,,,,
raw,1,60,2.4302139282226562,0.25,0.3125,0.2777777777777778,0.32093321200119834,0.3667149478434822,0.34230006847351585,,,,,,1.1315637883334906,0.28374325134973005,0.3547418967587035,0.3152950995790133,,,,,,
raw,1,61,2.699254274368286,0.375,0.4375,0.40384615384615385,0.3225552156411624,0.3688384994081777,0.3441477095431143,,,,,,1.1324107508197976,0.28374325134973005,0.3547418967587035,0.3152950995790133,,,,,,
raw,1,62,2.0284841060638428,0.3125,0.4375,0.3645833333333333,0.32225355917192755,0.37089834442593234,0.3448690278763916,,,,,,1.1326518774193604,0.28374325134973005,0.3547418967587035,0.3152950995790133,,,,,,
raw,1,63,2.4381566047668457,0.3125,0.5625,0.4017857142857143,0.32196095239676975,0.37664639409315437,0.34716334538514637,,,,,,1.1334474380952695,0.28374325134973005,0.3547418967587035,0.3152950995790133,,,,,,
raw,1,64,2.4538612365722656,0.375,0.3125,0.3409090909090909,0.32355212382486664,0.37472200227035973,0.34726218585950336,,,,,,1.135844062500155,0.28374325134973005,0.3547418967587035,0.3152950995790133,,,,,,
raw,1,65,2.3066086769104004,0.5625,0.375,0.45,0.3307205601101207,0.374730342202249,0.35135266893034334,,,,,,1.136690938461554,0.28374325134973005,0.3547418967587035,0.3152950995790133,,,,,,
raw,1,66,1.9651317596435547,0.3125,0.375,0.3409090909090909,0.3301739433068171,0.3747384319361815,0.35104750640341725,,,,,,1.137134521212085,0.28374325134973005,0.3547418967587035,0.3152950995790133,,,,,,
raw,1,67,2.4690933227539062,0.1875,0.25,0.21428571428571427,0.32589372500761254,0.37099627897809606,0.3469854887533,,,,,,1.137840932835877,0.28374325134973005,0.3547418967587035,0.3152950995790133,,,,,,
raw,1,68,2.2956085205078125,0.3125,0.375,0.3409090909090909,0.3254919132573842,0.37111639060875323,0.34681006054624997,,,,,,1.139065586764713,0.28374325134973005,0.3547418967587035,0.3152950995790133,,,,,,
raw,1,69,2.1917285919189453,0.3125,0.5,0.38461538461538464,0.3251021558596627,0.37498289889049063,0.34826553720193587,,,,,,1.1398579826088373,0.28374325134973005,0.3547418967587035,0.3152950995790133,,,,,,
raw,1,70,2.3076767921447754,0.4375,0.3125,0.3645833333333333,0.3284740911838728,0.3731084119237759,0.34937144520240593,,,,,,1.1398790214285588,0.28374325134973005,0.3547418967587035,0.3152950995790133,,,,,,
raw,1,71,2.567394256591797,0.25,0.4375,0.3181818181818182,0.3261198684483566,0.3750401595660626,0.34887341723370396,,,,,,1.1410536000000486,0.28374325134973005,0.3547418967587035,0.3152950995790133,,,,,,
raw,1,72,2.340137004852295,0.4375,0.375,0.40384615384615385,0.3294612723949059,0.3750389547790808,0.35077578820611616,,,,,,1.1418166583332803,0.28374325134973005,0.3547418967587035,0.3152950995790133,,,,,,
raw,1,73,2.354755401611328,0.3125,0.375,0.3409090909090909,0.32895243422305875,0.3750377861357084,0.350486666170154,,,,,,1.1421765301369404,0.28374325134973005,0.3547418967587035,0.3152950995790133,,,,,,
raw,1,74,2.1365256309509277,0.25,0.3125,0.2777777777777778,0.326583861196367,0.37316165255163714,0.3483225571192978,,,,,,1.14353757972984,0.28374325134973005,0.3547418967587035,0.3152950995790133,,,,,,
raw,1,75,2.6697959899902344,0.375,0.3125,0.3409090909090909,0.328036345360476,0.371341802975088,0.3483483383557795,,,,,,1.1437366506666877,0.28374325134973005,0.3547418967587035,0.3152950995790133,,,,,,
raw,1,76,2.2529678344726562,0.3125,0.3125,0.3125,0.32757025499966175,0.36957654888583535,0.347307865963657,,,,,,1.1439366986841808,0.28374325134973005,0.3547418967587035,0.3152950995790133,,,,,,
raw,1,77,2.15328049659729,0.3125,0.3125,0.3125,0.32711814734967193,0.3678642524192603,0.3462967487164265,,,,,,1.143743848052048,0.28374325134973005,0.3547418967587035,0.3152950995790133,,,,,,
raw,1,78,2.5688934326171875,0.1875,0.4375,0.2625,0.32292960292918177,0.3699533248466825,0.34484578997655985,,,,,,1.14404810769226,0.28374325134973005,0.3547418967587035,0.3152950995790133,,,,,,
raw,1,79,2.27655029296875,0.1875,0.3125,0.234375,0.3188667148413063,0.368229725101282,0.3417750287274783,,,,,,1.1439330797468215,0.28374325134973005,0.3547418967587035,0.3152950995790133,,,,,,
raw,1,80,2.05283260345459,0.3125,0.375,0.3409090909090909,0.3186757133960671,0.3684328333482435,0.34175268685597376,,,,,,1.144307692500115,0.28374325134973005,0.3547418967587035,0.3152950995790133,,,,,,
raw,1,81,2.2572174072265625,0.25,0.375,0.3,0.31661544199418507,0.3686298483477962,0.3406485356758576,,,,,,1.1445647246913229,0.28374325134973005,0.3547418967587035,0.3152950995790133,,,,,,
raw,1,82,2.0019404888153076,0.3125,0.375,0.3409090909090909,0.3164919787343595,0.3688209528973624,0.34065860366372536,,,,,,1.1447718670732263,0.28374325134973005,0.3547418967587035,0.3152950995790133,,,,,,
raw,1,83,2.4791054725646973,0.3125,0.375,0.3409090909090909,0.31637221937232873,0.36900632431044156,0.3406682361464608,,,,,,1.144887480722966,0.28374325134973005,0.3547418967587035,0.3152950995790133,,,,,,
raw,1,84,2.2956104278564453,0.375,0.375,0.375,0.31813105279115883,0.36918613458112837,0.34176236482378536,,,,,,1.1458991273809391,0.28374325134973005,0.3547418967587035,0.3152950995790133,,,,,,
raw,1,85,2.405426025390625,0.4375,0.375,0.40384615384615385,0.32171212120742404,0.36936055054369454,0.3438936918302806,,,,,,1.1468228858823697,0.28374325134973005,0.3547418967587035,0.3152950995790133,,,,,,
raw,1,86,2.262017250061035,0.3125,0.375,0.3409090909090909,0.32143575757120135,0.36952973402738376,0.34380897873024796,,,,,,1.1468006616279274,0.28374325134973005,0.3547418967587035,0.3152950995790133,,,,,,
raw,1,87,2.116044521331787,0.3125,0.3125,0.3125,0.3211676848440653,0.3678188420065623,0.34291389258148314,,,,,,1.1473793793103695,0.28374325134973005,0.3547418967587035,0.3152950995790133,,,,,,
raw,1,88,2.5509490966796875,0.4375,0.3125,0.3645833333333333,0.3246576542987434,0.36615927674636545,0.3441618366485492,,,,,,1.1470892670455546,0.28374325134973005,0.3547418967587035,0.3152950995790133,,,,,,
raw,1,89,2.313610076904297,0.3125,0.4375,0.3645833333333333,0.3242929246697811,0.36829949844397447,0.3448981464967396,,,,,,1.1469778123596523,0.28374325134973005,0.3547418967587035,0.3152950995790133,,,,,,
raw,1,90,2.5843505859375,0.4375,0.375,0.40384615384615385,0.32768913692968765,0.36850051349065527,0.346898622095262,,,,,,1.1468376344444955,0.28374325134973005,0.3547418967587035,0.3152950995790133,,,,,,
raw,1,91,2.146574020385742,0.25,0.25,0.25,0.32535846282179703,0.3649454980859356,0.34401687660849406,,,,,,1.146964279120976,0.28374325134973005,0.3547418967587035,0.3152950995790133,,,,,,
raw,1,92,2.1712875366210938,0.375,0.4375,0.40384615384615385,0.3268477089371431,0.36712213314335757,0.3458162612896484,,,,,,1.1469821043478,0.28374325134973005,0.3547418967587035,0.3152950995790133,,,,,,
raw,1,93,2.3560738563537598,0.25,0.3125,0.2777777777777778,0.3245422776690288,0.3654834691490568,0.34379829470126727,,,,,,1.1470732537634303,0.28374325134973005,0.3547418967587035,0.3152950995790133,,,,,,
raw,1,94,2.7451705932617188,0.375,0.3125,0.3409090909090909,0.32605600933895795,0.36389396507458516,0.3439374403212396,,,,,,1.1472749457447826,0.28374325134973005,0.3547418967587035,0.3152950995790133,,,,,,
raw,1,95,2.303682327270508,0.3125,0.3125,0.3125,0.32564932905878924,0.3623521461223476,0.3430217449364855,,,,,,1.1474649252631934,0.28374325134973005,0.3547418967587035,0.3152950995790133,,,,,,
raw,1,96,2.4301834106445312,0.3125,0.4375,0.3645833333333333,0.3252548491870256,0.36460658173867716,0.3438083459655896,,,,,,1.1479496468750767,0.28374325134973005,0.3547418967587035,0.3152950995790133,,,,,,
raw,1,97,2.359727621078491,0.1875,0.3125,0.234375,0.3211222037114148,0.36304338428651683,0.3407984664826164,,,,,,1.1485184845361576,0.28374325134973005,0.3547418967587035,0.3152950995790133,,,,,,
raw,1,98,2.4422149658203125,0.25,0.3125,0.2777777777777778,0.31898853760007234,0.36152708275792134,0.3389282831483062,,,,,,1.1487836683674166,0.28374325134973005,0.3547418967587035,0.3152950995790133,,,,,,
raw,1,99,2.331563711166382,0.25,0.4375,0.3181818181818182,0.31691888147207015,0.3638062702751837,0.33874780725289094,,,,,,1.148754352525246,0.28374325134973005,0.3547418967587035,0.3152950995790133,,,,,,
raw,1,100,2.3096628189086914,0.375,0.25,0.3,0.31866131502790807,0.3603920821669282,0.33824443056576914,,,,,,1.1490452240000013,0.28374325134973005,0.3547418967587035,0.3152950995790133,,,,,,
raw,1,101,2.2569899559020996,0.375,0.25,0.3,0.3203514755770708,0.35708031970192033,0.3377202195504623,,,,,,1.1499141237623862,0.28374325134973005,0.3547418967587035,0.3152950995790133,,,,,,
raw,1,102,2.296863079071045,0.25,0.375,0.3,0.31824093130975867,0.35761791011086275,0.3367823272904455,,,,,,1.1505315205882367,0.28374325134973005,0.3547418967587035,0.3152950995790133,,,,,,
raw,1,103,2.6297430992126465,0.375,0.375,0.375,0.31994370337046596,0.3581393728075368,0.3379657781895145,,,,,,1.1510127504854644,0.28374325134973005,0.3547418967587035,0.3152950995790133,,,,,,
raw,1,104,2.352412700653076,0.1875,0.4375,0.2625,0.315970392269352,0.3605201916233107,0.33677839449813796,,,,,,1.1518215951923945,0.28374325134973005,0.3547418967587035,0.3152950995790133,,,,,,
raw,1,105,2.419391632080078,0.0,0.5,0.0,0.3064912805012714,0.3647045858746114,0.33307349204322195,,,,,,1.146283441904788,0.28374325134973005,0.3547418967587035,0.3152950995790133,,,,,,
raw,1,106,2.2803449630737305,0.3125,0.375,0.3409090909090909,0.30667154208623326,0.3650134482983731,0.33330873452384074,,,,,,1.147334569811306,0.28374325134973005,0.3547418967587035,0.3152950995790133,,,,,,
raw,1,107,2.195805788040161,0.3125,0.375,0.3409090909090909,0.30684639582364626,0.36531304484942195,0.33353690918083545,,,,,,1.1476469149532353,0.28374325134973005,0.3547418967587035,0.3152950995790133,,,,,,
raw,1,108,2.0896663665771484,0.3125,0.375,0.3409090909090909,0.30701600394893686,0.3656036535039393,0.3337582286933835,,,,,,1.14841268425934,0.28374325134973005,0.3547418967587035,0.3152950995790133,,,,,,
raw,1,109,1.7492904663085938,0.3125,0.3125,0.3125,0.3071805238304688,0.36401054389882115,0.3331896234344782,,,,,,1.1493514495412605,0.28374325134973005,0.3547418967587035,0.3152950995790133,,,,,,
raw,1,110,1.9773540496826172,0.375,0.375,0.375,0.30921510811555475,0.36434022758185647,0.3345218926843476,,,,,,1.1499292690908822,0.28374325134973005,0.3547418967587035,0.3152950995790133,,,,,,
raw,1,111,2.1865100860595703,0.3125,0.375,0.3409090909090909,0.3093136548720881,0.36466002075440074,0.33471433049793164,,,,,,1.1501094783784251,0.28374325134973005,0.3547418967587035,0.3152950995790133,,,,,,
raw,1,112,2.3051652908325195,0.3125,0.375,0.3409090909090909,0.3094092452259255,0.3649702201317687,0.33490094565976847,,,,,,1.1507379366071941,0.28374325134973005,0.3547418967587035,0.3152950995790133,,,,,,
raw,1,113,2.22049617767334,0.25,0.25,0.25,0.3076269678691477,0.36152111352781563,0.332403684825822,,,,,,1.151170398230099,0.28374325134973005,0.3547418967587035,0.3152950995790133,,,,,,
raw,1,114,2.4732303619384766,0.375,0.375,0.375,0.3096481588330733,0.3619254801219811,0.3337521071521625,,,,,,1.1513634666666723,0.28374325134973005,0.3547418967587035,0.3152950995790133,,,,,,
raw,1,115,2.3343520164489746,0.3125,0.375,0.3409090909090909,0.3097337140680811,0.3623177157183217,0.3339685232059288,,,,,,1.1522226269565694,0.28374325134973005,0.3547418967587035,0.3152950995790133,,,,,,
raw,1,116,2.5059642791748047,0.3125,0.25,0.2777777777777778,0.30981670264603867,0.35894818424677205,0.332577696717328,,,,,,1.1520918982758555,0.28374325134973005,0.3547418967587035,0.3152950995790133,,,,,,
raw,1,117,2.1957781314849854,0.375,0.375,0.375,0.3117722015666575,0.3594297387193689,0.33390904949205813,,,,,,1.151759642735024,0.28374325134973005,0.3547418967587035,0.3152950995790133,,,,,,
raw,1,118,2.3175830841064453,0.25,0.4375,0.3181818181818182,0.30991903551965777,0.3617718465577878,0.33384398911768415,,,,,,1.1509546237288366,0.28374325134973005,0.3547418967587035,0.3152950995790133,,,,,,
raw,1,119,2.3365097045898438,0.375,0.4375,0.40384615384615385,0.311871464454068,0.3640436911610542,0.3359440549438164,,,,,,1.1505980890756864,0.28374325134973005,0.3547418967587035,0.3152950995790133,,,,,,
raw,1,120,2.4414429664611816,0.25,0.375,0.3,0.31001532052044595,0.36437238042622255,0.33500320408591305,,,,,,1.1498587849999846,0.28374325134973005,0.3547418967587035,0.3152950995790133,,,,,,
raw,1,121,1.9440619945526123,0.375,0.3125,0.3409090909090909,0.31196486090483255,0.36281620901343586,0.33547446193949876,,,,,,1.1491600429751787,0.28374325134973005,0.3547418967587035,0.3152950995790133,,,,,,
raw,1,122,2.13983154296875,0.3125,0.5,0.38461538461538464,0.3119809150776876,0.3669317227430328,0.3372324751528139,,,,,,1.1487459565574145,0.28374325134973005,0.3547418967587035,0.3152950995790133,,,,,,
raw,1,123,1.9507293701171875,0.3125,0.3125,0.3125,0.311996487625357,0.3652987710607418,0.3365502180715327,,,,,,1.1487410845528632,0.28374325134973005,0.3547418967587035,0.3152950995790133,,,,,,
raw,1,124,2.3898849487304688,0.3125,0.4375,0.3645833333333333,0.3120115929965963,0.36746480792891956,0.33747538526995513,,,,,,1.1487258177419848,0.28374325134973005,0.3547418967587035,0.3152950995790133,,,,,,
raw,1,125,2.4428482055664062,0.375,0.375,0.375,0.3139012452066984,0.367690863691052,0.3386735804509211,,,,,,1.148281375200022,0.28374325134973005,0.3547418967587035,0.3152950995790133,,,,,,
raw,1,126,2.040576219558716,0.3125,0.4375,0.3645833333333333,0.3138592078504974,0.3697851377803204,0.3395346459320925,,,,,,1.1479504952381139,0.28374325134973005,0.3547418967587035,0.3152950995790133,,,,,,
raw,1,127,2.2125396728515625,0.3125,0.375,0.3409090909090909,0.3138184316149825,0.36994158364691077,0.3395767081371963,,,,,,1.147762873228346,0.28374325134973005,0.3547418967587035,0.3152950995790133,,,,,,
raw,1,128,2.194638729095459,0.25,0.375,0.3,0.311903878666533,0.3700933361375034,0.33851618307002235,,,,,,1.1476147945312505,0.28374325134973005,0.3547418967587035,0.3152950995790133,,,,,,
raw,1,129,2.0921363830566406,0.375,0.375,0.375,0.3137967623065371,0.37024053605337826,0.33968990219319006,,,,,,1.1472823922480628,0.28374325134973005,0.3547418967587035,0.3152950995790133,,,,,,
raw,1,130,2.0310535430908203,0.3125,0.3125,0.3125,0.31375785943734097,0.3685083199717769,0.3389362836637488,,,,,,1.1471949861538282,0.28374325134973005,0.3547418967587035,0.3152950995790133,,,,,,
raw,1,131,2.1469650268554688,0.3125,0.25,0.2777777777777778,0.31372012365422075,0.3649530703726236,0.33740281293844154,,,,,,1.1470055106870887,0.28374325134973005,0.3547418967587035,0.3152950995790133,,,,,,
raw,1,132,1.746258020401001,0.3125,0.375,0.3409090909090909,0.31368351994459415,0.36525447826144486,0.3375103786187148,,,,,,1.1467182818181976,0.28374325134973005,0.3547418967587035,0.3152950995790133,,,,,,
raw,1,133,2.306194305419922,0.1875,0.4375,0.2625,0.3098980143462563,0.3674218439136015,0.3362172198783544,,,,,,1.1462790045113245,0.28374325134973005,0.3547418967587035,0.3152950995790133,,,,,,
raw,1,134,2.21510648727417,0.3125,0.4375,0.3645833333333333,0.3099760739158686,0.36952418859619346,0.33714087695723804,,,,,,1.1459401671642415,0.28374325134973005,0.3547418967587035,0.3152950995790133,,,,,,
raw,1,135,2.0730419158935547,0.375,0.375,0.375,0.31192679169839255,0.3696884629383077,0.3383601977444578,,,,,,1.145526516296323,0.28374325134973005,0.3547418967587035,0.3152950995790133,,,,,,
raw,1,136,2.81719970703125,0.3125,0.4375,0.3645833333333333,0.31194398794744077,0.3717228090501585,0.33921991231801374,,,,,,1.1453166323529278,0.28374325134973005,0.3547418967587035,0.3152950995790133,,,,,,
raw,1,137,1.8714003562927246,0.3125,0.3125,0.3125,0.3119606683090176,0.36994612477865374,0.3384880206331723,,,,,,1.1450762868613298,0.28374325134973005,0.3547418967587035,0.3152950995790133,,,,,,
raw,1,138,2.362396240234375,0.3125,0.3125,0.3125,0.3119768482597471,0.3682227410352941,0.3377743004073689,,,,,,1.1446719876811309,0.28374325134973005,0.3547418967587035,0.3152950995790133,,,,,,
raw,1,139,2.5691099166870117,0.3125,0.4375,0.3645833333333333,0.3119925428119547,0.3703010588042353,0.33865529053365556,,,,,,1.1443721151079693,0.28374325134973005,0.3547418967587035,0.3152950995790133,,,,,,
raw,1,140,2.4098358154296875,0.3125,0.375,0.3409090909090909,0.3120077665275961,0.3704420270401082,0.3387232015428048,,,,,,1.1441233021428552,0.28374325134973005,0.3547418967587035,0.3152950995790133,,,,,,
raw,1,141,2.3715782165527344,0.375,0.3125,0.3409090909090909,0.3138975335317682,0.368703766228905,0.33910044666983447,,,,,,1.1437804659574453,0.28374325134973005,0.3547418967587035,0.3152950995790133,,,,,,
raw,1,142,1.9655072689056396,0.375,0.375,0.375,0.31573060752581517,0.3688926532420378,0.3402475732106689,,,,,,1.1437998866197336,0.28374325134973005,0.3547418967587035,0.3152950995790133,,,,,,
raw,1,143,1.9692306518554688,0.3125,0.3125,0.3125,0.3156336893000407,0.36720087364477666,0.33947012278599425,,,,,,1.1434646916083815,0.28374325134973005,0.3547418967587035,0.3152950995790133,,,,,,
raw,1,144,2.3435254096984863,0.375,0.3125,0.3409090909090909,0.31741467862103945,0.36555984743543335,0.3397903056808296,,,,,,1.1427733770833584,0.28374325134973005,0.3547418967587035,0.3152950995790133,,,,,,
raw,1,145,2.6393046379089355,0.375,0.4375,0.40384615384615385,0.3191422382624083,0.36771805201237034,0.34171246709217357,,,,,,1.1422337965517915,0.28374325134973005,0.3547418967587035,0.3152950995790133,,,,,,
raw,1,146,2.551422119140625,0.3125,0.375,0.3409090909090909,0.31894297111453607,0.36793651045199927,0.3416924423406521,,,,,,1.1422725493150758,0.28374325134973005,0.3547418967587035,0.3152950995790133,,,,,,
raw,1,147,2.287515640258789,0.4375,0.375,0.40384615384615385,0.32249968198109996,0.3681484151384393,0.3438154605772929,,,,,,1.1419121605442317,0.28374325134973005,0.3547418967587035,0.3152950995790133,,,,,,
raw,1,148,2.3494949340820312,0.375,0.5,0.42857142857142855,0.324074691521667,0.37210396268428614,0.34643256064333594,,,,,,1.141695404729772,0.28374325134973005,0.3547418967587035,0.3152950995790133,,,,,,
raw,1,149,2.161667823791504,0.3125,0.375,0.3409090909090909,0.323727450776017,0.37219084380375755,0.34627166437554635,,,,,,1.1414025483222057,0.28374325134973005,0.3547418967587035,0.3152950995790133,,,,,,
raw,1,150,2.1788558959960938,0.375,0.3125,0.3409090909090909,0.32526562725273644,0.3704001184896448,0.3463687197835317,,,,,,1.1412646660000125,0.28374325134973005,0.3547418967587035,0.3152950995790133,,,,,,
raw,1,151,2.252063512802124,0.3125,0.3125,0.3125,0.32488265843515435,0.3686631149349555,0.34539105404694576,,,,,,1.1411618185431014,0.28374325134973005,0.3547418967587035,0.3152950995790133,,,,,,
raw,1,152,2.063488483428955,0.3125,0.3125,0.3125,0.3245111786820997,0.36697822148690684,0.34444066727926825,,,,,,1.1409820901316332,0.28374325134973005,0.3547418967587035,0.3152950995790133,,,,,,
raw,1,153,2.436962604522705,0.3125,0.4375,0.3645833333333333,0.32415084332163674,0.3690938748422996,0.345165531478855,,,,,,1.1409944281045932,0.28374325134973005,0.3547418967587035,0.3152950995790133,,,,,,
raw,1,154,2.3177261352539062,0.3125,0.375,0.3409090909090909,0.32380131802198764,0.3692710585970306,0.34504464328642837,,,,,,1.1407587376623316,0.28374325134973005,0.3547418967587035,0.3152950995790133,,,,,,
raw,1,155,2.3174476623535156,0.375,0.375,0.375,0.325337278481328,0.3694429268391196,0.34599015761129714,,,,,,1.1405986051613113,0.28374325134973005,0.3547418967587035,0.3152950995790133,,,,,,
raw,1,156,2.1961569786071777,0.375,0.4375,0.40384615384615385,0.32682716012688817,0.371484639033946,0.34772796264398637,,,,,,1.1403145621795072,0.28374325134973005,0.3547418967587035,0.3152950995790133,,,,,,
raw,1,157,2.232269287109375,0.375,0.5,0.42857142857142855,0.3282723453230816,0.37534009986292766,0.3502319372512796,,,,,,1.1400496936305893,0.28374325134973005,0.3547418967587035,0.3152950995790133,,,,,,
raw,1,158,1.9869275093078613,0.3125,0.3125,0.3125,0.3277991749633892,0.37345489686703986,0.3491408092918863,,,,,,1.1395324221519307,0.28374325134973005,0.3547418967587035,0.3152950995790133,,,,,,
raw,1,159,2.3549304008483887,0.25,0.375,0.3,0.3254651997144875,0.3735012499610286,0.3478326004591778,,,,,,1.139101750943418,0.28374325134973005,0.3547418967587035,0.3152950995790133,,,,,,
raw,1,160,2.027768135070801,0.25,0.375,0.3,0.32320124372305287,0.37354621246219777,0.3465548367175332,,,,,,1.1388280912499795,0.28374325134973005,0.3547418967587035,0.3152950995790133,,,,,,
raw,1,161,1.472945213317871,0.25,0.5,0.3333333333333333,0.32100520641136127,0.37733982608833183,0.34690029462124183,,,,,,1.1385673428572005,0.28374325134973005,0.3547418967587035,0.3152950995790133,,,,,,
raw,1,162,2.6086502075195312,0.4375,0.375,0.40384615384615385,0.3245000502190204,0.3772696313056819,0.3489008360658162,,,,,,1.1383921833333228,0.28374325134973005,0.3547418967587035,0.3152950995790133,,,,,,
raw,1,163,1.759732723236084,0.375,0.4375,0.40384615384615385,0.3260150487124498,0.37907654236651145,0.35054923073540206,,,,,,1.1382330638036722,0.28374325134973005,0.3547418967587035,0.3152950995790133,,,,,,
raw,1,164,2.0352935791015625,0.5,0.25,0.3333333333333333,0.3312345972510763,0.3752042460955161,0.35185105834099084,,,,,,1.1382622280487829,0.28374325134973005,0.3547418967587035,0.3152950995790133,,,,,,
raw,1,165,2.041208267211914,0.5,0.4375,0.4666666666666667,0.336297559333544,0.37707311871265065,0.3555199937868502,,,,,,1.138030214545451,0.28374325134973005,0.3547418967587035,0.3152950995790133,,,,,,
raw,1,166,2.231417417526245,0.5,0.375,0.42857142857142855,0.34120863255353767,0.3770109251512711,0.35821743044619425,,,,,,1.138063991566277,0.28374325134973005,0.3547418967587035,0.3152950995790133,,,,,,
raw,1,167,1.9648704528808594,0.375,0.4375,0.40384615384615385,0.3422223735769315,0.37882559739673294,0.35959492386545827,,,,,,1.1378659491018046,0.28374325134973005,0.3547418967587035,0.3152950995790133,,,,,,
raw,1,168,2.4915695190429688,0.3125,0.25,0.2777777777777778,0.3413307023696236,0.37496082947483095,0.3573562930617845,,,,,,1.1377848892857618,0.28374325134973005,0.3547418967587035,0.3152950995790133,,,,,,
raw,1,169,1.929804801940918,0.3125,0.4375,0.3645833333333333,0.3404657812985349,0.376837004590586,0.35772928173170593,,,,,,1.1376420100592042,0.28374325134973005,0.3547418967587035,0.3152950995790133,,,,,,
raw,1,170,2.4292526245117188,0.375,0.375,0.375,0.34150180785957884,0.37678189445286847,0.35827542156439046,,,,,,1.1375736417646882,0.28374325134973005,0.3547418967587035,0.3152950995790133,,,,,,
raw,1,171,2.387237548828125,0.375,0.375,0.375,0.34250675362379146,0.37672843761928243,0.358803450492276,,,,,,1.1374783502924508,0.28374325134973005,0.3547418967587035,0.3152950995790133,,,,,,
raw,1,172,2.210702419281006,0.3125,0.375,0.3409090909090909,0.34160655101507775,0.37667658449070396,0.3582854239934279,,,,,,1.137194944186059,0.28374325134973005,0.3547418967587035,0.3152950995790133,,,,,,
raw,1,173,2.246978759765625,0.1875,0.3125,0.234375,0.3369833544846254,0.37475128695598287,0.35486525011694425,,,,,,1.137125040462454,0.28374325134973005,0.3547418967587035,0.3152950995790133,,,,,,
raw,1,174,2.3876352310180664,0.3125,0.3125,0.3125,0.3362488538500867,0.37288374834730337,0.3536199932497375,,,,,,1.1368911224138059,0.28374325134973005,0.3547418967587035,0.3152950995790133,,,,,,
raw,1,175,2.20233154296875,0.375,0.375,0.375,0.33741138823458405,0.3729472358968843,0.35429046773684175,,,,,,1.1367577085714689,0.28374325134973005,0.3547418967587035,0.3152950995790133,,,,,,
raw,1,176,2.4077157974243164,0.4375,0.4375,0.4375,0.34041404658754654,0.37488381881997773,0.35681839394835935,,,,,,1.13675611988641,0.28374325134973005,0.3547418967587035,0.3152950995790133,,,,,,
raw,1,177,2.3727645874023438,0.375,0.4375,0.40384615384615385,0.3414516251899201,0.3767623042553784,0.3582389475449354,,,,,,1.136677238983079,0.28374325134973005,0.3547418967587035,0.3152950995790133,,,,,,
raw,1,178,2.0897750854492188,0.3125,0.4375,0.3645833333333333,0.34058307643422253,0.378584435127717,0.358579745422232,,,,,,1.1362396151685317,0.28374325134973005,0.3547418967587035,0.3152950995790133,,,,,,
raw,1,179,2.1508946418762207,0.5,0.375,0.42857142857142855,0.34536558414119584,0.3784769020738855,0.361163924080184,,,,,,1.1361681385475175,0.28374325134973005,0.3547418967587035,0.3152950995790133,,,,,,
raw,1,180,2.0211195945739746,0.3125,0.375,0.3409090909090909,0.34437961661696,0.378372595011669,0.3605767152614034,,,,,,1.135989496666702,0.28374325134973005,0.3547418967587035,0.3152950995790133,,,,,,
raw,1,181,2.129131317138672,0.25,0.3125,0.2777777777777778,0.3415482281184512,0.37639641716131894,0.3581265775761453,,,,,,1.1358622419889868,0.28374325134973005,0.3547418967587035,0.3152950995790133,,,,,,
raw,1,182,1.9421539306640625,0.3125,0.5,0.38461538461538464,0.3406767812748977,0.38010452464647937,0.3593122766663782,,,,,,1.1356211945055223,0.28374325134973005,0.3547418967587035,0.3152950995790133,,,,,,
raw,1,183,1.8756601810455322,0.3125,0.375,0.3409090909090909,0.3398314778366508,0.379951388907085,0.35877331335354806,,,,,,1.1353791420764825,0.28374325134973005,0.3547418967587035,0.3152950995790133,,,,,,
raw,1,184,1.856412649154663,0.3125,0.375,0.3409090909090909,0.3390115335015513,0.37980284723987245,0.3582497766342324,,,,,,1.135344017934783,0.28374325134973005,0.3547418967587035,0.3152950995790133,,,,,,
raw,1,185,2.3463592529296875,0.3125,0.375,0.3409090909090909,0.3382161874965047,0.3796587618226763,0.3577412447532474,,,,,,1.1352451778378816,0.28374325134973005,0.3547418967587035,0.3152950995790133,,,,,,
raw,1,186,1.888814926147461,0.3125,0.3125,0.3125,0.3374447018716096,0.37764399896799605,0.3564144322116517,,,,,,1.134962356989275,0.28374325134973005,0.3547418967587035,0.3152950995790133,,,,,,
raw,1,187,2.6392135620117188,0.375,0.3125,0.3409090909090909,0.33857136081546124,0.37568967899895617,0.35616604790889766,,,,,,1.1345646748663067,0.28374325134973005,0.3547418967587035,0.3152950995790133,,,,,,
raw,1,188,2.1642117500305176,0.375,0.375,0.375,0.3396642199909974,0.37566898862898745,0.35676049276012034,,,,,,1.1343339765957585,0.28374325134973005,0.3547418967587035,0.3152950995790133,,,,,,
raw,1,189,2.234489679336548,0.4375,0.375,0.40384615384615385,0.34259929339126743,0.3756489189701179,0.35836372994020665,,,,,,1.134339569841306,0.28374325134973005,0.3547418967587035,0.3152950995790133,,,,,,
raw,1,190,2.3426976203918457,0.3125,0.4375,0.3645833333333333,0.3416963145895294,0.37750445140101435,0.35870896107072486,,,,,,1.1342476010526297,0.28374325134973005,0.3547418967587035,0.3152950995790133,,,,,,
raw,1,191,2.092113494873047,0.375,0.3125,0.3409090909090909,0.3426954251518436,0.3755543178589839,0.35837324796468456,,,,,,1.1340337979058122,0.28374325134973005,0.3547418967587035,0.3152950995790133,,,,,,
raw,1,192,2.316375732421875,0.3125,0.4375,0.3645833333333333,0.3417895623972883,0.3774126883232144,0.35871889292878784,,,,,,1.1338090343750384,0.28374325134973005,0.3547418967587035,0.3152950995790133,,,,,,
raw,1,193,2.0712814331054688,0.375,0.3125,0.3409090909090909,0.34278587552536965,0.375465307673518,0.3583821571920203,,,,,,1.1334939839378262,0.28374325134973005,0.3547418967587035,0.3152950995790133,,,,,,
raw,1,194,2.3272602558135986,0.375,0.375,0.375,0.3437522992596086,0.3754513484433124,0.35890325278444757,,,,,,1.1334306381443442,0.28374325134973005,0.3547418967587035,0.3152950995790133,,,,,,
raw,1,195,2.358163833618164,0.25,0.4375,0.3181818181818182,0.34093973028182034,0.37731280799001304,0.35820528333254625,,,,,,1.133455041538512,0.28374325134973005,0.3547418967587035,0.3152950995790133,,,,,,
raw,1,196,2.398928642272949,0.25,0.4375,0.3181818181818182,0.3382115383733657,0.3791184237503126,0.35749859086513763,,,,,,1.133355375000009,0.28374325134973005,0.3547418967587035,0.3152950995790133,,,,,,
raw,1,197,2.536879539489746,0.25,0.375,0.3,0.33556519222216474,0.37899487103780327,0.3559602426444195,,,,,,1.1332602005076375,0.28374325134973005,0.3547418967587035,0.3152950995790133,,,,,,
raw,1,198,1.8473267555236816,0.3125,0.4375,0.3645833333333333,0.3348732364554998,0.38075002490666915,0.3563411085277191,,,,,,1.1330374555555414,0.28374325134973005,0.3547418967587035,0.3152950995790133,,,,,,
raw,1,199,2.058988094329834,0.3125,0.375,0.3409090909090909,0.33420203936183485,0.3805775241594691,0.3558853420004968,,,,,,1.132843564321587,0.28374325134973005,0.3547418967587035,0.3152950995790133,,,,,,
raw,1,200,2.407644271850586,0.3125,0.5,0.38461538461538464,0.33355097818097984,0.384160198434685,0.35707124018971775,,,,,,1.481935402500021,0.28374325134973005,0.3547418967587035,0.3152950995790133,,,,0.3473305338932214,0.3745498199279712,0.36042701047773823
raw,1,201,2.51798152923584,0.375,0.3125,0.3409090909090909,0.33479444883555043,0.3820103924816445,0.3568473632664804,,,,,,1.4800560169154489,0.28374325134973005,0.3547418967587035,0.3152950995790133,,,,,,
raw,1,202,2.2788736820220947,0.4375,0.375,0.40384615384615385,0.3378756153704839,0.3818000807071952,0.35849741187736345,,,,,,1.478045502970327,0.28374325134973005,0.3547418967587035,0.3152950995790133,,,,,,
raw,1,203,1.9585154056549072,0.3125,0.3125,0.3125,0.33711434690936937,0.37972107828597934,0.35715149897681164,,,,,,1.4762789226601472,0.28374325134973005,0.3547418967587035,0.3152950995790133,,,,,,
raw,1,204,2.327970027923584,0.3125,0.3125,0.3125,0.3363759165020883,0.3777044459374,0.35584420424353225,,,,,,1.4744071808823969,0.28374325134973005,0.3547418967587035,0.3152950995790133,,,,,,
raw,1,205,2.665721893310547,0.3125,0.375,0.3409090909090909,0.33565963900702567,0.37762331255927795,0.3554070779231349,,,,,,1.472574661951228,0.28374325134973005,0.3547418967587035,0.3152950995790133,,,,,,
raw,1,206,1.8343334197998047,0.375,0.3125,0.3409090909090909,0.3368398498368149,0.37566961318249964,0.3551966750207704,,,,,,1.4708785825242707,0.28374325134973005,0.3547418967587035,0.3152950995790133,,,,,,
raw,1,207,2.2084503173828125,0.3125,0.3125,0.3125,0.3361096543417105,0.37377452478702466,0.3539428825758392,,,,,,1.4692065772947187,0.28374325134973005,0.3547418967587035,0.3152950995790133,,,,,,
raw,1,208,1.9098639488220215,0.4375,0.4375,0.4375,0.3391513647114591,0.3756862890434139,0.3564851878274156,,,,,,1.4676141990385076,0.28374325134973005,0.3547418967587035,0.3152950995790133,,,,,,
raw,1,209,2.0269298553466797,0.3125,0.375,0.3409090909090909,0.33835182377011536,0.37566570037211144,0.35603376822292904,,,,,,1.4659950392344843,0.28374325134973005,0.3547418967587035,0.3152950995790133,,,,,,
raw,1,210,1.9704084396362305,0.6666666865348816,0.5,0.5714285787270993,0.34820126965305837,0.3793957293609481,0.36312979532200396,,,,,,1.4616003776190891,0.28374325134973005,0.3547418967587035,0.3152950995790133,,,,,,
raw,1,211,1.9265613555908203,0.3125,0.375,0.3409090909090909,0.3471302315634666,0.3792638574801197,0.362486294028276,,,,,,1.4598809184834265,0.28374325134973005,0.3547418967587035,0.3152950995790133,,,,,,
raw,1,212,1.668652057647705,0.375,0.375,0.375,0.34796632461656263,0.3791359417557161,0.3628830393859036,,,,,,1.458022697169824,0.28374325134973005,0.3547418967587035,0.3152950995790133,,,,,,
raw,1,213,2.40728759765625,0.3125,0.3125,0.3125,0.34690233487806577,0.3771368635030446,0.361388330384102,,,,,,1.456280573708934,0.28374325134973005,0.3547418967587035,0.3152950995790133,,,,,,
raw,1,214,2.207427978515625,0.375,0.375,0.375,0.34774526483172374,0.3770727575979532,0.3618156886115524,,,,,,1.454534555607471,0.28374325134973005,0.3547418967587035,0.3152950995790133,,,,,,
raw,1,215,2.2745933532714844,0.4375,0.4375,0.4375,0.350437906886772,0.3788855748700146,0.36410693232366564,,,,,,1.4529452125581799,0.28374325134973005,0.3547418967587035,0.3152950995790133,,,,,,
raw,1,216,2.0980472564697266,0.3125,0.375,0.3409090909090909,0.34929976968016885,0.3787690076239142,0.36343799170984553,,,,,,1.4511567907407477,0.28374325134973005,0.3547418967587035,0.3152950995790133,,,,,,
raw,1,217,2.3989410400390625,0.4375,0.375,0.40384615384615385,0.3519457765897638,0.37865593739519676,0.3648126069127201,,,,,,1.4495165198156852,0.28374325134973005,0.3547418967587035,0.3152950995790133,,,,,,
raw,1,218,2.1393508911132812,0.3125,0.4375,0.3645833333333333,0.35076240329207087,0.38042125927334086,0.3649903081749333,,,,,,1.4478450903670068,0.28374325134973005,0.3547418967587035,0.3152950995790133,,,,,,
raw,1,219,2.2736268043518066,0.3125,0.375,0.3409090909090909,0.34961453119330876,0.38025862149514067,0.36429327259550626,,,,,,1.4462976100456957,0.28374325134973005,0.3547418967587035,0.3152950995790133,,,,,,
raw,1,220,1.9316444396972656,0.3125,0.375,0.3409090909090909,0.3485010952575095,0.38010086285028644,0.36361573157356536,,,,,,1.444608546818199,0.28374325134973005,0.3547418967587035,0.3152950995790133,,,,,,
raw,1,221,1.6485769748687744,0.3125,0.375,0.3409090909090909,0.3474210623997842,0.37994783696477785,0.36295717699814084,,,,,,1.4430033348416313,0.28374325134973005,0.3547418967587035,0.3152950995790133,,,,,,
raw,1,222,2.0375518798828125,0.375,0.375,0.375,0.34824843052779064,0.3797994018558345,0.3633402634512475,,,,,,1.441660674324331,0.28374325134973005,0.3547418967587035,0.3152950995790133,,,,,,
raw,1,223,1.9971370697021484,0.3125,0.375,0.3409090909090909,0.34717597761195695,0.3796554198001595,0.36269000484596026,,,,,,1.440118404484308,0.28374325134973005,0.3547418967587035,0.3152950995790133,,,,,,
raw,1,224,2.1089935302734375,0.3125,0.375,0.3409090909090909,0.34613569828359825,0.3795157572061547,0.3620579842743412,,,,,,1.4385930772321314,0.28374325134973005,0.3547418967587035,0.3152950995790133,,,,,,
raw,1,225,2.024714946746826,0.3125,0.375,0.3409090909090909,0.3451266273350903,0.3793802844899701,0.36144372379725714,,,,,,1.436990934666699,0.28374325134973005,0.3547418967587035,0.3152950995790133,,,,,,
raw,1,226,2.29833984375,0.3125,0.375,0.3409090909090909,0.3441478285150376,0.379248875955271,0.36084675619954354,,,,,,1.4354705530973677,0.28374325134973005,0.3547418967587035,0.3152950995790133,,,,,,
raw,1,227,2.5957565307617188,0.375,0.375,0.375,0.34507339365958645,0.3791214096766129,0.36129701799415226,,,,,,1.4341466185022176,0.28374325134973005,0.3547418967587035,0.3152950995790133,,,,,,
raw,1,228,2.3646106719970703,0.3125,0.3125,0.3125,0.3440961918497989,0.3771227673863145,0.35985329130818167,,,,,,1.4325148175438491,0.28374325134973005,0.3547418967587035,0.3152950995790133,,,,,,
raw,1,229,2.3241472244262695,0.3125,0.375,0.3409090909090909,0.34314830609430497,0.377059084364725,0.3593053551276641,,,,,,1.4311554528384314,0.28374325134973005,0.3547418967587035,0.3152950995790133,,,,,,
raw,1,230,2.078216552734375,0.375,0.375,0.375,0.3441038569114758,0.37699731183378327,0.35980035720366754,,,,,,1.429671686086943,0.28374325134973005,0.3547418967587035,0.3152950995790133,,,,,,
raw,1,231,1.909738540649414,0.3125,0.375,0.3409090909090909,0.34315574120413156,0.3769373924787698,0.359254169365721,,,,,,1.4281937961038997,0.28374325134973005,0.3547418967587035,0.3152950995790133,,,,,,
raw,1,232,2.4718017578125,0.1875,0.375,0.25,0.3384860689680076,0.37687927070440674,0.3566524005054014,,,,,,1.4265867931034304,0.28374325134973005,0.3547418967587035,0.3152950995790133,,,,,,
raw,1,233,2.2116241455078125,0.4375,0.4375,0.4375,0.34145648689896735,0.3786978925832745,0.35911425572526434,,,,,,1.4251315351931604,0.28374325134973005,0.3547418967587035,0.3152950995790133,,,,,,
raw,1,234,2.3517744541168213,0.3125,0.3125,0.3125,0.3405877922919983,0.3767119558057763,0.35774024373531843,,,,,,1.4237837264957687,0.28374325134973005,0.3547418967587035,0.3152950995790133,,,,,,
raw,1,235,2.003044843673706,0.4375,0.375,0.40384615384615385,0.34349515852323836,0.37666059713160305,0.3593141914238558,,,,,,1.42244364425535,0.28374325134973005,0.3547418967587035,0.3152950995790133,,,,,,
raw,1,236,2.435302734375,0.3125,0.375,0.3409090909090909,0.34256530376754124,0.37661077921765496,0.3587821926705592,,,,,,1.421283602542382,0.28374325134973005,0.3547418967587035,0.3152950995790133,,,,,,
raw,1,237,2.0900707244873047,0.3125,0.375,0.3409090909090909,0.34166334465451503,0.37656245584112535,0.35826501371911645,,,,,,1.4200676632911224,0.28374325134973005,0.3547418967587035,0.3152950995790133,,,,,,
raw,1,238,1.9650306701660156,0.3125,0.4375,0.3645833333333333,0.3407884443148796,0.37839058216589155,0.3586065029474649,,,,,,1.4187612525209934,0.28374325134973005,0.3547418967587035,0.3152950995790133,,,,,,
raw,1,239,1.7438465356826782,0.3125,0.375,0.3409090909090909,0.3399397909854332,0.37828886470091483,0.3580905233463804,,,,,,1.4174441899581878,0.28374325134973005,0.3547418967587035,0.3152950995790133,,,,,,
raw,1,240,2.276782989501953,0.375,0.375,0.375,0.34099159725587025,0.37819019875988735,0.3586288770268692,,,,,,1.416115937916705,0.28374325134973005,0.3547418967587035,0.3152950995790133,,,,,,
raw,1,241,2.0675125122070312,0.3125,0.375,0.3409090909090909,0.34013684933819416,0.37809449279709073,0.3581126636712587,,,,,,1.414791343153524,0.28374325134973005,0.3547418967587035,0.3152950995790133,,,,,,
raw,1,242,2.5893287658691406,0.375,0.4375,0.40384615384615385,0.34118274385804837,0.379876658013178,0.359491493134176,,,,,,1.4134407136363794,0.28374325134973005,0.3547418967587035,0.3152950995790133,,,,,,
raw,1,243,2.0875535011291504,0.4375,0.4375,0.4375,0.3440722615423069,0.38160535827278264,0.36186817686629275,,,,,,1.4120994930041435,0.28374325134973005,0.3547418967587035,0.3152950995790133,,,,,,
raw,1,244,1.8467416763305664,0.25,0.375,0.3,0.3412500936960377,0.3814071975245992,0.36021290720465315,,,,,,1.4108753651639372,0.28374325134973005,0.3547418967587035,0.3152950995790133,,,,,,
raw,1,245,2.0420689582824707,0.375,0.375,0.375,0.34226259088515654,0.38121498159886125,0.3606901782408627,,,,,,1.4098314922449073,0.28374325134973005,0.3547418967587035,0.3152950995790133,,,,,,
raw,1,246,2.275726318359375,0.375,0.5,0.42857142857142855,0.34324471315860183,0.3847785321508954,0.36282686781951584,,,,,,1.4085630682926806,0.28374325134973005,0.3547418967587035,0.3152950995790133,,,,,,
raw,1,247,2.0245742797851562,0.3125,0.4375,0.3645833333333333,0.3423223717638438,0.38636017618636853,0.36301056540810955,,,,,,1.4072673206477637,0.28374325134973005,0.3547418967587035,0.3152950995790133,,,,,,
raw,1,248,2.2997570037841797,0.375,0.375,0.375,0.3433027006109285,0.3860193709007774,0.3634100699672615,,,,,,1.4060150221774224,0.28374325134973005,0.3547418967587035,0.3152950995790133,,,,,,
raw,1,249,2.0524559020996094,0.375,0.375,0.375,0.3442536195926006,0.3856887897737541,0.3637951712688211,,,,,,1.4048081164658663,0.28374325134973005,0.3547418967587035,0.3152950995790133,,,,,,
raw,1,250,1.9883604049682617,0.375,0.4375,0.40384615384615385,0.34517601100482254,0.38724312608054146,0.3650014883047488,,,,,,1.4035489987999898,0.28374325134973005,0.3547418967587035,0.3152950995790133,,,,,,
raw,1,251,2.4559097290039062,0.4375,0.3125,0.3645833333333333,0.3479457306746778,0.3850008322981252,0.3655365961769331,,,,,,1.402419247808755,0.28374325134973005,0.3547418967587035,0.3152950995790133,,,,,,
raw,1,252,2.0509605407714844,0.25,0.375,0.3,0.3450073587544375,0.38470080732918144,0.3637744940136285,,,,,,1.4011846146825677,0.28374325134973005,0.3547418967587035,0.3152950995790133,,,,,,
raw,1,253,1.9076447486877441,0.4375,0.4375,0.4375,0.34778213799180435,0.386284783109306,0.3660237067812254,,,,,,1.4000643545454792,0.28374325134973005,0.3547418967587035,0.3152950995790133,,,,,,
raw,1,254,2.0238571166992188,0.3125,0.4375,0.3645833333333333,0.3467236738520502,0.38782123961602677,0.36612275854625176,,,,,,1.3989235948819134,0.28374325134973005,0.3547418967587035,0.3152950995790133,,,,,,
raw,1,255,2.0983428955078125,0.25,0.4375,0.3181818181818182,0.3438219636364887,0.389311602427546,0.36515550728832824,,,,,,1.397761002745121,0.28374325134973005,0.3547418967587035,0.3152950995790133,,,,,,
raw,1,256,2.1766693592071533,0.375,0.3125,0.3409090909090909,0.3447573047273941,0.3870072543547196,0.3646625851589248,,,,,,1.396561825781248,0.28374325134973005,0.3547418967587035,0.3152950995790133,,,,,,
raw,1,257,2.1631507873535156,0.375,0.3125,0.3409090909090909,0.3456645855855722,0.38477203672407806,0.36417140805068265,,,,,,1.3953167116731506,0.28374325134973005,0.3547418967587035,0.3152950995790133,,,,,,
raw,1,258,2.352947235107422,0.3125,0.4375,0.3645833333333333,0.3446696480180051,0.3863538756223557,0.364323308388259,,,,,,1.3941028503876052,0.28374325134973005,0.3547418967587035,0.3152950995790133,,,,,,
raw,1,259,2.1622543334960938,0.4375,0.25,0.3181818181818182,0.34745455857746493,0.382263259353685,0.3640286937646062,,,,,,1.3930254274131177,0.28374325134973005,0.3547418967587035,0.3152950995790133,,,,,,
raw,1,260,2.2847824096679688,0.375,0.4375,0.40384615384615385,0.34828092182014103,0.3839203615730744,0.36523327797114646,,,,,,1.3918174061538593,0.28374325134973005,0.3547418967587035,0.3152950995790133,,,,,,
raw,1,261,2.1747031211853027,0.4375,0.375,0.40384615384615385,0.3509574941655368,0.38365275072588223,0.3665775394797894,,,,,,1.3907632678161197,0.28374325134973005,0.3547418967587035,0.3152950995790133,,,,,,
raw,1,262,2.0931854248046875,0.25,0.375,0.3,0.34792876934057065,0.38339316820410574,0.36480107142605145,,,,,,1.3897125568702544,0.28374325134973005,0.3547418967587035,0.3152950995790133,,,,,,
raw,1,263,2.130293846130371,0.4375,0.375,0.40384615384615385,0.35061590626035355,0.3831413731579826,0.3661577569141467,,,,,,1.3885961882129334,0.28374325134973005,0.3547418967587035,0.3152950995790133,,,,,,
raw,1,264,1.7172348499298096,0.4375,0.375,0.40384615384615385,0.3532224290725429,0.38289713196324315,0.36746165214428195,,,,,,1.3875569325757555,0.28374325134973005,0.3547418967587035,0.3152950995790133,,,,,,
raw,1,265,2.2219152450561523,0.25,0.375,0.3,0.3501257562003666,0.3826602180043459,0.36567074947627226,,,,,,1.3864497358490655,0.28374325134973005,0.3547418967587035,0.3152950995790133,,,,,,
raw,1,266,1.7855809926986694,0.4375,0.375,0.40384615384615385,0.3527469835143556,0.3824304114642155,0.366989450354599,,,,,,1.3853350112781881,0.28374325134973005,0.3547418967587035,0.3152950995790133,,,,,,
raw,1,267,1.8323783874511719,0.4375,0.375,0.40384615384615385,0.35528957400892497,0.38220749912028906,0.3682572975355309,,,,,,1.384272475655451,0.28374325134973005,0.3547418967587035,0.3152950995790133,,,,,,
raw,1,268,1.7877764701843262,0.3125,0.4375,0.3645833333333333,0.35400588678865724,0.3838662741466804,0.3683318818135003,,,,,,1.3833266250000105,0.28374325134973005,0.3547418967587035,0.3152950995790133,,,,,,
raw,1,269,2.312957286834717,0.375,0.375,0.375,0.3546357101849975,0.38360028592228,0.3685497877170631,,,,,,1.3821411873606144,0.28374325134973005,0.3547418967587035,0.3152950995790133,,,,,,
raw,1,270,1.946843147277832,0.3125,0.4375,0.3645833333333333,0.3533716388794476,0.3852172773446116,0.3686079160674789,,,,,,1.381122690000026,0.28374325134973005,0.3547418967587035,0.3152950995790133,,,,,,
raw,1,271,1.9508213996887207,0.3125,0.4375,0.3645833333333333,0.3521454897130642,0.3867857590242732,0.36865367585518827,,,,,,1.380050639114422,0.28374325134973005,0.3547418967587035,0.3152950995790133,,,,,,
raw,1,272,2.1013269424438477,0.375,0.3125,0.3409090909090909,0.35283112502167224,0.384557186253545,0.3680116502697463,,,,,,1.3790265128676338,0.28374325134973005,0.3547418967587035,0.3152950995790133,,,,,,
raw,1,273,2.194652557373047,0.3125,0.3125,0.3125,0.3516211912710221,0.38239547066593865,0.36636321191234256,,,,,,1.3779946201465574,0.28374325134973005,0.3547418967587035,0.3152950995790133,,,,,,
raw,1,274,1.9193859100341797,0.375,0.4375,0.40384615384615385,0.3523225555328914,0.38404860654596046,0.36750213336743787,,,,,,1.3769230967153132,0.28374325134973005,0.3547418967587035,0.3152950995790133,,,,,,
raw,1,275,2.204130172729492,0.375,0.4375,0.40384615384615385,0.3530028788669046,0.3856521483495816,0.3686059489004461,,,,,,1.3760174665454543,0.28374325134973005,0.3547418967587035,0.3152950995790133,,,,,,
raw,1,276,1.7149773836135864,0.3125,0.375,0.3409090909090909,0.3517877925008975,0.3853325838990942,0.367796911898068,,,,,,1.375075563043472,0.28374325134973005,0.3547418967587035,0.3152950995790133,,,,,,
raw,1,277,2.359100341796875,0.375,0.375,0.375,0.3524841587258706,0.3850226063821214,0.3680355921377118,,,,,,1.3741880642599635,0.28374325134973005,0.3547418967587035,0.3152950995790133,,,,,,
raw,1,278,2.093020439147949,0.3125,0.4375,0.3645833333333333,0.3512846339640945,0.3865969281906577,0.3680958228974332,,,,,,1.3732246431654922,0.28374325134973005,0.3547418967587035,0.3152950995790133,,,,,,
raw,1,279,1.8935250043869019,0.3125,0.4375,0.3645833333333333,0.3501210949451717,0.388124020344938,0.36814441210163823,,,,,,1.3721614225806567,0.28374325134973005,0.3547418967587035,0.3152950995790133,,,,,,
raw,1,280,1.91007399559021,0.3125,0.4375,0.3645833333333333,0.34899246209681656,0.38960529973458985,0.3681823038921672,,,,,,1.3710970667857119,0.28374325134973005,0.3547418967587035,0.3152950995790133,,,,,,
raw,1,281,1.8523666858673096,0.375,0.375,0.375,0.34977268823391205,0.3891671407425522,0.3684198135005745,,,,,,1.3701651266903834,0.28374325134973005,0.3547418967587035,0.3152950995790133,,,,,,
raw,1,282,2.060455322265625,0.5,0.3125,0.38461538461538464,0.3542795075868947,0.38686712652027566,0.3698568914106174,,,,,,1.3691045276595981,0.28374325134973005,0.3547418967587035,0.3152950995790133,,,,,,
raw,1,283,2.170962333679199,0.3125,0.375,0.3409090909090909,0.3530261223592879,0.3865111127246674,0.3690105457867115,,,,,,1.368057625441717,0.28374325134973005,0.3547418967587035,0.3152950995790133,,,,,,
raw,1,284,2.1168484687805176,0.5,0.375,0.42857142857142855,0.35743533868850924,0.3861657793429274,0.37124553146117256,,,,,,1.3671366978873472,0.28374325134973005,0.3547418967587035,0.3152950995790133,,,,,,
raw,1,285,2.485015869140625,0.375,0.375,0.375,0.357962278527854,0.3858308059626395,0.37137445160096805,,,,,,1.3660976396491158,0.28374325134973005,0.3547418967587035,0.3152950995790133,,,,,,
raw,1,286,2.1324195861816406,0.25,0.375,0.3,0.35472341017201836,0.38550588178376033,0.3694746006778553,,,,,,1.3652428867132769,0.28374325134973005,0.3547418967587035,0.3152950995790133,,,,,,
raw,1,287,2.1771974563598633,0.375,0.375,0.375,0.35533170786685786,0.3851907053302476,0.3696592263521551,,,,,,1.3642248606271976,0.28374325134973005,0.3547418967587035,0.3152950995790133,,,,,,
raw,1,288,2.41650390625,0.3125,0.375,0.3409090909090909,0.3540467566308521,0.3848849841703401,0.3688223764042859,,,,,,1.363373108680561,0.28374325134973005,0.3547418967587035,0.3152950995790133,,,,,,
raw,1,289,1.9312820434570312,0.375,0.375,0.375,0.3546753539319265,0.38458843464522996,0.3690267027374793,,,,,,1.3624252778546748,0.28374325134973005,0.3547418967587035,0.3152950995790133,,,,,,
raw,1,290,1.815373420715332,0.375,0.3125,0.3409090909090909,0.35528509331396874,0.3824257816058731,0.36835617888450795,,,,,,1.361573185862076,0.28374325134973005,0.3547418967587035,0.3152950995790133,,,,,,
raw,1,291,1.6544746160507202,0.3125,0.375,0.3409090909090909,0.3540015405145497,0.3822030081576969,0.3675621236547251,,,,,,1.360577127491396,0.28374325134973005,0.3547418967587035,0.3152950995790133,,,,,,
raw,1,292,1.7794711589813232,0.375,0.375,0.375,0.3546314942991132,0.381986917912966,0.367801263873883,,,,,,1.3597387647260142,0.28374325134973005,0.3547418967587035,0.3152950995790133,,,,,,
raw,1,293,1.996917724609375,0.375,0.375,0.375,0.3552425494701398,0.38177731037557705,0.368032267396603,,,,,,1.3588343569966161,0.28374325134973005,0.3547418967587035,0.3152950995790133,,,,,,
raw,1,294,2.249298095703125,0.375,0.375,0.375,0.35583527298603557,0.3815739910643098,0.36825543668643085,,,,,,1.3580404289115693,0.28374325134973005,0.3547418967587035,0.3152950995790133,,,,,,
raw,1,295,1.9417362213134766,0.4375,0.375,0.40384615384615385,0.3582852147964545,0.38137677133238046,0.36947054464794377,,,,,,1.3571850498305078,0.28374325134973005,0.3547418967587035,0.3152950995790133,,,,,,
raw,1,296,2.232940673828125,0.3125,0.375,0.3409090909090909,0.35691165835256083,0.38118546819240906,0.3686494167218818,,,,,,1.356447602702689,0.28374325134973005,0.3547418967587035,0.3152950995790133,,,,,,
raw,1,297,1.9770288467407227,0.3125,0.4375,0.3645833333333333,0.355579308601984,0.3828749041466368,0.3687226407464659,,,,,,1.3556493218855499,0.28374325134973005,0.3547418967587035,0.3152950995790133,,,,,,
raw,1,298,2.1291556358337402,0.3125,0.375,0.3409090909090909,0.3542869293439245,0.38263865702223765,0.3679174053737712,,,,,,1.3548204664429733,0.28374325134973005,0.3547418967587035,0.3152950995790133,,,,,,
raw,1,299,1.7996406555175781,0.375,0.375,0.375,0.35490832146360674,0.3824094973115705,0.36814602698209015,,,,,,1.3540826240802857,0.28374325134973005,0.3547418967587035,0.3152950995790133,,,,,,
raw,1,300,2.266693115234375,0.375,0.4375,0.40384615384615385,0.35551107181969854,0.3840622123922234,0.36923553537631437,,,,,,1.3532489833333239,0.28374325134973005,0.3547418967587035,0.3152950995790133,,,,,,
raw,1,301,2.1567955017089844,0.375,0.375,0.375,0.35609573966510755,0.3837903460204567,0.36942472574234153,,,,,,1.3525616255813828,0.28374325134973005,0.3547418967587035,0.3152950995790133,,,,,,
raw,1,302,1.7403056621551514,0.3125,0.375,0.3409090909090909,0.35478786747515434,0.383526635639843,0.36859792569288463,,,,,,1.3517689456953512,0.28374325134973005,0.3547418967587035,0.3152950995790133,,,,,,
raw,1,303,1.8885364532470703,0.3125,0.25,0.2777777777777778,0.3535192314508997,0.3795208365706477,0.3660588835919242,,,,,,1.3508863900990318,0.28374325134973005,0.3547418967587035,0.3152950995790133,,,,,,
raw,1,304,1.914219856262207,0.3125,0.375,0.3409090909090909,0.35228865450737273,0.3793852114735283,0.365335190729617,,,,,,1.350211385855274,0.28374325134973005,0.3547418967587035,0.3152950995790133,,,,,,
raw,1,305,2.3321943283081055,0.3125,0.3125,0.3125,0.35109499487215157,0.3773786551293225,0.36376266179901173,,,,,,1.3493424950819748,0.28374325134973005,0.3547418967587035,0.3152950995790133,,,,,,
raw,1,306,2.079300880432129,0.375,0.3125,0.3409090909090909,0.351812145025987,0.3754322954754428,0.3632386411704333,,,,,,1.3484597202614703,0.28374325134973005,0.3547418967587035,0.3152950995790133,,,,,,
raw,1,307,2.129871368408203,0.375,0.375,0.375,0.3525077806752074,0.3754193266111795,0.36360298255584034,,,,,,1.3476762993485232,0.28374325134973005,0.3547418967587035,0.3152950995790133,,,,,,
raw,1,308,1.7308158874511719,0.4375,0.3125,0.3645833333333333,0.35505754725495114,0.3735317468128441,0.364060429998262,,,,,,1.3469596873376746,0.28374325134973005,0.3547418967587035,0.3152950995790133,,,,,,
raw,1,309,1.9631365537643433,0.4375,0.3125,0.3645833333333333,0.3575308208373026,0.3717007944084588,0.3644781365820142,,,,,,1.3462020831715134,0.28374325134973005,0.3547418967587035,0.3152950995790133,,,,,,
raw,1,310,1.951268196105957,0.3125,0.375,0.3409090909090909,0.35617989621218354,0.37179977057620506,0.3638222597061652,,,,,,1.3454155009677409,0.28374325134973005,0.3547418967587035,0.3152950995790133,,,,,,
raw,1,311,2.1422195434570312,0.5,0.375,0.42857142857142855,0.36049449932581806,0.3718957774589189,0.36610639530880446,,,,,,1.344595145337612,0.28374325134973005,0.3547418967587035,0.3152950995790133,,,,,,
raw,1,312,1.9569823741912842,0.3125,0.4375,0.3645833333333333,0.35905466434604355,0.3738639041351513,0.36630966763067463,,,,,,1.3438848407051223,0.28374325134973005,0.3547418967587035,0.3152950995790133,,,,,,
raw,1,313,2.0114498138427734,0.375,0.375,0.375,0.35953302441566226,0.3738979870110968,0.3665748298030667,,,,,,1.3431573249201143,0.28374325134973005,0.3547418967587035,0.3152950995790133,,,,,,
raw,1,314,2.2027435302734375,0.3125,0.375,0.3409090909090909,0.3581220336831924,0.3739310474007639,0.36585583918084713,,,,,,1.342349431210223,0.28374325134973005,0.3547418967587035,0.3152950995790133,,,,,,
raw,1,315,2.043276071548462,0.6666666865348816,0.5,0.5714285787270993,0.36737837326874306,0.37771311597874097,0.37247407093774293,,,,,,1.3398790288888869,0.28374325134973005,0.3547418967587035,0.3152950995790133,,,,,,
raw,1,316,1.9411406517028809,0.4375,0.375,0.40384615384615385,0.36948202207068076,0.3776317224993787,0.37351242281695324,,,,,,1.339029828481009,0.28374325134973005,0.3547418967587035,0.3152950995790133,,,,,,
raw,1,317,2.0919275283813477,0.3125,0.375,0.3409090909090909,0.36777256140856035,0.3775527708243973,0.3725984978317842,,,,,,1.3383139583596346,0.28374325134973005,0.3547418967587035,0.3152950995790133,,,,,,
raw,1,318,2.1149330139160156,0.375,0.375,0.375,0.3679893845663036,0.3774761876996654,0.37267242155208397,,,,,,1.3375096380503397,0.28374325134973005,0.3547418967587035,0.3152950995790133,,,,,,
raw,1,319,1.6755708456039429,0.4375,0.4375,0.4375,0.37007470302931444,0.3792769020686754,0.37461930005631733,,,,,,1.3368801050156638,0.28374325134973005,0.3547418967587035,0.3152950995790133,,,,,,
raw,1,320,2.3527660369873047,0.3125,0.4375,0.3645833333333333,0.36834746193843504,0.38102359500661515,0.3745783156651495,,,,,,1.3361698093749965,0.28374325134973005,0.3547418967587035,0.3152950995790133,,,,,,
raw,1,321,1.7676610946655273,0.375,0.4375,0.40384615384615385,0.368547038080282,0.3827178871564167,0.37549881271883134,,,,,,1.3356204302180914,0.28374325134973005,0.3547418967587035,0.3152950995790133,,,,,,
raw,1,322,2.1348085403442383,0.375,0.4375,0.40384615384615385,0.3687406269378736,0.38436135054172416,0.3763889874350589,,,,,,1.334924442857142,0.28374325134973005,0.3547418967587035,0.3152950995790133,,,,,,
raw,1,323,2.1362504959106445,0.3125,0.375,0.3409090909090909,0.36705340812973736,0.3840805100254724,0.37537396939097234,,,,,,1.3341314993808104,0.28374325134973005,0.3547418967587035,0.3152950995790133,,,,,,
raw,1,324,2.3469467163085938,0.375,0.4375,0.40384615384615385,0.3672918058858452,0.3856830947247082,0.3762628481937852,,,,,,1.3334409944444714,0.28374325134973005,0.3547418967587035,0.3152950995790133,,,,,,
raw,1,325,2.283252716064453,0.375,0.3125,0.3409090909090909,0.3675230517092698,0.38348760188296693,0.3753356442083751,,,,,,1.3327239040000132,0.28374325134973005,0.3547418967587035,0.3152950995790133,,,,,,
raw,1,326,1.8549892902374268,0.3125,0.3125,0.3125,0.36587236015799174,0.38135797382647796,0.3734547049367058,,,,,,1.3319716819018688,0.28374325134973005,0.3547418967587035,0.3152950995790133,,,,,,
raw,1,327,2.048318386077881,0.4375,0.375,0.40384615384615385,0.36802118935325195,0.38116723461168367,0.37447887483869424,,,,,,1.3313208929663478,0.28374325134973005,0.3547418967587035,0.3152950995790133,,,,,,
raw,1,328,2.202911376953125,0.3125,0.3125,0.3125,0.36635555367265443,0.37910721757333316,0.3726223225426443,,,,,,1.3306258274390463,0.28374325134973005,0.3547418967587035,0.3152950995790133,,,,,,
raw,1,329,2.0214171409606934,0.4375,0.375,0.40384615384615385,0.36848988706247476,0.37898400104613317,0.3736632783182468,,,,,,1.330009222188455,0.28374325134973005,0.3547418967587035,0.3152950995790133,,,,,,
raw,1,330,1.7963123321533203,0.375,0.375,0.375,0.36868519045060055,0.3788644810147491,0.37370553066817913,,,,,,1.3292844218182092,0.28374325134973005,0.3547418967587035,0.3152950995790133,,,,,,
raw,1,331,2.6841583251953125,0.3125,0.4375,0.3645833333333333,0.3669996347370825,0.38062354658430664,0.37368745661920266,,,,,,1.3287340253776623,0.28374325134973005,0.3547418967587035,0.3152950995790133,,,,,,
raw,1,332,2.0234086513519287,0.375,0.375,0.375,0.36723964569497003,0.38045484018677744,0.3737304563597541,,,,,,1.3280617280120552,0.28374325134973005,0.3547418967587035,0.3152950995790133,,,,,,
raw,1,333,2.045750617980957,0.375,0.4375,0.40384615384615385,0.36747245632412096,0.3821661949811741,0.37467531896666234,,,,,,1.3273681621621771,0.28374325134973005,0.3547418967587035,0.3152950995790133,,,,,,
raw,1,334,1.8796634674072266,0.3125,0.375,0.3409090909090909,0.36582328263439734,0.38195120913173886,0.37371332311894084,,,,,,1.3267230359281652,0.28374325134973005,0.3547418967587035,0.3152950995790133,,,,,,
raw,1,335,2.2333168983459473,0.375,0.375,0.375,0.36609858415536545,0.38174267285778674,0.37375699918749655,,,,,,1.326011625373147,0.28374325134973005,0.3547418967587035,0.3152950995790133,,,,,,
raw,1,336,1.999632716178894,0.4375,0.375,0.40384615384615385,0.36824062663070445,0.3815403926720531,0.3747725526931464,,,,,,1.3254240258928847,0.28374325134973005,0.3547418967587035,0.3152950995790133,,,,,,
raw,1,337,2.1036224365234375,0.375,0.375,0.375,0.3684434078317833,0.3813441808918915,0.374782809632261,,,,,,1.324787204451049,0.28374325134973005,0.3547418967587035,0.3152950995790133,,,,,,
raw,1,338,2.162754535675049,0.375,0.3125,0.3409090909090909,0.3686401055968298,0.37927885546513473,0.37388381524861014,,,,,,1.3241188186390453,0.28374325134973005,0.3547418967587035,0.3152950995790133,,,,,,
raw,1,339,1.92755126953125,0.3125,0.375,0.3409090909090909,0.3669559024289249,0.3791504898011807,0.37295354011241816,,,,,,1.3235640002949958,0.28374325134973005,0.3547418967587035,0.3152950995790133,,,,,,
raw,1,340,2.0039520263671875,0.375,0.375,0.375,0.36719722535605714,0.3790259751071453,0.37301784857620707,,,,,,1.3228155838235311,0.28374325134973005,0.3547418967587035,0.3152950995790133,,,,,,
raw,1,341,2.2180309295654297,0.4375,0.375,0.40384615384615385,0.36930630859537544,0.3789051958539309,0.3740441796371866,,,,,,1.3221303818181882,0.28374325134973005,0.3547418967587035,0.3152950995790133,,,,,,
raw,1,342,2.2936229705810547,0.375,0.375,0.375,0.36947711933751415,0.378788039978313,0.3740746501645382,,,,,,1.321533095906446,0.28374325134973005,0.3547418967587035,0.3152950995790133,,,,,,
raw,1,343,1.7880618572235107,0.375,0.375,0.375,0.3696428057573887,0.3786743987789636,0.3741041001987243,,,,,,1.3208321408163224,0.28374325134973005,0.3547418967587035,0.3152950995790133,,,,,,
raw,1,344,2.4602737426757812,0.375,0.375,0.375,0.3698035215846671,0.3785641668155947,0.37413256666232975,,,,,,1.3201334258720996,0.28374325134973005,0.3547418967587035,0.3152950995790133,,,,,,
raw,1,345,1.9558525085449219,0.375,0.375,0.375,0.3699594159371271,0.37845724181112683,0.3741600849956422,,,,,,1.319348684347832,0.28374325134973005,0.3547418967587035,0.3152950995790133,,,,,,
raw,1,346,2.239690065383911,0.3125,0.375,0.3409090909090909,0.36823563345901333,0.37835352455679305,0.37322601939973893,,,,,,1.3188138670520437,0.28374325134973005,0.3547418967587035,0.3152950995790133,,,,,,
raw,1,347,2.2196426391601562,0.375,0.4375,0.40384615384615385,0.3684385644552429,0.38012791882008923,0.37419197318755526,,,,,,1.3182442556196163,0.28374325134973005,0.3547418967587035,0.3152950995790133,,,,,,
raw,1,348,1.7011146545410156,0.375,0.375,0.375,0.36863540752158563,0.3799740812554866,0.37421887483707356,,,,,,1.3176207192528668,0.28374325134973005,0.3547418967587035,0.3152950995790133,,,,,,
raw,1,349,2.232404947280884,0.25,0.375,0.3,0.3650763452959381,0.379824858817822,0.3723045970229883,,,,,,1.316922563323811,0.28374325134973005,0.3547418967587035,0.3152950995790133,,,,,,
raw,1,350,2.1128478050231934,0.375,0.25,0.3,0.36537405493706,0.37593011305328733,0.3705769256676174,,,,,,1.3162947157143,0.28374325134973005,0.3547418967587035,0.3152950995790133,,,,,,
raw,1,351,1.9149928092956543,0.4375,0.375,0.40384615384615385,0.3675378332889482,0.37590220966168875,0.3716729680560359,,,,,,1.3157873777777953,0.28374325134973005,0.3547418967587035,0.3152950995790133,,,,,,
raw,1,352,1.7545909881591797,0.375,0.3125,0.3409090909090909,0.3677616982902797,0.3740001433718381,0.3708546872107446,,,,,,1.3151554130682102,0.28374325134973005,0.3547418967587035,0.3152950995790133,,,,,,
raw,1,353,2.2783584594726562,0.375,0.375,0.375,0.36797884734157127,0.37403013907068294,0.3709798182141382,,,,,,1.3145699062322913,0.28374325134973005,0.3547418967587035,0.3152950995790133,,,,,,
raw,1,354,1.8002684116363525,0.3125,0.375,0.3409090909090909,0.36631448192132415,0.3740592348985624,0.3701463510301459,,,,,,1.3140132906779698,0.28374325134973005,0.3547418967587035,0.3152950995790133,,,,,,
raw,1,355,2.162019968032837,0.375,0.375,0.375,0.3665750474636844,0.3740874578516056,0.37029315412462116,,,,,,1.3135503230986192,0.28374325134973005,0.3547418967587035,0.3152950995790133,,,,,,
raw,1,356,2.271319627761841,0.375,0.375,0.375,0.3668277960397739,0.3741148341160574,0.3704354817206731,,,,,,1.3129708721910114,0.28374325134973005,0.3547418967587035,0.3152950995790133,,,,,,
raw,1,357,1.9746359586715698,0.3125,0.375,0.3409090909090909,0.3651979621585807,0.37414138909257566,0.3696155834923863,,,,,,1.3125085579832207,0.28374325134973005,0.3547418967587035,0.3152950995790133,,,,,,
raw,1,358,1.9087786674499512,0.375,0.3125,0.3409090909090909,0.36549202329382324,0.3722921474197984,0.3688607471348997,,,,,,1.3118569689944117,0.28374325134973005,0.3547418967587035,0.3152950995790133,,,,,,
raw,1,359,2.051797389984131,0.375,0.375,0.375,0.36577726259500853,0.37237338299720446,0.3690458513022996,,,,,,1.3113562019498812,0.28374325134973005,0.3547418967587035,0.3152950995790133,,,,,,
raw,1,360,2.0018224716186523,0.25,0.4375,0.3181818181818182,0.36230394471715827,0.37432718150728833,0.3682174419374825,,,,,,1.3107200375000199,0.28374325134973005,0.3547418967587035,0.3152950995790133,,,,,,
raw,1,361,2.1960678100585938,0.3125,0.375,0.3409090909090909,0.3608098263756435,0.37434736606206964,0.36745395282105897,,,,,,1.310149105540167,0.28374325134973005,0.3547418967587035,0.3152950995790133,,,,,,
raw,1,362,1.8566765785217285,0.375,0.375,0.375,0.36123553158437416,0.3743669450802075,0.36768403235088876,,,,,,1.3097322685082857,0.28374325134973005,0.3547418967587035,0.3152950995790133,,,,,,
raw,1,363,2.0771923065185547,0.3125,0.4375,0.3645833333333333,0.3597734656368429,0.37626093672780125,0.36783253814068856,,,,,,1.3091359917355379,0.28374325134973005,0.3547418967587035,0.3152950995790133,,,,,,
raw,1,364,2.226018190383911,0.375,0.375,0.375,0.36023026166773764,0.3762231086259672,0.36805303453695204,,,,,,1.3084412222527604,0.28374325134973005,0.3547418967587035,0.3152950995790133,,,,,,
raw,1,365,1.7022619247436523,0.375,0.375,0.375,0.3606733538177055,0.3761864153671882,0.368266586846592,,,,,,1.3079095660273883,0.28374325134973005,0.3547418967587035,0.3152950995790133,,,,,,
raw,1,366,2.344400405883789,0.3125,0.375,0.3409090909090909,0.35922815320317436,0.3761508229061725,0.36749477433618244,,,,,,1.3074226625683312,0.28374325134973005,0.3547418967587035,0.3152950995790133,,,,,,
raw,1,367,2.0479774475097656,0.375,0.3125,0.3409090909090909,0.35970130860707916,0.3742412982189874,0.36682727900571027,,,,,,1.3068709376021697,0.28374325134973005,0.3547418967587035,0.3152950995790133,,,,,,
raw,1,368,2.1259779930114746,0.5,0.4375,0.4666666666666667,0.3639102693488668,0.37613905927241775,0.3699236282734412,,,,,,1.3062745192934886,0.28374325134973005,0.3547418967587035,0.3152950995790133,,,,,,
raw,1,369,2.1200802326202393,0.3125,0.5625,0.4017857142857143,0.36236796126840076,0.38172988749424525,0.37179701921334113,,,,,,1.3056542178861852,0.28374325134973005,0.3547418967587035,0.3152950995790133,,,,,,
raw,1,370,2.521365165710449,0.375,0.375,0.375,0.3627469224303488,0.3815279908694179,0.37190049546429865,,,,,,1.305184994864858,0.28374325134973005,0.3547418967587035,0.3152950995790133,,,,,,
raw,1,371,1.8435859680175781,0.375,0.4375,0.40384615384615385,0.3631145147574383,0.38320715114333537,0.3728903637576906,,,,,,1.3046742102425894,0.28374325134973005,0.3547418967587035,0.3152950995790133,,,,,,
raw,1,372,1.530310869216919,0.3125,0.4375,0.3645833333333333,0.36159607931471516,0.3848359366090353,0.37285422620845454,,,,,,1.304154566935497,0.28374325134973005,0.3547418967587035,0.3152950995790133,,,,,,
raw,1,373,1.9538002014160156,0.4375,0.3125,0.3645833333333333,0.3638731969352737,0.3826658585107643,0.37303299346100377,,,,,,1.3035956600536365,0.28374325134973005,0.3547418967587035,0.3152950995790133,,,,,,
raw,1,374,2.12054443359375,0.3125,0.25,0.2777777777777778,0.3623320010272155,0.37868588275544135,0.37032848103239774,,,,,,1.3031199732620269,0.28374325134973005,0.3547418967587035,0.3152950995790133,,,,,,
raw,1,375,1.6163811683654785,0.375,0.375,0.375,0.3627120409963991,0.37857530627277813,0.3704739397343974,,,,,,1.302538193066682,0.28374325134973005,0.3547418967587035,0.3152950995790133,,,,,,
raw,1,376,2.0462684631347656,0.375,0.4375,0.40384615384615385,0.36308067976650715,0.38034304708459477,0.37151144654708596,,,,,,1.3019718542553242,0.28374325134973005,0.3547418967587035,0.3152950995790133,,,,,,
raw,1,377,1.905189037322998,0.375,0.375,0.375,0.36343825937351193,0.38018275567205695,0.3716219853114569,,,,,,1.3014497702917907,0.28374325134973005,0.3547418967587035,0.3152950995790133,,,,,,
raw,1,378,1.7271990776062012,0.3125,0.375,0.3409090909090909,0.36191011159230657,0.3800272730018952,0.3707474933493483,,,,,,1.3009733711640354,0.28374325134973005,0.3547418967587035,0.3152950995790133,,,,,,
raw,1,379,1.9663722515106201,0.5,0.375,0.42857142857142855,0.3660528082445374,0.3798764548118383,0.3728365408271778,,,,,,1.3004793981530585,0.28374325134973005,0.3547418967587035,0.3152950995790133,,,,,,
raw,1,380,2.173861026763916,0.25,0.5,0.3333333333333333,0.36257122399720126,0.3834801611674831,0.37273269422975935,,,,,,1.3000068197368435,0.28374325134973005,0.3547418967587035,0.3152950995790133,,,,,,
raw,1,381,1.7122697830200195,0.375,0.3125,0.3409090909090909,0.3629440872772852,0.38135075633245863,0.37191982015707364,,,,,,1.2995838370078914,0.28374325134973005,0.3547418967587035,0.3152950995790133,,,,,,
raw,1,382,1.8456459045410156,0.375,0.25,0.3,0.3633057646589667,0.3774102336424849,0.37022371283467265,,,,,,1.2991110863874444,0.28374325134973005,0.3547418967587035,0.3152950995790133,,,,,,
raw,1,383,2.1743671894073486,0.375,0.3125,0.3409090909090909,0.36365659171919773,0.37546292663321035,0.36946546485665166,,,,,,1.2986724960835658,0.28374325134973005,0.3547418967587035,0.3152950995790133,,,,,,
raw,1,384,2.0461013317108154,0.375,0.375,0.375,0.3639968939676218,0.375449038834214,0.36963428404009374,,,,,,1.2981984674479083,0.28374325134973005,0.3547418967587035,0.3152950995790133,,,,,,
raw,1,385,1.907339334487915,0.5,0.4375,0.4666666666666667,0.36807698714859316,0.3773105676691876,0.3726365863485626,,,,,,1.2976909342857286,0.28374325134973005,0.3547418967587035,0.3152950995790133,,,,,,
raw,1,386,2.172710418701172,0.3125,0.4375,0.3645833333333333,0.3664096775341354,0.3791162506391119,0.3726546801262872,,,,,,1.297263637564766,0.28374325134973005,0.3547418967587035,0.3152950995790133,,,,,,
raw,1,387,1.6765985488891602,0.375,0.375,0.375,0.3666673872081113,0.37899276311993857,0.37272820912538723,,,,,,1.296789415245471,0.28374325134973005,0.3547418967587035,0.3152950995790133,,,,,,
raw,1,388,2.153575897216797,0.375,0.3125,0.3409090909090909,0.36691736559186794,0.3769979802263404,0.3718893729392353,,,,,,1.2963606440721707,0.28374325134973005,0.3547418967587035,0.3152950995790133,,,,,,
raw,1,389,1.5696756839752197,0.3125,0.375,0.3409090909090909,0.3652848446241119,0.3769380408195502,0.3710199628010198,,,,,,1.2959202205655502,0.28374325134973005,0.3547418967587035,0.3152950995790133,,,,,,
raw,1,390,2.0539560317993164,0.375,0.375,0.375,0.3655762992853886,0.3768798995949637,0.37114205303087194,,,,,,1.295474636410281,0.28374325134973005,0.3547418967587035,0.3152950995790133,,,,,,
raw,1,391,2.0145339965820312,0.375,0.375,0.375,0.365859010306827,0.37682350260711484,0.37126032006132903,,,,,,1.2949835910485885,0.28374325134973005,0.3547418967587035,0.3152950995790133,,,,,,
raw,1,392,2.0544586181640625,0.3125,0.375,0.3409090909090909,0.3642582399976222,0.37676879752890136,0.37040791259653816,,,,,,1.2944375073979504,0.28374325134973005,0.3547418967587035,0.3152950995790133,,,,,,
raw,1,393,1.713973045349121,0.375,0.375,0.375,0.36458049279769356,0.37671573360303434,0.3705487844407137,,,,,,1.2939816829516657,0.28374325134973005,0.3547418967587035,0.3152950995790133,,,,,,
raw,1,394,2.343381881713867,0.375,0.375,0.375,0.3648930780137627,0.37666426159494326,0.370685244282481,,,,,,1.2934707629441629,0.28374325134973005,0.3547418967587035,0.3152950995790133,,,,,,
raw,1,395,2.2748031616210938,0.1875,0.375,0.25,0.3595712856733498,0.37661433374709496,0.3678955323660434,,,,,,1.2929911250633164,0.28374325134973005,0.3547418967587035,0.3152950995790133,,,,,,
raw,1,396,2.595510482788086,0.375,0.4375,0.40384615384615385,0.3600341471031493,0.3784409037346821,0.3690081278994544,,,,,,1.2925754813131238,0.28374325134973005,0.3547418967587035,0.3152950995790133,,,,,,
raw,1,397,1.798569679260254,0.375,0.375,0.375,0.3604831226900548,0.3783376766226416,0.36919466053772276,,,,,,1.2921140667506548,0.28374325134973005,0.3547418967587035,0.3152950995790133,,,,,,
raw,1,398,2.3154211044311523,0.3125,0.4375,0.3645833333333333,0.35904362900935316,0.38011254632396235,0.3692778133189465,,,,,,1.2915990660803982,0.28374325134973005,0.3547418967587035,0.3152950995790133,,,,,,
raw,1,399,1.6854267120361328,0.3125,0.375,0.3409090909090909,0.3576473201390726,0.3799591699342435,0.36846578959938764,,,,,,1.2911686308270645,0.28374325134973005,0.3547418967587035,0.3152950995790133,,,,,,
raw,1,400,1.790337324142456,0.4375,0.375,0.40384615384615385,0.3600429005349004,0.37981039483621615,0.3696625724740283,,,,,,1.4650963364999916,0.28374325134973005,0.3547418967587035,0.3152950995790133,,,,0.3695260947810438,0.3835534213685474,0.3764091172281301
raw,1,401,1.8443632125854492,0.3125,0.375,0.3409090909090909,0.3586166135188534,0.3796660829911297,0.36884127338722145,,,,,,1.4643435354114909,0.28374325134973005,0.3547418967587035,0.3152950995790133,,,,,,
raw,1,402,2.175835609436035,0.375,0.375,0.375,0.3591081151132878,0.3795261005013958,0.3690349017312517,,,,,,1.4634800706467714,0.28374325134973005,0.3547418967587035,0.3152950995790133,,,,,,
raw,1,403,1.9326581954956055,0.3125,0.375,0.3409090909090909,0.35770987165988916,0.3793903174863539,0.3682312493617408,,,,,,1.4626163238213628,0.28374325134973005,0.3547418967587035,0.3152950995790133,,,,,,
raw,1,404,1.9803400039672852,0.4375,0.375,0.40384615384615385,0.3601035755100925,0.37925860796176325,0.36943296214773225,,,,,,1.4616994371287304,0.28374325134973005,0.3547418967587035,0.3152950995790133,,,,,,
raw,1,405,1.8543989658355713,0.5,0.4375,0.4666666666666667,0.36430046824478973,0.38100584972291035,0.37246594081354756,,,,,,1.4608518207407655,0.28374325134973005,0.3547418967587035,0.3152950995790133,,,,,,
raw,1,406,1.9407949447631836,0.4375,0.375,0.40384615384615385,0.36649645419744603,0.38082567423122304,0.3735236893535044,,,,,,1.459961185714276,0.28374325134973005,0.3547418967587035,0.3152950995790133,,,,,,
raw,1,407,1.8230417966842651,0.375,0.375,0.375,0.3667515605715227,0.38065090400428636,0.3735719901747068,,,,,,1.4590357621621566,0.28374325134973005,0.3547418967587035,0.3152950995790133,,,,,,
raw,1,408,2.09033203125,0.375,0.5,0.42857142857142855,0.36699901375437705,0.38423137688415776,0.37541755000117516,,,,,,1.4581898022058928,0.28374325134973005,0.3547418967587035,0.3152950995790133,,,,,,
raw,1,409,2.1756858825683594,0.5,0.4375,0.4666666666666667,0.37098904334174576,0.385829435577633,0.37826373743519504,,,,,,1.457314683129582,0.28374325134973005,0.3547418967587035,0.3152950995790133,,,,,,
raw,1,410,1.9138107299804688,0.375,0.4375,0.40384615384615385,0.3711093720414934,0.387379552510304,0.3790699582298152,,,,,,1.4565020814634186,0.28374325134973005,0.3547418967587035,0.3152950995790133,,,,,,
raw,1,411,2.1690359115600586,0.4375,0.375,0.40384615384615385,0.3731010908802486,0.3870081659349949,0.37992740542300196,,,,,,1.455664862043815,0.28374325134973005,0.3547418967587035,0.3152950995790133,,,,,,
raw,1,412,2.0138072967529297,0.25,0.375,0.3,0.36940805815384115,0.386647920956945,0.3778314347514622,,,,,,1.4548575512136153,0.28374325134973005,0.3547418967587035,0.3152950995790133,,,,,,
raw,1,413,1.643472671508789,0.4375,0.375,0.40384615384615385,0.3714508164092259,0.3862984833282367,0.3787291840708649,,,,,,1.453942730508479,0.28374325134973005,0.3547418967587035,0.3152950995790133,,,,,,
raw,1,414,2.0037059783935547,0.4375,0.3125,0.3645833333333333,0.3734322919169491,0.3840845288283896,0.37868351424620067,,,,,,1.453140836231906,0.28374325134973005,0.3547418967587035,0.3152950995790133,,,,,,
raw,1,415,2.2005207538604736,0.375,0.375,0.375,0.37347932315944066,0.38381199296353796,0.3785751673117557,,,,,,1.4523757530120693,0.28374325134973005,0.3547418967587035,0.3152950995790133,,,,,,
raw,1,416,1.90580415725708,0.4375,0.25,0.3181818181818182,0.37539994346465744,0.37979763317463183,0.37758598393878895,,,,,,1.451488946394245,0.28374325134973005,0.3547418967587035,0.3152950995790133,,,,,,
raw,1,417,2.7434234619140625,0.375,0.375,0.375,0.3753879451607177,0.3796537041793929,0.3775087745400914,,,,,,1.4505893980815314,0.28374325134973005,0.3547418967587035,0.3152950995790133,,,,,,
raw,1,418,1.7890366315841675,0.375,0.375,0.375,0.3753763068058962,0.3795140930540112,0.3774338596910009,,,,,,1.4497930478468872,0.28374325134973005,0.3547418967587035,0.3152950995790133,,,,,,
raw,1,419,1.8086419105529785,0.375,0.4375,0.40384615384615385,0.37536501760171925,0.3812536702623908,0.37828642867056717,,,,,,1.4489373747016754,0.28374325134973005,0.3547418967587035,0.3152950995790133,,,,,,
raw,1,420,2.00099515914917,0.3333333432674408,0.5,0.4000000071525573,0.3741040673716909,0.3848160601545191,0.37938446503721973,,,,,,1.4467573402380887,0.28374325134973005,0.3547418967587035,0.3152950995790133,,,,,,
raw,1,421,2.1117172241210938,0.375,0.375,0.375,0.37413094535054015,0.38452157834988354,0.3792551059186396,,,,,,1.4459866391923961,0.28374325134973005,0.3547418967587035,0.3152950995790133,,,,,,
raw,1,422,1.9134979248046875,0.375,0.375,0.375,0.3741570169900239,0.384235930999387,0.3791295004634527,,,,,,1.4451413677725127,0.28374325134973005,0.3547418967587035,0.3152950995790133,,,,,,
raw,1,423,1.9789981842041016,0.4375,0.375,0.40384615384615385,0.37605730648032315,0.38395885306940536,0.3799670053597252,,,,,,1.4442948784869967,0.28374325134973005,0.3547418967587035,0.3152950995790133,,,,,,
raw,1,424,1.9356708526611328,0.375,0.375,0.375,0.3760255872859135,0.38369008747732325,0.37981917517868147,,,,,,1.443451104481148,0.28374325134973005,0.3547418967587035,0.3152950995790133,,,,,,
raw,1,425,2.346954822540283,0.375,0.375,0.375,0.37599481966733606,0.3834293848530036,0.37967571103167663,,,,,,1.4426278256470515,0.28374325134973005,0.3547418967587035,0.3152950995790133,,,,,,
raw,1,426,1.9515748023986816,0.375,0.4375,0.40384615384615385,0.37596497507731597,0.3850515033074135,0.38045399266970625,,,,,,1.441784036854482,0.28374325134973005,0.3547418967587035,0.3152950995790133,,,,,,
raw,1,427,1.8646774291992188,0.4375,0.375,0.40384615384615385,0.3778110258249965,0.38474995820819113,0.3812489215693596,,,,,,1.4410006894613616,0.28374325134973005,0.3547418967587035,0.3152950995790133,,,,,,
raw,1,428,1.9714603424072266,0.375,0.4375,0.40384615384615385,0.3777266950502466,0.3863324594619454,0.3819811129580948,,,,,,1.44018961728974,0.28374325134973005,0.3547418967587035,0.3152950995790133,,,,,,
raw,1,429,1.884753942489624,0.3125,0.375,0.3409090909090909,0.3757698941987392,0.38599248567808697,0.3808125980918516,,,,,,1.439388789510488,0.28374325134973005,0.3547418967587035,0.3152950995790133,,,,,,
raw,1,430,1.8134994506835938,0.4375,0.375,0.40384615384615385,0.377621797372777,0.3856627111077444,0.3815999002471069,,,,,,1.4385123981395398,0.28374325134973005,0.3547418967587035,0.3152950995790133,,,,,,
raw,1,431,1.963435411453247,0.375,0.375,0.375,0.3775431434515937,0.38534282977451206,0.3814031149226096,,,,,,1.4377460252900331,0.28374325134973005,0.3547418967587035,0.3152950995790133,,,,,,
raw,1,432,1.8132402896881104,0.375,0.375,0.375,0.37746684914804585,0.3850325448812767,0.38121216272127295,,,,,,1.4370158828703805,0.28374325134973005,0.3547418967587035,0.3152950995790133,,,,,,
raw,1,433,1.9364013671875,0.375,0.375,0.375,0.3773928436736045,0.38473156853483836,0.38102687271132246,,,,,,1.436231227713628,0.28374325134973005,0.3547418967587035,0.3152950995790133,,,,,,
raw,1,434,2.455669403076172,0.4375,0.375,0.40384615384615385,0.3791960583633963,0.3844396214787932,0.38179983725642697,,,,,,1.4354959649769756,0.28374325134973005,0.3547418967587035,0.3152950995790133,,,,,,
raw,1,435,1.9470572471618652,0.3125,0.375,0.3409090909090909,0.37719517661249446,0.38415643283442935,0.3806439803419369,,,,,,1.434756365977027,0.28374325134973005,0.3547418967587035,0.3152950995790133,,,,,,
raw,1,436,1.912689208984375,0.375,0.375,0.375,0.3771293213141196,0.38388173984939644,0.3804755736216017,,,,,,1.4338963020642257,0.28374325134973005,0.3547418967587035,0.3152950995790133,,,,,,
raw,1,437,2.1379165649414062,0.3125,0.4375,0.3645833333333333,0.375190441674696,0.3854902876539145,0.3802706331573107,,,,,,1.4331094970251927,0.28374325134973005,0.3547418967587035,0.3152950995790133,,,,,,
raw,1,438,1.746944546699524,0.4375,0.375,0.40384615384615385,0.3770597284244551,0.3851755790242971,0.3810744472300592,,,,,,1.4322982152967996,0.28374325134973005,0.3547418967587035,0.3152950995790133,,,,,,
raw,1,439,2.3978805541992188,0.375,0.375,0.375,0.3769979365717214,0.3848703116535682,0.38089345153600596,,,,,,1.4315526712984021,0.28374325134973005,0.3547418967587035,0.3152950995790133,,,,,,
raw,1,440,1.8092308044433594,0.375,0.375,0.375,0.37693799847456977,0.3845742023039612,0.38071781366919427,,,,,,1.4307604920454733,0.28374325134973005,0.3547418967587035,0.3152950995790133,,,,,,
raw,1,441,2.1578292846679688,0.3125,0.375,0.3409090909090909,0.37500485852033266,0.3842869762348424,0.3795891818081251,,,,,,1.429984118594122,0.28374325134973005,0.3547418967587035,0.3152950995790133,,,,,,
raw,1,442,1.7642035484313965,0.375,0.375,0.375,0.3750047127647227,0.38400836694779716,0.3794531377537039,,,,,,1.4291940033936579,0.28374325134973005,0.3547418967587035,0.3152950995790133,,,,,,
raw,1,443,2.164936065673828,0.3125,0.375,0.3409090909090909,0.37312957138178104,0.38373811593936324,0.37835949696859716,,,,,,1.4285371381489933,0.28374325134973005,0.3547418967587035,0.3152950995790133,,,,,,
raw,1,444,1.8285465240478516,0.3125,0.375,0.3409090909090909,0.37131068424032765,0.38347597246118237,0.3772952912192143,,,,,,1.4278340621621701,0.28374325134973005,0.3547418967587035,0.3152950995790133,,,,,,
raw,1,445,2.4777259826660156,0.375,0.375,0.375,0.37142136371311785,0.3832216932873469,0.37722926781038124,,,,,,1.4270505137078717,0.28374325134973005,0.3547418967587035,0.3152950995790133,,,,,,
raw,1,446,1.8181324005126953,0.5,0.3125,0.38461538461538464,0.3752787228017243,0.3811000424887265,0.37816698132696175,,,,,,1.426279031390138,0.28374325134973005,0.3547418967587035,0.3152950995790133,,,,,,
raw,1,447,2.3112945556640625,0.25,0.375,0.3,0.37152036111767256,0.38091704121406467,0.3761600267854083,,,,,,1.4256035702460812,0.28374325134973005,0.3547418967587035,0.3152950995790133,,,,,,
raw,1,448,2.3552637100219727,0.375,0.375,0.375,0.37162475028414244,0.3807395299776427,0.3761269280407916,,,,,,1.4249343837053792,0.28374325134973005,0.3547418967587035,0.3152950995790133,,,,,,
raw,1,449,1.86091148853302,0.3125,0.4375,0.3645833333333333,0.3698510077756182,0.3824423440783134,0.3760413036346965,,,,,,1.4242536599109303,0.28374325134973005,0.3547418967587035,0.3152950995790133,,,,,,
raw,1,450,1.9886914491653442,0.375,0.375,0.375,0.3700054775423497,0.382219073755964,0.3760131217913017,,,,,,1.423581237999994,0.28374325134973005,0.3547418967587035,0.3152950995790133,,,,,,
raw,1,451,2.028564453125,0.375,0.375,0.375,0.3701553132160792,0.3820025015432851,0.37598560523716223,,,,,,1.422862122172949,0.28374325134973005,0.3547418967587035,0.3152950995790133,,,,,,
raw,1,452,2.2736892700195312,0.375,0.375,0.375,0.37030065381959687,0.3817924264969865,0.3759587446162737,,,,,,1.4221434710177157,0.28374325134973005,0.3547418967587035,0.3152950995790133,,,,,,
raw,1,453,2.0065419673919678,0.3125,0.375,0.3409090909090909,0.36856663420500896,0.38158865370207695,0.37496461869429626,,,,,,1.4213749540838794,0.28374325134973005,0.3547418967587035,0.3152950995790133,,,,,,
raw,1,454,1.9945430755615234,0.375,0.375,0.375,0.3687596351788587,0.3813909940910146,0.3749689685080774,,,,,,1.4206547537444945,0.28374325134973005,0.3547418967587035,0.3152950995790133,,,,,,
raw,1,455,2.232840061187744,0.3125,0.375,0.3409090909090909,0.3670718461234929,0.3811992642682842,0.3740021918061585,,,,,,1.4199203314285873,0.28374325134973005,0.3547418967587035,0.3152950995790133,,,,,,
raw,1,456,1.6564409732818604,0.4375,0.375,0.40384615384615385,0.3691846907397881,0.3810132863402357,0.37500573603990284,,,,,,1.4192502425438553,0.28374325134973005,0.3547418967587035,0.3152950995790133,,,,,,
raw,1,457,1.9557850360870361,0.4375,0.375,0.40384615384615385,0.37123415001759447,0.38083288775002866,0.37597226386169974,,,,,,1.418538824726474,0.28374325134973005,0.3547418967587035,0.3152950995790133,,,,,,
raw,1,458,1.7332749366760254,0.375,0.375,0.375,0.3713471255170666,0.38065790111752784,0.3759448737143613,,,,,,1.4178526700873324,0.28374325134973005,0.3547418967587035,0.3152950995790133,,,,,,
raw,1,459,2.0290679931640625,0.4375,0.4375,0.4375,0.3733317117515546,0.382363164084002,0.3777934696206246,,,,,,1.4172142938997856,0.28374325134973005,0.3547418967587035,0.3152950995790133,,,,,,
raw,1,460,2.4958996772766113,0.375,0.375,0.375,0.37338176039900794,0.382142269161482,0.3777112245268747,,,,,,1.4164470069565298,0.28374325134973005,0.3547418967587035,0.3152950995790133,,,,,,
raw,1,461,2.129365921020508,0.3125,0.375,0.3409090909090909,0.3715553075870377,0.3819280010866375,0.37667025741988,,,,,,1.4157409101952279,0.28374325134973005,0.3547418967587035,0.3152950995790133,,,,,,
raw,1,462,2.2438812255859375,0.4375,0.375,0.40384615384615385,0.37353364835942654,0.3817201610540384,0.3775825361850092,,,,,,1.4149740798701482,0.28374325134973005,0.3547418967587035,0.3152950995790133,,,,,,
raw,1,463,1.7996665239334106,0.25,0.375,0.3,0.36982763890864373,0.38151855622241726,0.37558214245820243,,,,,,1.4143073820734304,0.28374325134973005,0.3547418967587035,0.3152950995790133,,,,,,
raw,1,464,2.1653976440429688,0.375,0.375,0.375,0.3699828097413844,0.3813229995357448,0.37556732037781204,,,,,,1.413703045905189,0.28374325134973005,0.3547418967587035,0.3152950995790133,,,,,,
raw,1,465,1.7827270030975342,0.4375,0.375,0.40384615384615385,0.37200832544914286,0.3811333095496724,0.37651553883005406,,,,,,1.4130166021505526,0.28374325134973005,0.3547418967587035,0.3152950995790133,,,,,,
raw,1,466,1.6253623962402344,0.375,0.375,0.375,0.37209807568566855,0.38094931026318224,0.3764716747648094,,,,,,1.4124432006437888,0.28374325134973005,0.3547418967587035,0.3152950995790133,,,,,,
raw,1,467,1.9003322124481201,0.375,0.375,0.375,0.3721851334150985,0.38077083095528674,0.3764290323091443,,,,,,1.4118007241969948,0.28374325134973005,0.3547418967587035,0.3152950995790133,,,,,,
raw,1,468,2.1141912937164307,0.375,0.375,0.375,0.3722695794126456,0.3805977060266281,0.3763875803562961,,,,,,1.4111289091880381,0.28374325134973005,0.3547418967587035,0.3152950995790133,,,,,,
raw,1,469,2.446927785873413,0.3125,0.375,0.3409090909090909,0.3704764920302662,0.3804297748458293,0.3753871679219929,,,,,,1.410436460767583,0.28374325134973005,0.3547418967587035,0.3152950995790133,,,,,,
raw,1,470,1.6031012535095215,0.3125,0.375,0.3409090909090909,0.3687371972693583,0.3802668816004544,0.3744132991833344,,,,,,1.409794462978731,0.28374325134973005,0.3547418967587035,0.3152950995790133,,,,,,
raw,1,471,1.9433609247207642,0.375,0.375,0.375,0.36892508135127755,0.38010887515244074,0.37443348587965025,,,,,,1.40907151019108,0.28374325134973005,0.3547418967587035,0.3152950995790133,,,,,,
raw,1,472,1.8219695091247559,0.25,0.375,0.3,0.36535732891073924,0.3799556088978675,0.372513502260514,,,,,,1.4083828961864406,0.28374325134973005,0.3547418967587035,0.3152950995790133,,,,,,
raw,1,473,1.5758428573608398,0.375,0.375,0.375,0.36564660904341706,0.37980694063093146,0.3725922828954859,,,,,,1.4077509809725344,0.28374325134973005,0.3547418967587035,0.3152950995790133,,,,,,
raw,1,474,1.6199628114700317,0.4375,0.375,0.40384615384615385,0.36780221077211456,0.37966273241200355,0.37363837221331697,,,,,,1.4071872156118115,0.28374325134973005,0.3547418967587035,0.3152950995790133,,,,,,
raw,1,475,1.8771122694015503,0.375,0.4375,0.40384615384615385,0.3680181444489511,0.3813978504396434,0.3745885600866625,,,,,,1.4066611709473593,0.28374325134973005,0.3547418967587035,0.3152950995790133,,,,,,
raw,1,476,1.8013503551483154,0.5,0.375,0.42857142857142855,0.3719776001154826,0.38120591492645406,0.37653522296295583,,,,,,1.4059769222689238,0.28374325134973005,0.3547418967587035,0.3152950995790133,,,,,,
raw,1,477,2.012950897216797,0.375,0.375,0.375,0.3720682721120181,0.38101973747866047,0.3764908046838053,,,,,,1.405370948427686,0.28374325134973005,0.3547418967587035,0.3152950995790133,,,,,,
raw,1,478,1.6513307094573975,0.375,0.375,0.375,0.37215622394865755,0.38083914535430063,0.3764476225081977,,,,,,1.4047518610878724,0.28374325134973005,0.3547418967587035,0.3152950995790133,,,,,,
raw,1,479,2.4303972721099854,0.375,0.375,0.375,0.3722415372301978,0.38066397099367166,0.37640564501940904,,,,,,1.4041379154488465,0.28374325134973005,0.3547418967587035,0.3152950995790133,,,,,,
raw,1,480,2.2499237060546875,0.375,0.3125,0.3409090909090909,0.3723242911132919,0.3786190518638615,0.37544528866404175,,,,,,1.4035928047916666,0.28374325134973005,0.3547418967587035,0.3152950995790133,,,,,,
raw,1,481,1.9197149276733398,0.3125,0.3125,0.3125,0.37052956237989315,0.3766354803079457,0.3735575722151366,,,,,,1.4029213667359772,0.28374325134973005,0.3547418967587035,0.3152950995790133,,,,,,
raw,1,482,1.7227373123168945,0.4375,0.4375,0.4375,0.37253867550849634,0.3784614158987073,0.37547669094364156,,,,,,1.4022826288381873,0.28374325134973005,0.3547418967587035,0.3152950995790133,,,,,,
raw,1,483,2.098785400390625,0.4375,0.375,0.40384615384615385,0.3744875152432414,0.37835757342174603,0.37641259716638314,,,,,,1.401599671014495,0.28374325134973005,0.3547418967587035,0.3152950995790133,,,,,,
raw,1,484,2.2042999267578125,0.375,0.375,0.375,0.37450288978594415,0.3782568462190936,0.3763705076527101,,,,,,1.4010180677685955,0.28374325134973005,0.3547418967587035,0.3152950995790133,,,,,,
raw,1,485,2.1223220825195312,0.4375,0.375,0.40384615384615385,0.37639280309236584,0.3781591408325208,0.3772739045441314,,,,,,1.4003608839175323,0.28374325134973005,0.3547418967587035,0.3152950995790133,,,,,,
raw,1,486,1.7628655433654785,0.375,0.375,0.375,0.3763510189995949,0.37806436660754517,0.37720574721756944,,,,,,1.3997106646090471,0.28374325134973005,0.3547418967587035,0.3152950995790133,,,,,,
raw,1,487,2.3759689331054688,0.375,0.25,0.3,0.376310488429607,0.3742224356093188,0.37526355744030276,,,,,,1.3990872529774208,0.28374325134973005,0.3547418967587035,0.3152950995790133,,,,,,
raw,1,488,1.917639970779419,0.375,0.375,0.375,0.3762711737767188,0.37424576254103925,0.37525573518212985,,,,,,1.3984871174180313,0.28374325134973005,0.3547418967587035,0.3152950995790133,,,,,,
raw,1,489,1.989267349243164,0.375,0.375,0.375,0.3762330385634173,0.374268389664808,0.3752481426031537,,,,,,1.3978215063394668,0.28374325134973005,0.3547418967587035,0.3152950995790133,,,,,,
raw,1,490,2.1781005859375,0.4375,0.4375,0.4375,0.37807104740651476,0.3761653379748638,0.3771157851374949,,,,,,1.3972423018367335,0.28374325134973005,0.3547418967587035,0.3152950995790133,,,,,,
raw,1,491,1.9778796434402466,0.375,0.375,0.375,0.3779789159843193,0.37613037783561787,0.37705238126139806,,,,,,1.3966280472505286,0.28374325134973005,0.3547418967587035,0.3152950995790133,,,,,,
raw,1,492,1.9881917238235474,0.375,0.375,0.375,0.37788954850478973,0.3760964665005493,0.37699087540538256,,,,,,1.3960739701219498,0.28374325134973005,0.3547418967587035,0.3152950995790133,,,,,,
raw,1,493,2.278204917907715,0.375,0.4375,0.40384615384615385,0.3778028620496461,0.3779385725055328,0.3778707050926496,,,,,,1.3954509703854099,0.28374325134973005,0.3547418967587035,0.3152950995790133,,,,,,
raw,1,494,2.3615903854370117,0.375,0.4375,0.40384615384615385,0.37771877618815675,0.3797254153303668,0.3787194377412242,,,,,,1.3948728014170173,0.28374325134973005,0.3547418967587035,0.3152950995790133,,,,,,
raw,1,495,1.9233083724975586,0.4375,0.375,0.40384615384615385,0.379512212902512,0.3795836528704558,0.3795479295248077,,,,,,1.3942787111111248,0.28374325134973005,0.3547418967587035,0.3152950995790133,,,,,,
raw,1,496,1.9235992431640625,0.375,0.375,0.375,0.3793768465154367,0.3794461432843421,0.37941149173575084,,,,,,1.393696778830652,0.28374325134973005,0.3547418967587035,0.3152950995790133,,,,,,
raw,1,497,1.8506793975830078,0.375,0.5,0.42857142857142855,0.37924554111997355,0.3830627589858119,0.3811445927961809,,,,,,1.393079702012079,0.28374325134973005,0.3547418967587035,0.3152950995790133,,,,,,
raw,1,498,2.4364967346191406,0.375,0.5,0.42857142857142855,0.37911817488637434,0.38657087621623754,0.38280825576461375,,,,,,1.3924503319277104,0.28374325134973005,0.3547418967587035,0.3152950995790133,,,,,,
raw,1,499,2.200247049331665,0.375,0.3125,0.3409090909090909,0.37899462963978314,0.38434874992975043,0.3816529127803107,,,,,,1.3919416270541032,0.28374325134973005,0.3547418967587035,0.3152950995790133,,,,,,
raw,1,500,1.7219462394714355,0.3125,0.3125,0.3125,0.37699979075058965,0.38219328743185793,0.3795787752255133,,,,,,1.3913032818000066,0.28374325134973005,0.3547418967587035,0.3152950995790133,,,,,,
raw,1,501,1.9941558837890625,0.375,0.3125,0.3409090909090909,0.376939797028072,0.3801024888089022,0.3785145365376497,,,,,,1.3908059844311385,0.28374325134973005,0.3547418967587035,0.3152950995790133,,,,,,
raw,1,502,1.690826416015625,0.375,0.375,0.375,0.37688160311722985,0.3799494141446351,0.3784092909520285,,,,,,1.3902044095617507,0.28374325134973005,0.3547418967587035,0.3152950995790133,,,,,,
raw,1,503,1.8789405822753906,0.375,0.375,0.375,0.37682515502371294,0.37980093172029605,0.37830719157340603,,,,,,1.3896767703777413,0.28374325134973005,0.3547418967587035,0.3152950995790133,,,,,,
raw,1,504,1.9941120147705078,0.375,0.375,0.375,0.3767704003730016,0.3796569037686872,0.3782081446666248,,,,,,1.3891301067460373,0.28374325134973005,0.3547418967587035,0.3152950995790133,,,,,,
raw,1,505,1.834031581878662,0.375,0.4375,0.40384615384615385,0.3767172883618115,0.38139219665562657,0.37904032851708097,,,,,,1.388639329702969,0.28374325134973005,0.3547418967587035,0.3152950995790133,,,,,,
raw,1,506,1.9904253482818604,0.3125,0.4375,0.3645833333333333,0.37479076971095715,0.38307543075595774,0.37888781809223765,,,,,,1.3880574213438772,0.28374325134973005,0.3547418967587035,0.3152950995790133,,,,,,
raw,1,507,2.0835189819335938,0.25,0.375,0.3,0.37104704661962845,0.38283316783327903,0.3768479754457014,,,,,,1.387498981262337,0.28374325134973005,0.3547418967587035,0.3152950995790133,,,,,,
raw,1,508,2.173771858215332,0.375,0.375,0.375,0.3711656352210396,0.3825981727982807,0.3767952038297998,,,,,,1.3869314564960697,0.28374325134973005,0.3547418967587035,0.3152950995790133,,,,,,
raw,1,509,1.8968532085418701,0.375,0.375,0.375,0.37128066616440847,0.38237022761433226,0.3767438584681485,,,,,,1.3863657387033537,0.28374325134973005,0.3547418967587035,0.3152950995790133,,,,,,
raw,1,510,1.6053543090820312,0.375,0.4375,0.40384615384615385,0.3713922461794762,0.38402412078590226,0.3776025700335702,,,,,,1.3858174213725565,0.28374325134973005,0.3547418967587035,0.3152950995790133,,,,,,
raw,1,511,2.049081802368164,0.4375,0.375,0.40384615384615385,0.3733754787940919,0.38375339716232515,0.3784933132377067,,,,,,1.3853019215264246,0.28374325134973005,0.3547418967587035,0.3152950995790133,,,,,,
raw,1,512,1.8187823295593262,0.375,0.375,0.375,0.3734242144302691,0.38349079524745544,0.3783905646619248,,,,,,1.3847661601562606,0.28374325134973005,0.3547418967587035,0.3152950995790133,,,,,,
raw,1,513,1.8398475646972656,0.3125,0.4375,0.3645833333333333,0.371596487997361,0.38511107139003176,0.3782330963715783,,,,,,1.3842487738791527,0.28374325134973005,0.3547418967587035,0.3152950995790133,,,,,,
raw,1,514,1.916111707687378,0.375,0.375,0.375,0.37169859335744015,0.3848077392483308,0.37813958516114093,,,,,,1.3837003653696562,0.28374325134973005,0.3547418967587035,0.3152950995790133,,,,,,
raw,1,515,1.840451717376709,0.5,0.375,0.42857142857142855,0.37554763555671694,0.38451350707088083,0.37997768948133825,,,,,,1.3832074456310772,0.28374325134973005,0.3547418967587035,0.3152950995790133,,,,,,
raw,1,516,1.8352813720703125,0.375,0.4375,0.40384615384615385,0.3755312064900155,0.3861031018587544,0.38074378236690304,,,,,,1.3827105912790758,0.28374325134973005,0.3547418967587035,0.3152950995790133,,,,,,
raw,1,517,1.8746495246887207,0.375,0.375,0.375,0.37551527029531506,0.3857700088029917,0.3805735723645197,,,,,,1.3821898193423532,0.28374325134973005,0.3547418967587035,0.3152950995790133,,,,,,
raw,1,518,1.9863471984863281,0.375,0.3125,0.3409090909090909,0.37549981218645556,0.383571908538902,0.37949294034751807,,,,,,1.38156524806951,0.28374325134973005,0.3547418967587035,0.3152950995790133,,,,,,
raw,1,519,1.6132798194885254,0.3125,0.375,0.3409090909090909,0.3736098178208619,0.38331475128273496,0.37840006848870317,,,,,,1.380977828323695,0.28374325134973005,0.3547418967587035,0.3152950995790133,,,,,,
raw,1,520,1.985163688659668,0.375,0.375,0.375,0.3736515232862361,0.38306530874425293,0.378299860851081,,,,,,1.3804467098076902,0.28374325134973005,0.3547418967587035,0.3152950995790133,,,,,,
raw,1,521,2.115480899810791,0.375,0.375,0.375,0.37369197758764905,0.3828233494819253,0.378202554305874,,,,,,1.3799867412667979,0.28374325134973005,0.3547418967587035,0.3152950995790133,,,,,,
raw,1,522,2.1995372772216797,0.3125,0.375,0.3409090909090909,0.3718562182600196,0.3825886489974676,0.37714609599657645,,,,,,1.3795200118774018,0.28374325134973005,0.3547418967587035,0.3152950995790133,,,,,,
raw,1,523,1.8816680908203125,0.375,0.375,0.375,0.37195053171221903,0.3823609895275436,0.37708392184447287,,,,,,1.3790022732313685,0.28374325134973005,0.3547418967587035,0.3152950995790133,,,,,,
raw,1,524,1.928945541381836,0.375,0.375,0.375,0.3720420157608525,0.38214015984171734,0.3770234831049817,,,,,,1.3784221114503785,0.28374325134973005,0.3547418967587035,0.3152950995790133,,,,,,
raw,1,525,1.8685181140899658,0.3333333432674408,0.5,0.4000000071525573,0.37088075558605016,0.38567595504646585,0.3781336880864277,,,,,,1.3768288468571457,0.28374325134973005,0.3547418967587035,0.3152950995790133,,,,,,
raw,1,526,1.8307033777236938,0.375,0.375,0.375,0.3710043329184687,0.38535567639507184,0.3780438518611126,,,,,,1.3762842083650324,0.28374325134973005,0.3547418967587035,0.3152950995790133,,,,,,
raw,1,527,1.529336929321289,0.375,0.375,0.375,0.37112420293091464,0.3850450061032197,0.37795646602726435,,,,,,1.3758116823529585,0.28374325134973005,0.3547418967587035,0.3152950995790133,,,,,,
raw,1,528,1.74554443359375,0.4375,0.375,0.40384615384615385,0.3731154768429872,0.38474365592012305,0.37884035814825395,,,,,,1.375288131439392,0.28374325134973005,0.3547418967587035,0.3152950995790133,,,,,,
raw,1,529,2.198122024536133,0.4375,0.375,0.40384615384615385,0.37504701253769757,0.3844513462425193,0.37969095576697004,,,,,,1.3747272680529297,0.28374325134973005,0.3547418967587035,0.3152950995790133,,,,,,
raw,1,530,1.9404792785644531,0.375,0.375,0.375,0.3750456021615667,0.3841678058552437,0.37955190084018514,,,,,,1.3741760660377484,0.28374325134973005,0.3547418967587035,0.3152950995790133,,,,,,
raw,1,531,2.11568284034729,0.375,0.4375,0.40384615384615385,0.3750442340967197,0.38576777167958637,0.3803304295156128,,,,,,1.373699916384198,0.28374325134973005,0.3547418967587035,0.3152950995790133,,,,,,
raw,1,532,2.507528781890869,0.375,0.375,0.375,0.37504290707381815,0.3854447385291988,0.38017268548701577,,,,,,1.3732112323308328,0.28374325134973005,0.3547418967587035,0.3152950995790133,,,,,,
raw,1,533,2.109476089477539,0.3125,0.375,0.3409090909090909,0.3731666198616036,0.38513139637332283,0.37905461523108447,,,,,,1.3726974938086491,0.28374325134973005,0.3547418967587035,0.3152950995790133,,,,,,
raw,1,534,1.694772720336914,0.4375,0.3125,0.3645833333333333,0.3750966212657555,0.3829524544821232,0.37898383198991564,,,,,,1.3721656722846365,0.28374325134973005,0.3547418967587035,0.3152950995790133,,,,,,
raw,1,535,1.9268255233764648,0.375,0.375,0.375,0.37509372262778284,0.38271388084765945,0.37886548936725295,,,,,,1.3716123998130858,0.28374325134973005,0.3547418967587035,0.3152950995790133,,,,,,
raw,1,536,1.9044725894927979,0.375,0.375,0.375,0.3750909109489493,0.38248246442222966,0.3787506284307869,,,,,,1.3711518124999935,0.28374325134973005,0.3547418967587035,0.3152950995790133,,,,,,
raw,1,537,1.5879898071289062,0.375,0.375,0.375,0.3750881836204808,0.38225799048956277,0.37863914872384824,,,,,,1.3705809299813858,0.28374325134973005,0.3547418967587035,0.3152950995790133,,,,,,
raw,1,538,1.563625454902649,0.375,0.375,0.375,0.3750855381118664,0.3820402507748759,0.37853095257259156,,,,,,1.3700601663568945,0.28374325134973005,0.3547418967587035,0.3152950995790133,,,,,,
raw,1,539,2.274229049682617,0.4375,0.375,0.40384615384615385,0.3769579719685104,0.3818290432516296,0.3793778725669226,,,,,,1.369604606679037,0.28374325134973005,0.3547418967587035,0.3152950995790133,,,,,,
raw,1,540,1.911980390548706,0.375,0.375,0.375,0.37689923280945503,0.3816241719540807,0.37924698625713665,,,,,,1.3690641359259272,0.28374325134973005,0.3547418967587035,0.3152950995790133,,,,,,
raw,1,541,1.8466424942016602,0.3125,0.4375,0.3645833333333333,0.3749672558251714,0.38330044679545827,0.3790880613660067,,,,,,1.36860995656193,0.28374325134973005,0.3547418967587035,0.3152950995790133,,,,,,
raw,1,542,2.150991439819336,0.3125,0.375,0.3409090909090909,0.37309323815041623,0.38305143339159453,0.37800676257040394,,,,,,1.3680812483394875,0.28374325134973005,0.3547418967587035,0.3152950995790133,,,,,,
raw,1,543,1.9794073104858398,0.25,0.375,0.3,0.36940044100590375,0.3828098903898467,0.3759856423908456,,,,,,1.3675997116022274,0.28374325134973005,0.3547418967587035,0.3152950995790133,,,,,,
raw,1,544,2.2973289489746094,0.375,0.375,0.375,0.3695684277757266,0.3825755936781513,0.37595954133278875,,,,,,1.3671739150735287,0.28374325134973005,0.3547418967587035,0.3152950995790133,,,,,,
raw,1,545,2.582855224609375,0.375,0.375,0.375,0.3697313749424548,0.38234832586780676,0.3759340189018464,,,,,,1.366721893394491,0.28374325134973005,0.3547418967587035,0.3152950995790133,,,,,,
raw,1,546,2.032672882080078,0.375,0.375,0.375,0.36988943369418115,0.38212787609177257,0.3759090697701545,,,,,,1.366196959890125,0.28374325134973005,0.3547418967587035,0.3152950995790133,,,,,,
raw,1,547,2.436835765838623,0.375,0.375,0.375,0.3700427506833557,0.3819140398090194,0.37588468806295106,,,,,,1.3656414855575971,0.28374325134973005,0.3547418967587035,0.3152950995790133,,,,,,
raw,1,548,2.1966819763183594,0.375,0.375,0.375,0.370191468162855,0.38170661861474886,0.37586086741637853,,,,,,1.3651935802919755,0.28374325134973005,0.3547418967587035,0.3152950995790133,,,,,,
raw,1,549,1.8247828483581543,0.375,0.375,0.375,0.37033572411796933,0.3815054200563064,0.37583760103113645,,,,,,1.364701246994543,0.28374325134973005,0.3547418967587035,0.3152950995790133,,,,,,
raw,1,550,1.8784675598144531,0.4375,0.375,0.40384615384615385,0.3723506523944302,0.3813102574546172,0.376777198531771,,,,,,1.3641770458181748,0.28374325134973005,0.3547418967587035,0.3152950995790133,,,,,,
raw,1,551,1.8963570594787598,0.4375,0.4375,0.4375,0.3743051328225973,0.38299594973097867,0.3786006731990346,,,,,,1.363691113067153,0.28374325134973005,0.3547418967587035,0.3152950995790133,,,,,,
raw,1,552,1.7508068084716797,0.375,0.375,0.375,0.3743259788379194,0.3827560712390493,0.37849409058938177,,,,,,1.3632148478260944,0.28374325134973005,0.3547418967587035,0.3152950995790133,,,,,,
raw,1,553,1.537628173828125,0.375,0.4375,0.40384615384615385,0.3743461994727818,0.38439838910187785,0.37930570632224847,,,,,,1.3627797520795675,0.28374325134973005,0.3547418967587035,0.3152950995790133,,,,,,
raw,1,554,1.9772639274597168,0.375,0.4375,0.40384615384615385,0.3743658134885983,0.38599143742882147,0.3800897493864186,,,,,,1.3622934823104627,0.28374325134973005,0.3547418967587035,0.3152950995790133,,,,,,
raw,1,555,1.837321400642395,0.375,0.375,0.375,0.3743848390839404,0.38566169430595687,0.3799396090120886,,,,,,1.3617957861261307,0.28374325134973005,0.3547418967587035,0.3152950995790133,,,,,,
raw,1,556,2.393707275390625,0.4375,0.375,0.40384615384615385,0.37627829391142215,0.38534184347677813,0.3807561389680523,,,,,,1.3613399624100697,0.28374325134973005,0.3547418967587035,0.3152950995790133,,,,,,
raw,1,557,1.700068712234497,0.375,0.375,0.375,0.37623994509407943,0.38503158817247474,0.38058500091786523,,,,,,1.360898690843805,0.28374325134973005,0.3547418967587035,0.3152950995790133,,,,,,
raw,1,558,1.9901695251464844,0.4375,0.375,0.40384615384615385,0.37807774674125705,0.38473064052730055,0.38137518176415053,,,,,,1.3604484602150622,0.28374325134973005,0.3547418967587035,0.3152950995790133,,,,,,
raw,1,559,1.9407644271850586,0.4375,0.375,0.40384615384615385,0.37986041433901935,0.3844387213114815,0.3821358553311781,,,,,,1.3599627307692292,0.28374325134973005,0.3547418967587035,0.3152950995790133,,,,,,
raw,1,560,2.215553045272827,0.3125,0.375,0.3409090909090909,0.3778396019088488,0.384155559672137,0.3809714052158443,,,,,,1.3594852532142925,0.28374325134973005,0.3547418967587035,0.3152950995790133,,,,,,
raw,1,561,1.8720321655273438,0.375,0.4375,0.40384615384615385,0.37775441385158337,0.3857558928819729,0.3817132261877282,,,,,,1.359012073618553,0.28374325134973005,0.3547418967587035,0.3152950995790133,,,,,,
raw,1,562,1.8325014114379883,0.375,0.3125,0.3409090909090909,0.37767178143603586,0.3835582160955137,0.3805922394728458,,,,,,1.3585517966192167,0.28374325134973005,0.3547418967587035,0.3152950995790133,,,,,,
raw,1,563,2.0799312591552734,0.375,0.375,0.375,0.37759162799295476,0.3833014696126483,0.380425125102531,,,,,,1.3581015717584384,0.28374325134973005,0.3547418967587035,0.3152950995790133,,,,,,
raw,1,564,2.0518319606781006,0.375,0.375,0.375,0.37751387915316614,0.3830524255242689,0.38026298611802367,,,,,,1.3576698026595908,0.28374325134973005,0.3547418967587035,0.3152950995790133,,,,,,
raw,1,565,1.795853853225708,0.5,0.375,0.42857142857142855,0.38118846277857116,0.38281085275854076,0.3819979351562489,,,,,,1.3571812373451297,0.28374325134973005,0.3547418967587035,0.3152950995790133,,,,,,
raw,1,566,2.1987228393554688,0.375,0.3125,0.3409090909090909,0.381002808895214,0.38070152717578454,0.3808521084515701,,,,,,1.3567099510600789,0.28374325134973005,0.3547418967587035,0.3152950995790133,,,,,,
raw,1,567,1.6283718347549438,0.375,0.375,0.375,0.38082272462835753,0.38053048136051104,0.38067654690605973,,,,,,1.3562569296296438,0.28374325134973005,0.3547418967587035,0.3152950995790133,,,,,,
raw,1,568,2.0557727813720703,0.375,0.4375,0.40384615384615385,0.3806480428895068,0.3822395669196957,0.3814421447985082,,,,,,1.3558118195422548,0.28374325134973005,0.3547418967587035,0.3152950995790133,,,,,,
raw,1,569,2.3936057090759277,0.375,0.375,0.375,0.38047860160282165,0.38202237991210486,0.38124892797162696,,,,,,1.3554448072056327,0.28374325134973005,0.3547418967587035,0.3152950995790133,,,,,,
raw,1,570,2.2660751342773438,0.4375,0.375,0.40384615384615385,0.382189243554737,0.38181170851474167,0.38200038275428855,,,,,,1.3550009826315912,0.28374325134973005,0.3547418967587035,0.3152950995790133,,,,,,
raw,1,571,2.002713680267334,0.375,0.4375,0.40384615384615385,0.38197356624809486,0.3834823572592994,0.38272647476388777,,,,,,1.3545946096322259,0.28374325134973005,0.3547418967587035,0.3152950995790133,,,,,,
raw,1,572,1.7968778610229492,0.375,0.4375,0.40384615384615385,0.381764359260652,0.3851028865415204,0.3834263558255486,,,,,,1.354175732342651,0.28374325134973005,0.3547418967587035,0.3152950995790133,,,,,,
raw,1,573,1.9610035419464111,0.375,0.3125,0.3409090909090909,0.3815614284828325,0.38292479994527484,0.38224189850755985,,,,,,1.3537243305410183,0.28374325134973005,0.3547418967587035,0.3152950995790133,,,,,,
raw,1,574,2.0310897827148438,0.375,0.375,0.375,0.3813645856283475,0.38268705594691654,0.38202467627877407,,,,,,1.3533210839721233,0.28374325134973005,0.3547418967587035,0.3152950995790133,,,,,,
raw,1,575,2.1523265838623047,0.4375,0.375,0.40384615384615385,0.38304864805949707,0.382456444268509,0.3827523170960755,,,,,,1.3528876412173976,0.28374325134973005,0.3547418967587035,0.3152950995790133,,,,,,
raw,1,576,1.5523667335510254,0.3125,0.375,0.3409090909090909,0.38093218861771216,0.3822327509404537,0.38158136158983863,,,,,,1.3524492022569474,0.28374325134973005,0.3547418967587035,0.3152950995790133,,,,,,
raw,1,577,2.1265668869018555,0.5,0.375,0.42857142857142855,0.3845042229591808,0.38201576841224016,0.38325595638725657,,,,,,1.3519588746967013,0.28374325134973005,0.3547418967587035,0.3152950995790133,,,,,,
raw,1,578,2.2935709953308105,0.4375,0.375,0.40384615384615385,0.38609409627040536,0.38180529535987295,0.3839377191073499,,,,,,1.3515043110726632,0.28374325134973005,0.3547418967587035,0.3152950995790133,,,,,,
raw,1,579,2.0881195068359375,0.4375,0.25,0.3181818181818182,0.3876362733822932,0.37785113649907676,0.38268116380507167,,,,,,1.3510639094991392,0.28374325134973005,0.3547418967587035,0.3152950995790133,,,,,,
raw,1,580,1.856748104095459,0.375,0.375,0.375,0.3872571851808244,0.3777656024041045,0.3824525130995823,,,,,,1.3505930082758604,0.28374325134973005,0.3547418967587035,0.3152950995790133,,,,,,
raw,1,581,2.078716993331909,0.4375,0.4375,0.4375,0.3887644696253997,0.37955763433198136,0.3841058890361671,,,,,,1.3501801784853853,0.28374325134973005,0.3547418967587035,0.3152950995790133,,,,,,
raw,1,582,1.687347650527954,0.375,0.375,0.375,0.3883515355366377,0.3794209053020219,0.3838342804484835,,,,,,1.3497503204467474,0.28374325134973005,0.3547418967587035,0.3152950995790133,,,,,,
raw,1,583,1.9853668212890625,0.375,0.375,0.375,0.3879509894705385,0.3792882781429612,0.38357072952700777,,,,,,1.3493491212693027,0.28374325134973005,0.3547418967587035,0.3152950995790133,,,,,,
raw,1,584,2.0003273487091064,0.375,0.375,0.375,0.38756245978642234,0.37915962979867235,0.3833149997178312,,,,,,1.3489615078767063,0.28374325134973005,0.3547418967587035,0.3152950995790133,,,,,,
raw,1,585,1.7736539840698242,0.375,0.375,0.375,0.3871855859928297,0.3790348409047122,0.3830668612728439,,,,,,1.348523175213675,0.28374325134973005,0.3547418967587035,0.3152950995790133,,,,,,
raw,1,586,2.2472615242004395,0.375,0.375,0.375,0.3868200184130448,0.3789137956775708,0.38282609106148113,,,,,,1.3481505836177439,0.28374325134973005,0.3547418967587035,0.3152950995790133,,,,,,
raw,1,587,2.0006651878356934,0.375,0.375,0.375,0.38646541786065347,0.3787963818072436,0.38259247238727995,,,,,,1.3477306282793802,0.28374325134973005,0.3547418967587035,0.3152950995790133,,,,,,
raw,1,588,1.7130744457244873,0.375,0.375,0.375,0.3861214553248339,0.37868249035302626,0.3823657948091458,,,,,,1.3472869377551093,0.28374325134973005,0.3547418967587035,0.3152950995790133,,,,,,
raw,1,589,2.0905680656433105,0.375,0.375,0.375,0.3857878116650889,0.3785720156424355,0.3821458539672243,,,,,,1.34687242088285,0.28374325134973005,0.3547418967587035,0.3152950995790133,,,,,,
raw,1,590,1.4469947814941406,0.25,0.375,0.3,0.38171417731513624,0.3784648551731624,0.3800825717653285,,,,,,1.3464599916949214,0.28374325134973005,0.3547418967587035,0.3152950995790133,,,,,,
raw,1,591,2.3651628494262695,0.375,0.4375,0.40384615384615385,0.38151275199568213,0.38023590951796754,0.3808732606356712,,,,,,1.3460487681895048,0.28374325134973005,0.3547418967587035,0.3152950995790133,,,,,,
raw,1,592,1.7714533805847168,0.375,0.4375,0.40384615384615385,0.3813173694358116,0.3819538322324285,0.3816353354730724,,,,,,1.3456767596283719,0.28374325134973005,0.3547418967587035,0.3152950995790133,,,,,,
raw,1,593,1.7112808227539062,0.4375,0.375,0.40384615384615385,0.3830028483527373,0.3817452172654556,0.3823729987195559,,,,,,1.3452929084317184,0.28374325134973005,0.3547418967587035,0.3152950995790133,,,,,,
raw,1,594,2.0398054122924805,0.375,0.375,0.375,0.38276276290215516,0.381542860747492,0.38215183828673827,,,,,,1.34486915319865,0.28374325134973005,0.3547418967587035,0.3152950995790133,,,,,,
raw,1,595,1.8373186588287354,0.4375,0.375,0.40384615384615385,0.3844048800150905,0.3813465749250672,0.38286962024693005,,,,,,1.3444714848739643,0.28374325134973005,0.3547418967587035,0.3152950995790133,,,,,,
raw,1,596,2.042980194091797,0.4375,0.375,0.40384615384615385,0.38599773361463774,0.38115617767731513,0.383561677966003,,,,,,1.3441063256711563,0.28374325134973005,0.3547418967587035,0.3152950995790133,,,,,,
raw,1,597,1.883889079093933,0.375,0.375,0.375,0.3856678016061986,0.3809714923469957,0.3833052625582455,,,,,,1.3437603524288102,0.28374325134973005,0.3547418967587035,0.3152950995790133,,,,,,
raw,1,598,2.0651931762695312,0.375,0.3125,0.3409090909090909,0.3853477675580127,0.3789173475765858,0.38210550523930553,,,,,,1.3433154660535158,0.28374325134973005,0.3547418967587035,0.3152950995790133,,,,,,
raw,1,599,2.0911216735839844,0.375,0.4375,0.40384615384615385,0.3850373345312723,0.3806748271492882,0.38284365353952005,,,,,,1.3429017662771223,0.28374325134973005,0.3547418967587035,0.3152950995790133,,,,,,
raw,1,600,2.1943836212158203,0.4375,0.375,0.40384615384615385,0.38661121449533414,0.38050458233480955,0.383533592465111,,,,,,1.4591258533333409,0.28374325134973005,0.3547418967587035,0.3152950995790133,,,,0.3833233353329334,0.38115246098439376,0.3822348158534684
raw,1,601,1.877679705619812,0.375,0.375,0.375,0.3862628780604741,0.38033944486476523,0.38327827667622205,,,,,,1.4586026101497493,0.28374325134973005,0.3547418967587035,0.3152950995790133,,,,,,
raw,1,602,1.9176616668701172,0.375,0.4375,0.40384615384615385,0.3859249917186599,0.38205426151882227,0.38397987208942486,,,,,,1.4580444513289137,0.28374325134973005,0.3547418967587035,0.3152950995790133,,,,,,
raw,1,603,1.9226489067077637,0.3125,0.375,0.3409090909090909,0.38372224196710014,0.38184263367325755,0.38278013042112574,,,,,,1.4574670283582176,0.28374325134973005,0.3547418967587035,0.3152950995790133,,,,,,
raw,1,604,1.6822624206542969,0.4375,0.375,0.40384615384615385,0.3853355747080871,0.3816373546630598,0.38347754857460153,,,,,,1.4569218170529936,0.28374325134973005,0.3547418967587035,0.3152950995790133,,,,,,
raw,1,605,2.114595413208008,0.375,0.375,0.375,0.3850255074668445,0.381438234023168,0.3832234760029831,,,,,,1.4563501699173618,0.28374325134973005,0.3547418967587035,0.3152950995790133,,,,,,
raw,1,606,1.6219196319580078,0.375,0.4375,0.40384615384615385,0.38472474224283915,0.38312008700247296,0.38392073790469017,,,,,,1.4557817744224377,0.28374325134973005,0.3547418967587035,0.3152950995790133,,,,,,
raw,1,607,2.11956787109375,0.375,0.375,0.375,0.384432999975554,0.38287648439239874,0.38365316345934836,,,,,,1.455183690939044,0.28374325134973005,0.3547418967587035,0.3152950995790133,,,,,,
raw,1,608,1.8511412143707275,0.375,0.3125,0.3409090909090909,0.38415000997628745,0.3807651898606268,0.3824501108482845,,,,,,1.4546617037828917,0.28374325134973005,0.3547418967587035,0.3152950995790133,,,,,,
raw,1,609,2.107117176055908,0.3125,0.375,0.3409090909090909,0.38200050967699883,0.38059223416480803,0.38129507159387155,,,,,,1.4540605753694515,0.28374325134973005,0.3547418967587035,0.3152950995790133,,,,,,
raw,1,610,1.7329496145248413,0.4375,0.375,0.40384615384615385,0.38366549438668884,0.3804244671398638,0.38203810705851404,,,,,,1.4534533940983714,0.28374325134973005,0.3547418967587035,0.3152950995790133,,,,,,
raw,1,611,2.077838897705078,0.375,0.375,0.375,0.3834055295550882,0.3802617331256679,0.3818271602917469,,,,,,1.4528408523731573,0.28374325134973005,0.3547418967587035,0.3152950995790133,,,,,,
raw,1,612,2.0244674682617188,0.375,0.4375,0.40384615384615385,0.38315336366843555,0.3819788811318979,0.3825652209813349,,,,,,1.452262860620929,0.28374325134973005,0.3547418967587035,0.3152950995790133,,,,,,
raw,1,613,1.9546220302581787,0.375,0.3125,0.3409090909090909,0.3829087627583825,0.37989451469794094,0.3813956832664861,,,,,,1.4516731698205485,0.28374325134973005,0.3547418967587035,0.3152950995790133,,,,,,
raw,1,614,1.4952316284179688,0.375,0.375,0.375,0.382671499875631,0.3797476792570027,0.38120398324944815,,,,,,1.4511418597720007,0.28374325134973005,0.3547418967587035,0.3152950995790133,,,,,,
raw,1,615,1.7960877418518066,0.4375,0.375,0.40384615384615385,0.38431635487936205,0.3796052488792926,0.3819462751794443,,,,,,1.450564853983744,0.28374325134973005,0.3547418967587035,0.3152950995790133,,,,,,
raw,1,616,1.9261798858642578,0.4375,0.4375,0.4375,0.3859118642329812,0.3813420914129138,0.3836133690148903,,,,,,1.4500160488636327,0.28374325134973005,0.3547418967587035,0.3152950995790133,,,,,,
raw,1,617,1.9103527069091797,0.3125,0.375,0.3409090909090909,0.38370950830599176,0.38115182867052644,0.3824263920757896,,,,,,1.4494720831442602,0.28374325134973005,0.3547418967587035,0.3152950995790133,,,,,,
raw,1,618,2.228740692138672,0.375,0.375,0.375,0.38344822305681203,0.3809672738104106,0.38220372241033707,,,,,,1.4488885648867473,0.28374325134973005,0.3547418967587035,0.3152950995790133,,,,,,
raw,1,619,1.9388887882232666,0.375,0.375,0.375,0.3831947763651077,0.3807882555960983,0.38198772575099743,,,,,,1.4483164665589665,0.28374325134973005,0.3547418967587035,0.3152950995790133,,,,,,
raw,1,620,1.8879226446151733,0.3125,0.375,0.3409090909090909,0.38107393307415444,0.38061460792821533,0.3808441320065258,,,,,,1.4477795543548353,0.28374325134973005,0.3547418967587035,0.3152950995790133,,,,,,
raw,1,621,1.3632862567901611,0.375,0.375,0.375,0.38089171508192976,0.3804461696903688,0.38066881201650665,,,,,,1.4472583872785858,0.28374325134973005,0.3547418967587035,0.3152950995790133,,,,,,
raw,1,622,1.848985195159912,0.375,0.4375,0.40384615384615385,0.3807149636294719,0.38215778459965777,0.38143500971115885,,,,,,1.4467374667202622,0.28374325134973005,0.3547418967587035,0.3152950995790133,,,,,,
raw,1,623,2.092097282409668,0.375,0.375,0.375,0.3805435147205877,0.38194305106166804,0.3812419984737638,,,,,,1.4461700852327493,0.28374325134973005,0.3547418967587035,0.3152950995790133,,,,,,
raw,1,624,1.8154773712158203,0.375,0.375,0.375,0.38037720927897,0.38173475952981795,0.3810547753020842,,,,,,1.445572525000012,0.28374325134973005,0.3547418967587035,0.3152950995790133,,,,,,
raw,1,625,1.9312849044799805,0.3125,0.375,0.3409090909090909,0.3783408930006009,0.3815327167439234,0.37993010129769544,,,,,,1.4450886852800147,0.28374325134973005,0.3547418967587035,0.3152950995790133,,,,,,
raw,1,626,1.8531219959259033,0.375,0.375,0.375,0.37824066621058294,0.3813367352416057,0.37978239087312443,,,,,,1.4445485578274901,0.28374325134973005,0.3547418967587035,0.3152950995790133,,,,,,
raw,1,627,1.715200662612915,0.375,0.375,0.375,0.37814344622426543,0.3811466331843576,0.37963910051706157,,,,,,1.4439476014354107,0.28374325134973005,0.3547418967587035,0.3152950995790133,,,,,,
raw,1,628,2.004932403564453,0.375,0.375,0.375,0.37804914283753743,0.3809622341888269,0.3795000982799671,,,,,,1.4433687499999934,0.28374325134973005,0.3547418967587035,0.3152950995790133,,,,,,
raw,1,629,2.0119028091430664,0.4375,0.4375,0.4375,0.3798326685524113,0.3826583671631621,0.3812402820108949,,,,,,1.4428299224165493,0.28374325134973005,0.3547418967587035,0.3152950995790133,,,,,,
raw,1,630,2.0942153930664062,0.3333333432674408,0.5,0.4000000071525573,0.3784376887938622,0.38617861614826726,0.38226896814036254,,,,,,1.441415287301592,0.28374325134973005,0.3547418967587035,0.3152950995790133,,,,,,
raw,1,631,2.0071706771850586,0.375,0.375,0.375,0.37833455813004635,0.3858432576638192,0.38205201820481977,,,,,,1.4408702968304326,0.28374325134973005,0.3547418967587035,0.3152950995790133,,,,,,
raw,1,632,1.7889080047607422,0.375,0.375,0.375,0.378234521386145,0.3855179599339046,0.3818415118189562,,,,,,1.4403364930379823,0.28374325134973005,0.3547418967587035,0.3152950995790133,,,,,,
raw,1,633,1.7805894613265991,0.375,0.375,0.375,0.37813748574456063,0.38520242113588743,0.38163725941254795,,,,,,1.4397783936808957,0.28374325134973005,0.3547418967587035,0.3152950995790133,,,,,,
raw,1,634,2.3022589683532715,0.375,0.375,0.375,0.3780433611722238,0.38489634850181076,0.38143907689038276,,,,,,1.4392426974763362,0.28374325134973005,0.3547418967587035,0.3152950995790133,,,,,,
raw,1,635,2.4138259887695312,0.4375,0.375,0.40384615384615385,0.3798270603370571,0.38459945804675644,0.38219836189350614,,,,,,1.4386840097637807,0.28374325134973005,0.3547418967587035,0.3152950995790133,,,,,,
raw,1,636,1.658994436264038,0.375,0.375,0.375,0.37968224852694543,0.38431147430535373,0.38198283660765503,,,,,,1.4381581823899463,0.28374325134973005,0.3547418967587035,0.3152950995790133,,,,,,
raw,1,637,2.2540664672851562,0.375,0.375,0.375,0.3795417810711371,0.3840321300761931,0.38177375237624517,,,,,,1.4376773717425524,0.28374325134973005,0.3547418967587035,0.3152950995790133,,,,,,
raw,1,638,1.5523574352264404,0.375,0.375,0.375,0.37940552763900304,0.3837611661739073,0.38157091738928645,,,,,,1.4370963775862002,0.28374325134973005,0.3547418967587035,0.3152950995790133,,,,,,
raw,1,639,2.1590652465820312,0.3125,0.375,0.3409090909090909,0.37739836180983294,0.38349833118869014,0.3804238953308143,,,,,,1.4365878222222233,0.28374325134973005,0.3547418967587035,0.3152950995790133,,,,,,
raw,1,640,2.3737592697143555,0.4375,0.375,0.40384615384615385,0.37920141095553794,0.3832433812530295,0.3812116821981408,,,,,,1.4360196260937528,0.28374325134973005,0.3547418967587035,0.3152950995790133,,,,,,
raw,1,641,1.956993579864502,0.375,0.375,0.375,0.37907536862687186,0.3829960798154386,0.3810256385682578,,,,,,1.4354360918876752,0.28374325134973005,0.3547418967587035,0.3152950995790133,,,,,,
raw,1,642,1.9463419914245605,0.375,0.375,0.375,0.37895310756806566,0.38275619742097544,0.3808451583920233,,,,,,1.4349480121495262,0.28374325134973005,0.3547418967587035,0.3152950995790133,,,,,,
raw,1,643,1.8623065948486328,0.375,0.375,0.375,0.37883451434102366,0.3825235114983462,0.3806700757970929,,,,,,1.4344361356143083,0.28374325134973005,0.3547418967587035,0.3152950995790133,,,,,,
raw,1,644,1.5631051063537598,0.375,0.375,0.375,0.37871947891079294,0.3822978061533958,0.3805002298283973,,,,,,1.4338572341615003,0.28374325134973005,0.3547418967587035,0.3152950995790133,,,,,,
raw,1,645,1.7744159698486328,0.375,0.375,0.375,0.3786078945434691,0.382078871968794,0.38033546430393106,,,,,,1.433343654883734,0.28374325134973005,0.3547418967587035,0.3152950995790133,,,,,,
raw,1,646,1.8567025661468506,0.375,0.4375,0.40384615384615385,0.378499657707165,0.38374150580973015,0.38110255795387926,,,,,,1.432818462693493,0.28374325134973005,0.3547418967587035,0.3152950995790133,,,,,,
raw,1,647,2.248307943344116,0.375,0.375,0.375,0.37839466797595,0.38347926063543825,0.3809199975336719,,,,,,1.4322777276661574,0.28374325134973005,0.3547418967587035,0.3152950995790133,,,,,,
raw,1,648,1.645165205001831,0.375,0.375,0.375,0.3782928279366715,0.3832248828163751,0.38074288387317357,,,,,,1.4317971762345818,0.28374325134973005,0.3547418967587035,0.3152950995790133,,,,,,
raw,1,649,1.825048565864563,0.375,0.375,0.375,0.3781940430985714,0.3829781363318838,0.38057105530600754,,,,,,1.431213888751928,0.28374325134973005,0.3547418967587035,0.3152950995790133,,,,,,
raw,1,650,2.1562767028808594,0.375,0.375,0.375,0.37809822180561425,0.3827387922419273,0.3804043549165673,,,,,,1.4306843055384637,0.28374325134973005,0.3547418967587035,0.3152950995790133,,,,,,
raw,1,651,2.0393600463867188,0.4375,0.375,0.40384615384615385,0.3798802751514458,0.38250662847466954,0.38118892803927196,,,,,,1.4301095350230428,0.28374325134973005,0.3547418967587035,0.3152950995790133,,,,,,
raw,1,652,1.9580917358398438,0.3125,0.375,0.3409090909090909,0.3778588668969024,0.38228142962042944,0.38005728283031465,,,,,,1.4295651375766836,0.28374325134973005,0.3547418967587035,0.3152950995790133,,,,,,
raw,1,653,1.8330442905426025,0.375,0.375,0.375,0.3777731008899954,0.3820629867318166,0.3799059338829652,,,,,,1.429089385145489,0.28374325134973005,0.3547418967587035,0.3152950995790133,,,,,,
raw,1,654,1.9669830799102783,0.3125,0.375,0.3409090909090909,0.3758149078632955,0.3818510971298621,0.3788089578775635,,,,,,1.4285796327217255,0.28374325134973005,0.3547418967587035,0.3152950995790133,,,,,,
raw,1,655,1.7920703887939453,0.375,0.25,0.3,0.3757904606273966,0.3778955642159662,0.3768400725627929,,,,,,1.4280556134351277,0.28374325134973005,0.3547418967587035,0.3152950995790133,,,,,,
raw,1,656,2.1306304931640625,0.375,0.4375,0.40384615384615385,0.3757667468085747,0.3796836972894872,0.37771506751064277,,,,,,1.4275978198170711,0.28374325134973005,0.3547418967587035,0.3152950995790133,,,,,,
raw,1,657,2.0138192176818848,0.375,0.4375,0.40384615384615385,0.37574374440431746,0.38141818637080255,0.37855970224005986,,,,,,1.427109422983262,0.28374325134973005,0.3547418967587035,0.3152950995790133,,,,,,
raw,1,658,1.9616590738296509,0.375,0.375,0.375,0.3757214320721879,0.38122564077967847,0.37845352425164636,,,,,,1.4266015003039625,0.28374325134973005,0.3547418967587035,0.3152950995790133,,,,,,
raw,1,659,1.778897762298584,0.4375,0.375,0.40384615384615385,0.37757478911002224,0.38103887155628813,0.37929892125649556,,,,,,1.4261138182094042,0.28374325134973005,0.3547418967587035,0.3152950995790133,,,,,,
raw,1,660,1.6996726989746094,0.375,0.375,0.375,0.37749754543672154,0.3808577054095995,0.37917018123718654,,,,,,1.4256055333333444,0.28374325134973005,0.3547418967587035,0.3152950995790133,,,,,,
raw,1,661,1.8974981307983398,0.375,0.4375,0.40384615384615385,0.37742261907361985,0.3825569742473115,0.37997245303487276,,,,,,1.4250689644478163,0.28374325134973005,0.3547418967587035,0.3152950995790133,,,,,,
raw,1,662,2.1411924362182617,0.375,0.375,0.375,0.37734994050141124,0.3823302650198922,0.3798237777122109,,,,,,1.424545649546829,0.28374325134973005,0.3547418967587035,0.3152950995790133,,,,,,
raw,1,663,1.9698925018310547,0.4375,0.375,0.40384615384615385,0.3791544422863689,0.3821103570692954,0.3806266609176719,,,,,,1.4240559624434452,0.28374325134973005,0.3547418967587035,0.3152950995790133,,,,,,
raw,1,664,1.825887680053711,0.375,0.375,0.375,0.37902980901777783,0.38189704635721655,0.38045802568998416,,,,,,1.4235141052710996,0.28374325134973005,0.3547418967587035,0.3152950995790133,,,,,,
raw,1,665,1.7559592723846436,0.4375,0.375,0.40384615384615385,0.3807839147472445,0.38169013496650006,0.3812364863237339,,,,,,1.4230386354887194,0.28374325134973005,0.3547418967587035,0.3152950995790133,,,,,,
raw,1,666,1.8354809284210205,0.3125,0.4375,0.3645833333333333,0.3787353973048272,0.38336443091750505,0.38103585561686276,,,,,,1.4225959857357373,0.28374325134973005,0.3547418967587035,0.3152950995790133,,,,,,
raw,1,667,1.9502978324890137,0.4375,0.375,0.40384615384615385,0.38049833538568234,0.38311349798997985,0.3818014385779145,,,,,,1.4221559292353845,0.28374325134973005,0.3547418967587035,0.3152950995790133,,,,,,
raw,1,668,2.23945951461792,0.4375,0.375,0.40384615384615385,0.38220838532411183,0.3828700930502804,0.3825389530354305,,,,,,1.4216602202095765,0.28374325134973005,0.3547418967587035,0.3152950995790133,,,,,,
raw,1,669,1.645789384841919,0.375,0.375,0.375,0.38199213376438845,0.382633990258772,0.3823127926121009,,,,,,1.4211590614349767,0.28374325134973005,0.3547418967587035,0.3152950995790133,,,,,,
raw,1,670,1.715972900390625,0.375,0.375,0.375,0.38178236975145685,0.38240497055100886,0.3820934165277199,,,,,,1.4207001340298595,0.28374325134973005,0.3547418967587035,0.3152950995790133,,,,,,
raw,1,671,1.521275520324707,0.375,0.375,0.375,0.38157889865891315,0.38218282143447857,0.38188062127934913,,,,,,1.4202191332339873,0.28374325134973005,0.3547418967587035,0.3152950995790133,,,,,,
raw,1,672,2.2117362022399902,0.375,0.375,0.375,0.3813815316991458,0.38196733679144423,0.3816742094675949,,,,,,1.4197155955357197,0.28374325134973005,0.3547418967587035,0.3152950995790133,,,,,,
raw,1,673,1.9149951934814453,0.4375,0.375,0.40384615384615385,0.3830650857481714,0.3817583166877009,0.38241058485213725,,,,,,1.4192442927191653,0.28374325134973005,0.3547418967587035,0.3152950995790133,,,,,,
raw,1,674,2.0125155448913574,0.3125,0.375,0.3409090909090909,0.38094813317572623,0.38155556718706984,0.38125160823104554,,,,,,1.4187768480712162,0.28374325134973005,0.3547418967587035,0.3152950995790133,,,,,,
raw,1,675,2.052011728286743,0.4375,0.375,0.40384615384615385,0.3826446891804544,0.3813589001714578,0.3820007127089348,,,,,,1.4183095880000016,0.28374325134973005,0.3547418967587035,0.3152950995790133,,,,,,
raw,1,676,2.1675491333007812,0.375,0.4375,0.40384615384615385,0.3824153485050408,0.38304313316631405,0.382728983399389,,,,,,1.4178352653846145,0.28374325134973005,0.3547418967587035,0.3152950995790133,,,,,,
raw,1,677,2.301534652709961,0.375,0.375,0.375,0.3821928880498896,0.3828018391713246,0.38249712124196383,,,,,,1.4173843870014893,0.28374325134973005,0.3547418967587035,0.3152950995790133,,,,,,
raw,1,678,2.0142393112182617,0.375,0.375,0.375,0.3819771014083929,0.38256778399618485,0.38227221452345583,,,,,,1.4169423705014808,0.28374325134973005,0.3547418967587035,0.3152950995790133,,,,,,
raw,1,679,1.9157233238220215,0.375,0.375,0.375,0.3817677883661411,0.38234075047629934,0.38205405460515485,,,,,,1.4164829596465445,0.28374325134973005,0.3547418967587035,0.3152950995790133,,,,,,
raw,1,680,1.8688387870788574,0.375,0.375,0.375,0.38156475471515683,0.38212052796201035,0.38184243910612675,,,,,,1.4160004444117744,0.28374325134973005,0.3547418967587035,0.3152950995790133,,,,,,
raw,1,681,1.9574775695800781,0.375,0.3125,0.3409090909090909,0.3813678120737021,0.3800319121231501,0.3806986901590221,,,,,,1.4155707324522708,0.28374325134973005,0.3547418967587035,0.3152950995790133,,,,,,
raw,1,682,2.008319854736328,0.375,0.375,0.375,0.38117677771149105,0.3798809547594556,0.3805277630621848,,,,,,1.41512479428152,0.28374325134973005,0.3547418967587035,0.3152950995790133,,,,,,
raw,1,683,1.6464016437530518,0.375,0.375,0.375,0.38099147438014636,0.3797345261166719,0.38036196182002885,,,,,,1.4146524279648598,0.28374325134973005,0.3547418967587035,0.3152950995790133,,,,,,
raw,1,684,2.0694665908813477,0.375,0.375,0.375,0.3808117301487419,0.3795924903331718,0.3802011327702328,,,,,,1.4141687491228048,0.28374325134973005,0.3547418967587035,0.3152950995790133,,,,,,
raw,1,685,1.8997470140457153,0.375,0.375,0.375,0.3806373782442797,0.37945471562317656,0.3800451268538545,,,,,,1.4137053934306614,0.28374325134973005,0.3547418967587035,0.3152950995790133,,,,,,
raw,1,686,1.667006015777588,0.375,0.4375,0.40384615384615385,0.3804682568969513,0.38119607415448126,0.38083181778857095,,,,,,1.4132190411078664,0.28374325134973005,0.3547418967587035,0.3152950995790133,,,,,,
raw,1,687,1.958465576171875,0.4375,0.4375,0.4375,0.3821792091900427,0.3828851919298468,0.3825318748281318,,,,,,1.4127388921397446,0.28374325134973005,0.3547418967587035,0.3152950995790133,,,,,,
raw,1,688,1.5801851749420166,0.4375,0.375,0.40384615384615385,0.38383883291434145,0.38264863617195144,0.38324281047827735,,,,,,1.4122972193313956,0.28374325134973005,0.3547418967587035,0.3152950995790133,,,,,,
raw,1,689,2.0101146697998047,0.375,0.375,0.375,0.38357366792691117,0.38241917708679285,0.38299555249278555,,,,,,1.4118616200290313,0.28374325134973005,0.3547418967587035,0.3152950995790133,,,,,,
raw,1,690,1.9025592803955078,0.4375,0.375,0.40384615384615385,0.3851914578891038,0.382196601774189,0.38368818587627335,,,,,,1.411447901014501,0.28374325134973005,0.3547418967587035,0.3152950995790133,,,,,,
raw,1,691,2.266839027404785,0.375,0.375,0.375,0.38488571415243067,0.3819807037209634,0.383427706618816,,,,,,1.4110340497829197,0.28374325134973005,0.3547418967587035,0.3152950995790133,,,,,,
raw,1,692,1.8748668432235718,0.375,0.4375,0.40384615384615385,0.3845891427278577,0.3836462826093345,0.3841171340795505,,,,,,1.4106088812138764,0.28374325134973005,0.3547418967587035,0.3152950995790133,,,,,,
raw,1,693,2.0171146392822266,0.3125,0.375,0.3409090909090909,0.382426468446022,0.3833868941310544,0.38290607904160606,,,,,,1.4102097124098258,0.28374325134973005,0.3547418967587035,0.3152950995790133,,,,,,
raw,1,694,1.6464216709136963,0.3125,0.375,0.3409090909090909,0.38032867439264134,0.38313528730712276,0.3817268220758948,,,,,,1.4098118667146944,0.28374325134973005,0.3547418967587035,0.3152950995790133,,,,,,
raw,1,695,2.326979160308838,0.375,0.375,0.375,0.3801688141608621,0.38289122868790904,0.3815251649645784,,,,,,1.409334323309356,0.28374325134973005,0.3547418967587035,0.3152950995790133,,,,,,
raw,1,696,1.9766960144042969,0.4375,0.3125,0.3645833333333333,0.38188874973603626,0.3807794918272718,0.3813333141051457,,,,,,1.408852895833337,0.28374325134973005,0.3547418967587035,0.3152950995790133,,,,,,
raw,1,697,2.098062038421631,0.3125,0.4375,0.3645833333333333,0.3798070872439552,0.3824811070724536,0.38113940708029387,,,,,,1.40837060172167,0.28374325134973005,0.3547418967587035,0.3152950995790133,,,,,,
raw,1,698,1.9511165618896484,0.3125,0.4375,0.3645833333333333,0.37778787462663654,0.38413167386027997,0.3809333647696518,,,,,,1.4078801508596088,0.28374325134973005,0.3547418967587035,0.3152950995790133,,,,,,
raw,1,699,1.7547636032104492,0.5,0.4375,0.4666666666666667,0.38145423838783743,0.38573272364447153,0.3835815507846743,,,,,,1.40750525035766,0.28374325134973005,0.3547418967587035,0.3152950995790133,,,,,,
raw,1,700,2.010171890258789,0.375,0.3125,0.3409090909090909,0.38126061123620225,0.3835357419351374,0.3823947925346896,,,,,,1.4070210764285833,0.28374325134973005,0.3547418967587035,0.3152950995790133,,,,,,
raw,1,701,1.820157527923584,0.3125,0.375,0.3409090909090909,0.3791977928991162,0.38327966967708327,0.38122780524841443,,,,,,1.4066630904422235,0.28374325134973005,0.3547418967587035,0.3152950995790133,,,,,,
raw,1,702,1.7836860418319702,0.375,0.375,0.375,0.3790718591121427,0.38303127958677075,0.381041283989314,,,,,,1.4062554142450105,0.28374325134973005,0.3547418967587035,0.3152950995790133,,,,,,
raw,1,703,1.6633801460266113,0.4375,0.4375,0.4375,0.3808247033387784,0.3846653411991676,0.3827353875916314,,,,,,1.4058541048364184,0.28374325134973005,0.3547418967587035,0.3152950995790133,,,,,,
raw,1,704,1.7310903072357178,0.4375,0.375,0.40384615384615385,0.38252496223861504,0.38437538096319257,0.38344793920559544,,,,,,1.4054472431818217,0.28374325134973005,0.3547418967587035,0.3152950995790133,,,,,,
raw,1,705,2.1471686363220215,0.4375,0.375,0.40384615384615385,0.3841742133714566,0.38409411953429684,0.3841341622778883,,,,,,1.40505130269504,0.28374325134973005,0.3547418967587035,0.3152950995790133,,,,,,
raw,1,706,1.94775390625,0.375,0.375,0.375,0.3838989869703129,0.38382129594826797,0.3838601375282396,,,,,,1.404627036827192,0.28374325134973005,0.3547418967587035,0.3152950995790133,,,,,,
raw,1,707,1.5111358165740967,0.5,0.4375,0.4666666666666667,0.3873820173612035,0.3854316570698199,0.3864043761402279,,,,,,1.4042200404526217,0.28374325134973005,0.3547418967587035,0.3152950995790133,,,,,,
raw,1,708,1.813979148864746,0.375,0.4375,0.40384615384615385,0.38701055684036734,0.3869937073577253,0.38700213191564614,,,,,,1.4037395514124258,0.28374325134973005,0.3547418967587035,0.3152950995790133,,,,,,
raw,1,709,1.9591221809387207,0.3125,0.4375,0.3645833333333333,0.38477524013515635,0.3885088961369935,0.38663305451062596,,,,,,1.4033257409026778,0.28374325134973005,0.3547418967587035,0.3152950995790133,,,,,,
raw,1,710,2.081993579864502,0.375,0.375,0.375,0.3844819829311017,0.38810362925288366,0.38628431750388464,,,,,,1.402918832394369,0.28374325134973005,0.3547418967587035,0.3152950995790133,,,,,,
raw,1,711,1.9097366333007812,0.3125,0.375,0.3409090909090909,0.38232252344316864,0.3877105203752972,0.38499767173703986,,,,,,1.4024755095639927,0.28374325134973005,0.3547418967587035,0.3152950995790133,,,,,,
raw,1,712,2.0838985443115234,0.375,0.375,0.375,0.3821028477398736,0.3873292047640383,0.3846982762715287,,,,,,1.4020862615168554,0.28374325134973005,0.3547418967587035,0.3152950995790133,,,,,,
raw,1,713,2.1977367401123047,0.375,0.375,0.375,0.38188976230767735,0.38695932862111715,0.3844078318447094,,,,,,1.4016355171108066,0.28374325134973005,0.3547418967587035,0.3152950995790133,,,,,,
raw,1,714,1.668662428855896,0.375,0.3125,0.3409090909090909,0.381683069438447,0.38472554876248366,0.3831982701023269,,,,,,1.4012523969187682,0.28374325134973005,0.3547418967587035,0.3152950995790133,,,,,,
raw,1,715,1.8823453187942505,0.375,0.375,0.375,0.38148257735529356,0.3844337822996091,0.382952494082191,,,,,,1.4008133355244812,0.28374325134973005,0.3547418967587035,0.3152950995790133,,,,,,
raw,1,716,1.5218620300292969,0.4375,0.4375,0.4375,0.3831631000346347,0.38602576883062084,0.3845891074752528,,,,,,1.4004263244413417,0.28374325134973005,0.3547418967587035,0.3152950995790133,,,,,,
raw,1,717,2.4077930450439453,0.375,0.4375,0.40384615384615385,0.3829182070335957,0.3875699957657022,0.3852300589144237,,,,,,1.4000005808926108,0.28374325134973005,0.3547418967587035,0.3152950995790133,,,,,,
raw,1,718,1.5023765563964844,0.3125,0.375,0.3409090909090909,0.3808056608225878,0.3871928958927312,0.3839727179094109,,,,,,1.399583978133703,0.28374325134973005,0.3547418967587035,0.3152950995790133,,,,,,
raw,1,719,1.9511463642120361,0.3125,0.375,0.3409090909090909,0.3787564909979102,0.3868271090159493,0.38274926064532905,,,,,,1.3991731564673298,0.28374325134973005,0.3547418967587035,0.3152950995790133,,,,,,
raw,1,720,1.9581880569458008,0.375,0.4375,0.40384615384615385,0.37864379626797284,0.38834729574547083,0.38343416465360686,,,,,,1.3987430284722198,0.28374325134973005,0.3547418967587035,0.3152950995790133,,,,,,
raw,1,721,2.0644607543945312,0.375,0.375,0.375,0.3785344823799337,0.3879468768731067,0.38318288750344665,,,,,,1.3983262865464658,0.28374325134973005,0.3547418967587035,0.3152950995790133,,,,,,
raw,1,722,2.1340062618255615,0.4375,0.4375,0.4375,0.38030344790853565,0.38943347056691346,0.3848143126119478,,,,,,1.39792205360111,0.28374325134973005,0.3547418967587035,0.3152950995790133,,,,,,
raw,1,723,1.7399473190307617,0.4375,0.4375,0.4375,0.38201934447127955,0.39087546644990606,0.3863966670577778,,,,,,1.397529643291835,0.28374325134973005,0.3547418967587035,0.3152950995790133,,,,,,
raw,1,724,1.9381119012832642,0.4375,0.375,0.40384615384615385,0.38368376413714117,0.3903992024564089,0.38701235391803523,,,,,,1.3971291809392326,0.28374325134973005,0.3547418967587035,0.3152950995790133,,,,,,
raw,1,725,2.1146764755249023,0.3125,0.4375,0.3645833333333333,0.38154825121302693,0.3918122263827166,0.38661212749057333,,,,,,1.396688861793112,0.28374325134973005,0.3547418967587035,0.3152950995790133,,,,,,
raw,1,726,1.8651002645492554,0.3125,0.375,0.3409090909090909,0.37947680367663617,0.39130785959123515,0.3853015320301521,,,,,,1.3962651169421514,0.28374325134973005,0.3547418967587035,0.3152950995790133,,,,,,
raw,1,727,2.3897933959960938,0.375,0.375,0.375,0.37934249956633703,0.3908186238034981,0.3849950591689437,,,,,,1.3958759951857038,0.28374325134973005,0.3547418967587035,0.3152950995790133,,,,,,
raw,1,728,1.8471202850341797,0.4375,0.375,0.40384615384615385,0.3810872245793469,0.3903440650893931,0.3856601058010329,,,,,,1.3954834219780172,0.28374325134973005,0.3547418967587035,0.3152950995790133,,,,,,
raw,1,729,2.06640625,0.3125,0.375,0.3409090909090909,0.3790296078419665,0.38988374313671137,0.38438006591242974,,,,,,1.3950966990397782,0.28374325134973005,0.3547418967587035,0.3152950995790133,,,,,,
raw,1,730,1.6017522811889648,0.375,0.4375,0.40384615384615385,0.37890871960670747,0.39131223084261,0.38501060317437924,,,,,,1.3946767549315142,0.28374325134973005,0.3547418967587035,0.3152950995790133,,,,,,
raw,1,731,1.9731616973876953,0.4375,0.375,0.40384615384615385,0.38066645801850624,0.3908228639173317,0.3856778080784176,,,,,,1.3942772578659468,0.28374325134973005,0.3547418967587035,0.3152950995790133,,,,,,
raw,1,732,2.2002906799316406,0.375,0.375,0.375,0.38049646427795103,0.3903481779998117,0.38535936664848575,,,,,,1.3938637439890844,0.28374325134973005,0.3547418967587035,0.3152950995790133,,,,,,
raw,1,733,2.0035457611083984,0.375,0.375,0.375,0.3803315703496125,0.38988773265981735,0.38505036953285177,,,,,,1.3934765527967305,0.28374325134973005,0.3547418967587035,0.3152950995790133,,,,,,
raw,1,734,2.010706901550293,0.375,0.375,0.375,0.3801716232391241,0.3894411006800228,0.3847505395898563,,,,,,1.3930822806539505,0.28374325134973005,0.3547418967587035,0.3152950995790133,,,,,,
raw,1,735,1.775201439857483,0.3333333432674408,0.5,0.4000000071525573,0.3787664748399736,0.3927578676596221,0.38563530611914015,,,,,,1.3919687785033998,0.28374325134973005,0.3547418967587035,0.3152950995790133,,,,,,
raw,1,736,1.848158359527588,0.375,0.375,0.375,0.37865348059477444,0.3922251316298334,0.38531983872217496,,,,,,1.391634340489141,0.28374325134973005,0.3547418967587035,0.3152950995790133,,,,,,
raw,1,737,2.4850845336914062,0.4375,0.375,0.40384615384615385,0.3804188761769312,0.39170837768093836,0.38598109335459696,,,,,,1.391280860651284,0.28374325134973005,0.3547418967587035,0.3152950995790133,,,,,,
raw,1,738,1.8907461166381836,0.4375,0.375,0.40384615384615385,0.38213130989162325,0.39120712635051025,0.386615961719642,,,,,,1.3908744065040655,0.28374325134973005,0.3547418967587035,0.3152950995790133,,,,,,
raw,1,739,1.516640067100525,0.375,0.375,0.375,0.3819173705948745,0.39072091255999497,0.3862689872213658,,,,,,1.390479374289594,0.28374325134973005,0.3547418967587035,0.3152950995790133,,,,,,
raw,1,740,2.0697097778320312,0.375,0.375,0.375,0.38170984947702824,0.3902492851831951,0.38593233557981194,,,,,,1.390090017567579,0.28374325134973005,0.3547418967587035,0.3152950995790133,,,,,,
raw,1,741,1.7067683935165405,0.5625,0.375,0.45,0.3871335539927174,0.3897918066276993,0.3884581327002129,,,,,,1.3896945288799,0.28374325134973005,0.3547418967587035,0.3152950995790133,,,,,,
raw,1,742,1.6002295017242432,0.375,0.4375,0.40384615384615385,0.3867695473729359,0.3912230524288683,0.38898355318114647,,,,,,1.3893328409703483,0.28374325134973005,0.3547418967587035,0.3152950995790133,,,,,,
raw,1,743,1.8551177978515625,0.375,0.375,0.375,0.38641646095174786,0.3907363608560023,0.3885644045554072,,,,,,1.3889726783310876,0.28374325134973005,0.3547418967587035,0.3152950995790133,,,,,,
raw,1,744,1.6000137329101562,0.375,0.375,0.375,0.3860739671231954,0.39026427003032216,0.3881578099501749,,,,,,1.3885687212365665,0.28374325134973005,0.3547418967587035,0.3152950995790133,,,,,,
raw,1,745,1.8368929624557495,0.375,0.4375,0.40384615384615385,0.38574174810949957,0.3916813419294125,0.3886888554600658,,,,,,1.388147026442961,0.28374325134973005,0.3547418967587035,0.3152950995790133,,,,,,
raw,1,746,1.5532406568527222,0.375,0.375,0.375,0.3854194956662146,0.3911809016715301,0.3882788274467664,,,,,,1.3877565599195756,0.28374325134973005,0.3547418967587035,0.3152950995790133,,,,,,
raw,1,747,1.6627650260925293,0.4375,0.375,0.40384615384615385,0.3869819107962281,0.3906954746213842,0.38882982620674367,,,,,,1.3873980190093795,0.28374325134973005,0.3547418967587035,0.3152950995790133,,,,,,
raw,1,748,1.7023757696151733,0.4375,0.3125,0.3645833333333333,0.38849745347234127,0.3883496103827427,0.38842351785940676,,,,,,1.3870296485294145,0.28374325134973005,0.3547418967587035,0.3152950995790133,,,,,,
raw,1,749,1.9825439453125,0.375,0.375,0.375,0.388092529868171,0.3879491220712604,0.3880208127192695,,,,,,1.3866441790387143,0.28374325134973005,0.3547418967587035,0.3152950995790133,,,,,,
raw,1,750,1.7073726654052734,0.375,0.375,0.375,0.38769975397212586,0.38756064840912263,0.3876301887107158,,,,,,1.3862908144000103,0.28374325134973005,0.3547418967587035,0.3152950995790133,,,,,,
raw,1,751,1.9638252258300781,0.4375,0.4375,0.4375,0.3891937613529621,0.38905882895684896,0.3891262834577061,,,,,,1.3858914474034592,0.28374325134973005,0.3547418967587035,0.3152950995790133,,,,,,
raw,1,752,2.277740478515625,0.375,0.375,0.375,0.3887679485123732,0.38863706408814347,0.38870249528236406,,,,,,1.3855387506648882,0.28374325134973005,0.3547418967587035,0.3152950995790133,,,,,,
raw,1,753,2.1427714824676514,0.4375,0.375,0.40384615384615385,0.39022991005700197,0.3882279521654992,0.3892263568965154,,,,,,1.3851708430278906,0.28374325134973005,0.3547418967587035,0.3152950995790133,,,,,,
raw,1,754,2.0245513916015625,0.3125,0.375,0.3409090909090909,0.3878980127552919,0.38783111360053424,0.3878645602932097,,,,,,1.3847722905835513,0.28374325134973005,0.3547418967587035,0.3152950995790133,,,,,,
raw,1,755,1.7916980981826782,0.375,0.375,0.375,0.38751107237263316,0.3874461801925182,0.3874786235656548,,,,,,1.3843883162913868,0.28374325134973005,0.3547418967587035,0.3152950995790133,,,,,,
raw,1,756,1.545743703842163,0.375,0.375,0.375,0.38713574020145414,0.3870727947867426,0.3871042649352754,,,,,,1.3840584328042433,0.28374325134973005,0.3547418967587035,0.3152950995790133,,,,,,
raw,1,757,1.7645254135131836,0.375,0.4375,0.40384615384615385,0.3867716679954105,0.3885856109431403,0.38767651761583644,,,,,,1.383708326816375,0.28374325134973005,0.3547418967587035,0.3152950995790133,,,,,,
raw,1,758,1.7215204238891602,0.3125,0.375,0.3409090909090909,0.3845435179555482,0.3881780426148461,0.38635223272410074,,,,,,1.3833607076517123,0.28374325134973005,0.3547418967587035,0.3152950995790133,,,,,,
raw,1,759,2.048790454864502,0.3125,0.375,0.3409090909090909,0.38238221241688175,0.3877827013364007,0.3850635224380236,,,,,,1.3829813308300474,0.28374325134973005,0.3547418967587035,0.3152950995790133,,,,,,
raw,1,760,1.9525020122528076,0.375,0.375,0.375,0.38216074604437533,0.3873992202963087,0.3847621537524354,,,,,,1.3826079738157875,0.28374325134973005,0.3547418967587035,0.3152950995790133,,,,,,
raw,1,761,2.140486717224121,0.375,0.375,0.375,0.38194592366304403,0.3870272436874195,0.384469795174484,,,,,,1.3822529149802902,0.28374325134973005,0.3547418967587035,0.3152950995790133,,,,,,
raw,1,762,2.1071338653564453,0.4375,0.375,0.40384615384615385,0.3836125459531527,0.38666642637679693,0.3851334323935641,,,,,,1.381930359580065,0.28374325134973005,0.3547418967587035,0.3152950995790133,,,,,,
raw,1,763,1.7337653636932373,0.375,0.375,0.375,0.38335416957455815,0.38631643358549306,0.3848296010842327,,,,,,1.3815511302752406,0.28374325134973005,0.3547418967587035,0.3152950995790133,,,,,,
raw,1,764,1.7736761569976807,0.3125,0.375,0.3409090909090909,0.3812285444873214,0.3859769405779283,0.38358804812162794,,,,,,1.3811789918848247,0.28374325134973005,0.3547418967587035,0.3152950995790133,,,,,,
raw,1,765,1.5400943756103516,0.4375,0.375,0.40384615384615385,0.38291668815270175,0.3856476323605904,0.38427730831643264,,,,,,1.3807599794771295,0.28374325134973005,0.3547418967587035,0.3152950995790133,,,,,,
raw,1,766,1.7345572710037231,0.375,0.375,0.375,0.3826791875081207,0.3853282033897727,0.3839991269478982,,,,,,1.3803879135770183,0.28374325134973005,0.3547418967587035,0.3152950995790133,,,,,,
raw,1,767,2.1324920654296875,0.375,0.375,0.375,0.38244881188287705,0.38501835728807954,0.38372928305711684,,,,,,1.3800110867014344,0.28374325134973005,0.3547418967587035,0.3152950995790133,,,,,,
raw,1,768,2.087695598602295,0.3125,0.3125,0.3125,0.38035034752639074,0.38284280656943714,0.3815925070742461,,,,,,1.3796775173177214,0.28374325134973005,0.3547418967587035,0.3152950995790133,,,,,,
raw,1,769,2.035430908203125,0.375,0.4375,0.40384615384615385,0.38018983710059906,0.38448252237235403,0.38232413068918586,,,,,,1.3793211661898594,0.28374325134973005,0.3547418967587035,0.3152950995790133,,,,,,
raw,1,770,1.9362220764160156,0.375,0.375,0.375,0.3800341419875811,0.3841980467011834,0.38210475086610396,,,,,,1.378998073636363,0.28374325134973005,0.3547418967587035,0.3152950995790133,,,,,,
raw,1,771,1.7449824810028076,0.375,0.375,0.375,0.3798831177279537,0.3839221053001479,0.38189193246910813,,,,,,1.3786333369649788,0.28374325134973005,0.3547418967587035,0.3152950995790133,,,,,,
raw,1,772,1.3592009544372559,0.4375,0.375,0.40384615384615385,0.38161162419611505,0.3836544421411435,0.3826303065972183,,,,,,1.378332906347154,0.28374325134973005,0.3547418967587035,0.3152950995790133,,,,,,
raw,1,773,2.0558345317840576,0.3125,0.375,0.3409090909090909,0.3795382754702316,0.38339480887690924,0.38145679502128277,,,,,,1.3780004166882232,0.28374325134973005,0.3547418967587035,0.3152950995790133,,,,,,
raw,1,774,2.196908950805664,0.375,0.375,0.375,0.37940212720612465,0.38314296461060193,0.3812633701464071,,,,,,1.377626561369509,0.28374325134973005,0.3547418967587035,0.3152950995790133,,,,,,
raw,1,775,1.5897712707519531,0.375,0.375,0.375,0.37927006338994096,0.38289867567228386,0.3810757317935481,,,,,,1.3773001513548473,0.28374325134973005,0.3547418967587035,0.3152950995790133,,,,,,
raw,1,776,2.132805824279785,0.375,0.375,0.375,0.37914196148824275,0.38266171540211535,0.38089370730326544,,,,,,1.376943739690723,0.28374325134973005,0.3547418967587035,0.3152950995790133,,,,,,
raw,1,777,2.0128166675567627,0.375,0.3125,0.3409090909090909,0.37901770264359547,0.3805568639400519,0.3797857238547383,,,,,,1.3765712882882941,0.28374325134973005,0.3547418967587035,0.3152950995790133,,,,,,
raw,1,778,1.871631145477295,0.4375,0.375,0.40384615384615385,0.3807721715642876,0.3803901580218504,0.38058106893024124,,,,,,1.376224187017991,0.28374325134973005,0.3547418967587035,0.3152950995790133,,,,,,
raw,1,779,1.9146461486816406,0.4375,0.375,0.40384615384615385,0.38247400641735896,0.3802284532811949,0.38134792416380076,,,,,,1.3758860188703534,0.28374325134973005,0.3547418967587035,0.3152950995790133,,,,,,
raw,1,780,1.964254379272461,0.375,0.375,0.375,0.3822497862248382,0.38007159968275905,0.3811575810795289,,,,,,1.3755194439743579,0.28374325134973005,0.3547418967587035,0.3152950995790133,,,,,,
raw,1,781,1.698465347290039,0.375,0.4375,0.40384615384615385,0.382032292638093,0.38179445169227627,0.3819133351356384,,,,,,1.3751497763124192,0.28374325134973005,0.3547418967587035,0.3152950995790133,,,,,,
raw,1,782,1.861276626586914,0.4375,0.4375,0.4375,0.3836963238589502,0.383465618141508,0.3835809363105989,,,,,,1.3748247168798042,0.28374325134973005,0.3547418967587035,0.3152950995790133,,,,,,
raw,1,783,2.1169281005859375,0.4375,0.375,0.40384615384615385,0.38531043414318167,0.3832116495972627,0.3842581760471942,,,,,,1.374522903192847,0.28374325134973005,0.3547418967587035,0.3152950995790133,,,,,,
raw,1,784,1.8476676940917969,0.4375,0.3125,0.3645833333333333,0.3868761211188862,0.38109030010934486,0.3839614155695477,,,,,,1.3742244488520536,0.28374325134973005,0.3547418967587035,0.3152950995790133,,,,,,
raw,1,785,2.09561824798584,0.4375,0.375,0.40384615384615385,0.3883948374853196,0.38090759110606454,0.3846147794319375,,,,,,1.3738520443312132,0.28374325134973005,0.3547418967587035,0.3152950995790133,,,,,,
raw,1,786,1.903533935546875,0.375,0.375,0.375,0.38799299236076,0.3807303633728826,0.3843273704795004,,,,,,1.3734843206106877,0.28374325134973005,0.3547418967587035,0.3152950995790133,,,,,,
raw,1,787,1.9454634189605713,0.375,0.4375,0.40384615384615385,0.3876032025899372,0.3824334524716961,0.385000973606098,,,,,,1.3731822341804338,0.28374325134973005,0.3547418967587035,0.3152950995790133,,,,,,
raw,1,788,1.5735981464385986,0.375,0.3125,0.3409090909090909,0.38722510651223907,0.3803354488975452,0.38374935676861344,,,,,,1.3728338512690446,0.28374325134973005,0.3547418967587035,0.3152950995790133,,,,,,
raw,1,789,1.7372870445251465,0.3125,0.3125,0.3125,0.3849833533168719,0.3783003854306189,0.3816126128486149,,,,,,1.3724870564005056,0.28374325134973005,0.3547418967587035,0.3152950995790133,,,,,,
raw,1,790,2.2746315002441406,0.4375,0.375,0.40384615384615385,0.38655885271736573,0.37820137386770036,0.3823344470495103,,,,,,1.3720906867088656,0.28374325134973005,0.3547418967587035,0.3152950995790133,,,,,,
raw,1,791,1.5126101970672607,0.375,0.3125,0.3409090909090909,0.38621208713584476,0.3762303326516694,0.38115587025629954,,,,,,1.371800895954488,0.28374325134973005,0.3547418967587035,0.3152950995790133,,,,,,
raw,1,792,1.622739553451538,0.375,0.375,0.375,0.38587572452176944,0.3761934226721193,0.38097306541920684,,,,,,1.3714598991161686,0.28374325134973005,0.3547418967587035,0.3152950995790133,,,,,,
raw,1,793,1.9153714179992676,0.375,0.4375,0.40384615384615385,0.3855494527861163,0.3780326199919557,0.38175403789387113,,,,,,1.3711250935687256,0.28374325134973005,0.3547418967587035,0.3152950995790133,,,,,,
raw,1,794,1.7000170946121216,0.4375,0.25,0.3181818181818182,0.3871079692025328,0.374191641392197,0.3805402350823127,,,,,,1.370782097355167,0.28374325134973005,0.3547418967587035,0.3152950995790133,,,,,,
raw,1,795,1.8648757934570312,0.4375,0.375,0.40384615384615385,0.38861973012645684,0.37421589215043105,0.3812818247329977,,,,,,1.3704300586163483,0.28374325134973005,0.3547418967587035,0.3152950995790133,,,,,,
raw,1,796,1.7213973999023438,0.375,0.375,0.375,0.3882111382226632,0.3742394153859181,0.38109726257562826,,,,,,1.3701216652010058,0.28374325134973005,0.3547418967587035,0.3152950995790133,,,,,,
raw,1,797,1.3852217197418213,0.375,0.375,0.375,0.38781480407598323,0.3742622329243406,0.3809180108769803,,,,,,1.3697256717691293,0.28374325134973005,0.3547418967587035,0.3152950995790133,,,,,,
raw,1,798,1.9397475719451904,0.4375,0.375,0.40384615384615385,0.38930535995370374,0.3742843659366104,0.3816471198223705,,,,,,1.3693559954887238,0.28374325134973005,0.3547418967587035,0.3152950995790133,,,,,,
raw,1,799,1.9670653343200684,0.375,0.4375,0.40384615384615385,0.38887619915509264,0.37618083495851207,0.3824231835555748,,,,,,1.3690458485607029,0.28374325134973005,0.3547418967587035,0.3152950995790133,,,,,,
raw,1,800,1.9689488410949707,0.375,0.25,0.3,0.3884599131804398,0.3723954099097567,0.38025807065343853,,,,,,1.456141139374995,0.28374325134973005,0.3547418967587035,0.3152950995790133,,,,0.3935212957408518,0.37695078031212487,0.38505784728466397
raw,1,801,1.8255090713500977,0.375,0.3125,0.3409090909090909,0.38805611578502663,0.370598547612464,0.3791264717415055,,,,,,1.4557022862671751,0.28374325134973005,0.3547418967587035,0.3152950995790133,,,,,,
raw,1,802,2.197998046875,0.5,0.375,0.42857142857142855,0.3914144323114758,0.37073059118409013,0.380791842537466,,,,,,1.4552615362842887,0.28374325134973005,0.3547418967587035,0.3152950995790133,,,,,,
raw,1,803,1.8965396881103516,0.375,0.375,0.375,0.39092199934213157,0.3708586734485674,0.3806261284282212,,,,,,1.4548188085927802,0.28374325134973005,0.3547418967587035,0.3152950995790133,,,,,,
raw,1,804,2.320524215698242,0.4375,0.375,0.40384615384615385,0.3923193393618676,0.37098291324511035,0.3813529200045549,,,,,,1.4543341121890663,0.28374325134973005,0.3547418967587035,0.3152950995790133,,,,,,
raw,1,805,2.108241081237793,0.375,0.375,0.375,0.3917997591810115,0.371103425847757,0.3811708634377158,,,,,,1.4539017191304433,0.28374325134973005,0.3547418967587035,0.3152950995790133,,,,,,
raw,1,806,2.0011537075042725,0.375,0.375,0.375,0.39129576640558117,0.37122032307232433,0.3809937726595906,,,,,,1.4534407991315232,0.28374325134973005,0.3547418967587035,0.3152950995790133,,,,,,
raw,1,807,1.7964415550231934,0.4375,0.375,0.40384615384615385,0.3926818934134137,0.37133371338015464,0.38170954719188466,,,,,,1.4529992961586218,0.28374325134973005,0.3547418967587035,0.3152950995790133,,,,,,
raw,1,808,1.9297857284545898,0.375,0.375,0.375,0.39215143661101126,0.37144370197875,0.3815167855051933,,,,,,1.4525415394802064,0.28374325134973005,0.3547418967587035,0.3152950995790133,,,,,,
raw,1,809,1.7638750076293945,0.375,0.375,0.375,0.39163689351268094,0.37155039091938746,0.3813293115630867,,,,,,1.4520823196538928,0.28374325134973005,0.3547418967587035,0.3152950995790133,,,,,,
raw,1,810,1.785858154296875,0.375,0.375,0.375,0.3911377867073005,0.3716538791918058,0.3811469952465187,,,,,,1.451645335925935,0.28374325134973005,0.3547418967587035,0.3152950995790133,,,,,,
raw,1,811,1.574186086654663,0.375,0.5,0.42857142857142855,0.39065365310608147,0.37550426281605165,0.38292918203276893,,,,,,1.4512326638717596,0.28374325134973005,0.3547418967587035,0.3152950995790133,,,,,,
raw,1,812,1.8242292404174805,0.375,0.375,0.375,0.39018404351289904,0.3754891349315701,0.38269557583408614,,,,,,1.4508127917487683,0.28374325134973005,0.3547418967587035,0.3152950995790133,,,,,,
raw,1,813,1.92232084274292,0.4375,0.375,0.40384615384615385,0.39160352220751204,0.375474460883623,0.3833694216811442,,,,,,1.4504068505535086,0.28374325134973005,0.3547418967587035,0.3152950995790133,,,,,,
raw,1,814,1.6481823921203613,0.375,0.4375,0.40384615384615385,0.3911054165412867,0.3773352270571143,0.38409694329234406,,,,,,1.4500187184275197,0.28374325134973005,0.3547418967587035,0.3152950995790133,,,,,,
raw,1,815,1.7581894397735596,0.4375,0.375,0.40384615384615385,0.3924972540450481,0.37726517024540085,0.384730505661277,,,,,,1.4495406639263886,0.28374325134973005,0.3547418967587035,0.3152950995790133,,,,,,
raw,1,816,1.8692946434020996,0.3125,0.375,0.3409090909090909,0.39009733642369665,0.37719721513803883,0.3835388342906695,,,,,,1.4490775465686359,0.28374325134973005,0.3547418967587035,0.3152950995790133,,,,,,
raw,1,817,1.4692497253417969,0.375,0.4375,0.40384615384615385,0.3896444163309858,0.3790062986838977,0.384251741790405,,,,,,1.4486964718482358,0.28374325134973005,0.3547418967587035,0.3152950995790133,,,,,,
raw,1,818,1.6905708312988281,0.375,0.375,0.375,0.38920508384105623,0.37888610972338077,0.38397628129746003,,,,,,1.4482534057457168,0.28374325134973005,0.3547418967587035,0.3152950995790133,,,,,,
raw,1,819,1.764021873474121,0.375,0.375,0.375,0.38877893132582453,0.3787695264316794,0.38370896382263575,,,,,,1.4478187659340718,0.28374325134973005,0.3547418967587035,0.3152950995790133,,,,,,
raw,1,820,1.6640877723693848,0.3125,0.375,0.3409090909090909,0.3864905633860498,0.37865644063872905,0.3825333963340706,,,,,,1.447407477439034,0.28374325134973005,0.3547418967587035,0.3152950995790133,,,,,,
raw,1,821,1.941605567932129,0.375,0.375,0.375,0.38614584648446837,0.3785467474195672,0.3823085390954238,,,,,,1.446997953227776,0.28374325134973005,0.3547418967587035,0.3152950995790133,,,,,,
raw,1,822,2.2681732177734375,0.375,0.4375,0.40384615384615385,0.3858114710899343,0.38031534499698016,0.38304369368194724,,,,,,1.4465359909975781,0.28374325134973005,0.3547418967587035,0.3152950995790133,,,,,,
raw,1,823,1.9245831966400146,0.375,0.4375,0.40384615384615385,0.3854871269572363,0.38203088464707075,0.38375122382783766,,,,,,1.4461120414337885,0.28374325134973005,0.3547418967587035,0.3152950995790133,,,,,,
raw,1,824,1.9145660400390625,0.3125,0.375,0.3409090909090909,0.38329751314851923,0.3818199581076587,0.3825573089393903,,,,,,1.445714047694177,0.28374325134973005,0.3547418967587035,0.3152950995790133,,,,,,
raw,1,825,1.6246589422225952,0.4375,0.375,0.40384615384615385,0.38492358775406366,0.3816153593644289,0.38326233473406385,,,,,,1.445308342424246,0.28374325134973005,0.3547418967587035,0.3152950995790133,,,,,,
raw,1,826,1.5737998485565186,0.375,0.375,0.375,0.3846258801214417,0.38141689858349603,0.3830146680812833,,,,,,1.4449029825665858,0.28374325134973005,0.3547418967587035,0.3152950995790133,,,,,,
raw,1,827,1.512718677520752,0.375,0.375,0.375,0.3843371037177985,0.3812243916259912,0.3827744196521176,,,,,,1.4444982459492184,0.28374325134973005,0.3547418967587035,0.3152950995790133,,,,,,
raw,1,828,2.0319480895996094,0.375,0.375,0.375,0.3840569906062645,0.3810376598772115,0.38254136757490187,,,,,,1.4441111305555654,0.28374325134973005,0.3547418967587035,0.3152950995790133,,,,,,
raw,1,829,1.7370073795318604,0.375,0.4375,0.40384615384615385,0.3837852808880766,0.38273153008089517,0.3832576811750202,,,,,,1.4436825100120698,0.28374325134973005,0.3547418967587035,0.3152950995790133,,,,,,
raw,1,830,2.201608657836914,0.375,0.375,0.375,0.38352172246143434,0.3824995841784683,0.3830099713763419,,,,,,1.4432668298795148,0.28374325134973005,0.3547418967587035,0.3152950995790133,,,,,,
raw,1,831,2.1275792121887207,0.3125,0.375,0.3409090909090909,0.3813910707875913,0.38227459665311425,0.38183232262106653,,,,,,1.4428301546329696,0.28374325134973005,0.3547418967587035,0.3152950995790133,,,,,,
raw,1,832,1.3632938861846924,0.375,0.375,0.375,0.3811993386639636,0.38205635875352084,0.38162736755712007,,,,,,1.4424202516826985,0.28374325134973005,0.3547418967587035,0.3152950995790133,,,,,,
raw,1,833,1.5677191019058228,0.375,0.3125,0.3409090909090909,0.3810133585040447,0.37996966799091525,0.3804907975351387,,,,,,1.4420121124850058,0.28374325134973005,0.3547418967587035,0.3152950995790133,,,,,,
raw,1,834,2.1539697647094727,0.375,0.375,0.375,0.38083295774892334,0.37982057795118784,0.3803260941446123,,,,,,1.4416021171462803,0.28374325134973005,0.3547418967587035,0.3152950995790133,,,,,,
raw,1,835,1.8159136772155762,0.3125,0.375,0.3409090909090909,0.37878296901645564,0.3796759606126522,0.3792289391209668,,,,,,1.4411736173652674,0.28374325134973005,0.3547418967587035,0.3152950995790133,,,,,,
raw,1,836,1.9833602905273438,0.375,0.3125,0.3409090909090909,0.378669479945962,0.37766068179427265,0.37816440809930746,,,,,,1.4408017673444948,0.28374325134973005,0.3547418967587035,0.3152950995790133,,,,,,
raw,1,837,1.7499866485595703,0.1875,0.375,0.25,0.3729343955475831,0.37758086134044444,0.37524324522917163,,,,,,1.4403830750298694,0.28374325134973005,0.3547418967587035,0.3152950995790133,,,,,,
raw,1,838,1.7200431823730469,0.25,0.5,0.3333333333333333,0.3692463636811556,0.3812534355002311,0.3751538504153134,,,,,,1.43998119331743,0.28374325134973005,0.3547418967587035,0.3152950995790133,,,,,,
raw,1,839,1.5665507316589355,0.375,0.375,0.375,0.3694189727707209,0.3810658324352242,0.3751520281282972,,,,,,1.439561880691295,0.28374325134973005,0.3547418967587035,0.3152950995790133,,,,,,
raw,1,840,1.8950014114379883,0.3333333432674408,0.5,0.4000000071525573,0.3683364038856225,0.38463385746216744,0.3763087578430449,,,,,,1.4385114819047713,0.28374325134973005,0.3547418967587035,0.3152950995790133,,,,,,
raw,1,841,1.6213891506195068,0.375,0.375,0.375,0.36853631176905377,0.3843448417383024,0.37627460791608375,,,,,,1.43810208858502,0.28374325134973005,0.3547418967587035,0.3152950995790133,,,,,,
raw,1,842,1.8085081577301025,0.375,0.375,0.375,0.3687302224159822,0.3840644964861534,0.3762411814417414,,,,,,1.4377350289786226,0.28374325134973005,0.3547418967587035,0.3152950995790133,,,,,,
raw,1,843,1.9640254974365234,0.5,0.375,0.42857142857142855,0.37266831574350273,0.3837925615915688,0.378148644057004,,,,,,1.437319867022543,0.28374325134973005,0.3547418967587035,0.3152950995790133,,,,,,
raw,1,844,1.6616792678833008,0.4375,0.375,0.40384615384615385,0.3746132662711976,0.3835287847438218,0.37901860362329337,,,,,,1.4369201566350709,0.28374325134973005,0.3547418967587035,0.3152950995790133,,,,,,
raw,1,845,1.835805892944336,0.4375,0.4375,0.4375,0.3764998682830617,0.38514792120150715,0.38077479802047104,,,,,,1.4364984842603503,0.28374325134973005,0.3547418967587035,0.3152950995790133,,,,,,
raw,1,846,1.4835669994354248,0.375,0.375,0.375,0.37645487223456986,0.38484348356546194,0.3806029615910454,,,,,,1.4361200833333443,0.28374325134973005,0.3547418967587035,0.3152950995790133,,,,,,
raw,1,847,1.8709602355957031,0.3125,0.375,0.3409090909090909,0.3745362260675328,0.38454817905849803,0.37947617617516155,,,,,,1.435719613577341,0.28374325134973005,0.3547418967587035,0.3152950995790133,,,,,,
raw,1,848,1.8844810724258423,0.4375,0.375,0.40384615384615385,0.3764251392855068,0.3842617336867431,0.3803030701974512,,,,,,1.4353076979952915,0.28374325134973005,0.3547418967587035,0.3152950995790133,,,,,,
raw,1,849,1.903564214706421,0.4375,0.375,0.40384615384615385,0.37825738510694157,0.38398388167614084,0.38109912264134566,,,,,,1.4349126679623052,0.28374325134973005,0.3547418967587035,0.3152950995790133,,,,,,
raw,1,850,2.02122163772583,0.375,0.4375,0.40384615384615385,0.3781596635537333,0.3855893652258566,0.38183837655861175,,,,,,1.4344787317647099,0.28374325134973005,0.3547418967587035,0.3152950995790133,,,,,,
raw,1,851,1.6479434967041016,0.4375,0.375,0.40384615384615385,0.3799398736471213,0.38527168426908087,0.38258720356923354,,,,,,1.4340660713278597,0.28374325134973005,0.3547418967587035,0.3152950995790133,,,,,,
raw,1,852,1.6764636039733887,0.375,0.375,0.375,0.3797916774377077,0.38496353374100845,0.3823601175767032,,,,,,1.4336825940140934,0.28374325134973005,0.3547418967587035,0.3152950995790133,,,,,,
raw,1,853,2.148529052734375,0.375,0.375,0.375,0.3796479271145765,0.3846646277287782,0.38213981342086184,,,,,,1.4333127454865227,0.28374325134973005,0.3547418967587035,0.3152950995790133,,,,,,
raw,1,854,1.7923672199249268,0.4375,0.375,0.40384615384615385,0.3813834893011392,0.38437468889691484,0.3828732469968618,,,,,,1.4329442988290468,0.28374325134973005,0.3547418967587035,0.3152950995790133,,,,,,
raw,1,855,1.6391849517822266,0.3125,0.375,0.3409090909090909,0.379316984622105,0.38409344823000735,0.38169027387116317,,,,,,1.4325465123976713,0.28374325134973005,0.3547418967587035,0.3152950995790133,,,,,,
raw,1,856,1.7552435398101807,0.375,0.375,0.375,0.37918747508344186,0.3838206447831072,0.38148999307021825,,,,,,1.4321547490654267,0.28374325134973005,0.3547418967587035,0.3152950995790133,,,,,,
raw,1,857,1.9248970746994019,0.3125,0.3125,0.3125,0.3771868508309386,0.38168102543961396,0.37942063041330987,,,,,,1.4317856980163386,0.28374325134973005,0.3547418967587035,0.3152950995790133,,,,,,
raw,1,858,1.472188949584961,0.375,0.375,0.375,0.37712124530601043,0.3814805946764256,0.3792883943645113,,,,,,1.4314420341491936,0.28374325134973005,0.3547418967587035,0.3152950995790133,,,,,,
raw,1,859,1.6191117763519287,0.375,0.375,0.375,0.3770576079468301,0.38128617683613286,0.37916010301889713,,,,,,1.4310520387660075,0.28374325134973005,0.3547418967587035,0.3152950995790133,,,,,,
raw,1,860,1.9615933895111084,0.375,0.375,0.375,0.3769958797084252,0.38109759153104883,0.37903563933641965,,,,,,1.4306722488372077,0.28374325134973005,0.3547418967587035,0.3152950995790133,,,,,,
raw,1,861,1.7594633102416992,0.375,0.375,0.375,0.3769360033171725,0.3809146637851174,0.3789148897131922,,,,,,1.43025493170732,0.28374325134973005,0.3547418967587035,0.3152950995790133,,,,,,
raw,1,862,1.6208736896514893,0.5,0.375,0.42857142857142855,0.3806279232176573,0.38073722387156383,0.3806825656990762,,,,,,1.42986540464038,0.28374325134973005,0.3547418967587035,0.3152950995790133,,,,,,
raw,1,863,1.7706241607666016,0.375,0.375,0.375,0.3804590855211276,0.3805651071554169,0.3805120889531017,,,,,,1.4294908669756676,0.28374325134973005,0.3547418967587035,0.3152950995790133,,,,,,
raw,1,864,1.6458408832550049,0.375,0.4375,0.40384615384615385,0.3802953129554938,0.3822731539407544,0.38128166852763967,,,,,,1.4291176086805568,0.28374325134973005,0.3547418967587035,0.3152950995790133,,,,,,
raw,1,865,1.482675552368164,0.4375,0.375,0.40384615384615385,0.382011453566829,0.38205495932253175,0.38203320520607675,,,,,,1.4287468899421951,0.28374325134973005,0.3547418967587035,0.3152950995790133,,,,,,
raw,1,866,2.0849685668945312,0.3125,0.375,0.3409090909090909,0.3799261099598241,0.3818433105428558,0.38088229767216797,,,,,,1.4283153108545055,0.28374325134973005,0.3547418967587035,0.3152950995790133,,,,,,
raw,1,867,1.8509485721588135,0.4375,0.375,0.40384615384615385,0.38165332666102936,0.38163801122657015,0.3816456687901477,,,,,,1.4279266192618296,0.28374325134973005,0.3547418967587035,0.3152950995790133,,,,,,
raw,1,868,1.9579472541809082,0.375,0.375,0.375,0.3814537268611985,0.381438870889773,0.381446298730839,,,,,,1.427552970161293,0.28374325134973005,0.3547418967587035,0.3152950995790133,,,,,,
raw,1,869,1.5781540870666504,0.3125,0.375,0.3409090909090909,0.37938511505536254,0.38124570476307984,0.38031313430194214,,,,,,1.4271933615650225,0.28374325134973005,0.3547418967587035,0.3152950995790133,,,,,,
raw,1,870,1.9686692953109741,0.375,0.5,0.42857142857142855,0.3792535616037017,0.38480833362018746,0.3820107558628546,,,,,,1.4267704993103538,0.28374325134973005,0.3547418967587035,0.3152950995790133,,,,,,
raw,1,871,2.3650455474853516,0.5,0.375,0.42857142857142855,0.38287595475559066,0.3845140836115818,0.38369327074666715,,,,,,1.4263871877152692,0.28374325134973005,0.3547418967587035,0.3152950995790133,,,,,,
raw,1,872,1.618919849395752,0.5,0.3125,0.38461538461538464,0.38638967611292296,0.3823536611032344,0.3843610737733856,,,,,,1.426043742545867,0.28374325134973005,0.3547418967587035,0.3152950995790133,,,,,,
raw,1,873,1.6040642261505127,0.4375,0.375,0.40384615384615385,0.38792298582953527,0.3821330512701373,0.38500625172989916,,,,,,1.4256774050401022,0.28374325134973005,0.3547418967587035,0.3152950995790133,,,,,,
raw,1,874,2.08172607421875,0.375,0.375,0.375,0.3875352962546492,0.3819190597320332,0.38470668157764576,,,,,,1.4253133834096159,0.28374325134973005,0.3547418967587035,0.3152950995790133,,,,,,
raw,1,875,2.49114990234375,0.375,0.3125,0.3409090909090909,0.38715923736700975,0.37983648794007224,0.3834629063575667,,,,,,1.4249401612571506,0.28374325134973005,0.3547418967587035,0.3152950995790133,,,,,,
raw,1,876,1.891862392425537,0.3125,0.4375,0.3645833333333333,0.3849194602459995,0.3815663933018701,0.3832355926151374,,,,,,1.4245462747716888,0.28374325134973005,0.3547418967587035,0.3152950995790133,,,,,,
raw,1,877,1.7373380661010742,0.4375,0.375,0.40384615384615385,0.3864968764386195,0.38136940150281395,0.38391601945396453,,,,,,1.4241789188141418,0.28374325134973005,0.3547418967587035,0.3152950995790133,,,,,,
raw,1,878,1.653325080871582,0.375,0.375,0.375,0.386151970145461,0.3811783194577295,0.38364902579684673,,,,,,1.423820021526197,0.28374325134973005,0.3547418967587035,0.3152950995790133,,,,,,
raw,1,879,1.6480610370635986,0.375,0.375,0.375,0.3858174110410971,0.38099296987399767,0.38339001380295706,,,,,,1.4234329021615577,0.28374325134973005,0.3547418967587035,0.3152950995790133,,,,,,
raw,1,880,1.9918060302734375,0.4375,0.375,0.40384615384615385,0.3873678887098642,0.3808131807777777,0.3840625698552149,,,,,,1.423118638863641,0.28374325134973005,0.3547418967587035,0.3152950995790133,,,,,,
raw,1,881,1.898076057434082,0.4375,0.375,0.40384615384615385,0.3888718520485683,0.3806387853544444,0.3847112755240016,,,,,,1.4227754572077151,0.28374325134973005,0.3547418967587035,0.3152950995790133,,,,,,
raw,1,882,2.2326855659484863,0.3125,0.375,0.3409090909090909,0.38658069648711124,0.38046962179381105,0.3835008157349393,,,,,,1.4223859063492048,0.28374325134973005,0.3547418967587035,0.3152950995790133,,,,,,
raw,1,883,1.5866210460662842,0.375,0.4375,0.40384615384615385,0.38623327559249787,0.3821805331399967,0.38419621694678685,,,,,,1.4220383601359046,0.28374325134973005,0.3547418967587035,0.3152950995790133,,,,,,
raw,1,884,1.9472908973693848,0.4375,0.4375,0.4375,0.38777127732472294,0.3838401171457968,0.385795683113862,,,,,,1.4216965299773747,0.28374325134973005,0.3547418967587035,0.3152950995790133,,,,,,
raw,1,885,1.8627548217773438,0.4375,0.4375,0.4375,0.3892631390049812,0.3854499136314229,0.387347141754653,,,,,,1.4213522007909707,0.28374325134973005,0.3547418967587035,0.3152950995790133,,,,,,
raw,1,886,1.553844690322876,0.375,0.375,0.375,0.3888352448348318,0.3851364162224802,0.38697699213457004,,,,,,1.4209741483070049,0.28374325134973005,0.3547418967587035,0.3152950995790133,,,,,,
raw,1,887,2.0147030353546143,0.375,0.375,0.375,0.3884201874897868,0.3848323237358058,0.38661793183361015,,,,,,1.4206469475761103,0.28374325134973005,0.3547418967587035,0.3152950995790133,,,,,,
raw,1,888,2.277306079864502,0.375,0.375,0.375,0.38801758186509316,0.38453735402373157,0.3862696290288446,,,,,,1.4203506048423413,0.28374325134973005,0.3547418967587035,0.3152950995790133,,,,,,
raw,1,889,1.603843331336975,0.4375,0.375,0.40384615384615385,0.3895020544091404,0.3842512334030196,0.3868588274252503,,,,,,1.4200359005624397,0.28374325134973005,0.3547418967587035,0.3152950995790133,,,,,,
raw,1,890,2.2689242362976074,0.375,0.5,0.42857142857142855,0.3890669927768662,0.387723696400929,0.38839418311439833,,,,,,1.4196754717977496,0.28374325134973005,0.3547418967587035,0.3152950995790133,,,,,,
raw,1,891,2.326046943664551,0.375,0.375,0.375,0.3886449829935602,0.3873419855089012,0.38799239028798527,,,,,,1.4193104916947226,0.28374325134973005,0.3547418967587035,0.3152950995790133,,,,,,
raw,1,892,1.4654297828674316,0.4375,0.375,0.40384615384615385,0.3901106335037534,0.38697172594363416,0.38853484015070566,,,,,,1.418937911098661,0.28374325134973005,0.3547418967587035,0.3152950995790133,,,,,,
raw,1,893,2.1301116943359375,0.375,0.375,0.375,0.3896573144986408,0.38661257416532513,0.3881289731846844,,,,,,1.4185785348264286,0.28374325134973005,0.3547418967587035,0.3152950995790133,,,,,,
raw,1,894,1.7926807403564453,0.375,0.375,0.375,0.3892175950636816,0.3862641969403654,0.3877352720398849,,,,,,1.4182111702460802,0.28374325134973005,0.3547418967587035,0.3152950995790133,,,,,,
raw,1,895,1.8639297485351562,0.375,0.3125,0.3409090909090909,0.38879106721177115,0.3840512710321545,0.3864066346776702,,,,,,1.417827716648046,0.28374325134973005,0.3547418967587035,0.3152950995790133,,,,,,
raw,1,896,1.5825605392456055,0.375,0.375,0.375,0.38837733519541806,0.38377973290118983,0.38606484645304046,,,,,,1.4174741706473242,0.28374325134973005,0.3547418967587035,0.3152950995790133,,,,,,
raw,1,897,2.0334596633911133,0.25,0.375,0.3,0.3842260151395555,0.3835163409141541,0.3838708500278183,,,,,,1.417150806020074,0.28374325134973005,0.3547418967587035,0.3152950995790133,,,,,,
raw,1,898,1.4106688499450684,0.4375,0.4375,0.4375,0.3858242346853688,0.38513585068672945,0.3854797353598084,,,,,,1.4168217455456544,0.28374325134973005,0.3547418967587035,0.3152950995790133,,,,,,
raw,1,899,1.7583494186401367,0.375,0.375,0.375,0.3854995076448078,0.38483177516612754,0.38516535200617086,,,,,,1.4164558843159114,0.28374325134973005,0.3547418967587035,0.3152950995790133,,,,,,
raw,1,900,1.8514518737792969,0.375,0.4375,0.40384615384615385,0.3851845224154635,0.3864118219111437,0.3857971960933267,,,,,,1.4161372803333345,0.28374325134973005,0.3547418967587035,0.3152950995790133,,,,,,
raw,1,901,1.56393563747406,0.375,0.375,0.375,0.3848789867429996,0.3860694672538094,0.3854733078423706,,,,,,1.4158588334073237,0.28374325134973005,0.3547418967587035,0.3152950995790133,,,,,,
raw,1,902,1.814302682876587,0.3125,0.375,0.3409090909090909,0.3827076171407096,0.3857373832361951,0.38421652742359025,,,,,,1.4154981865853704,0.28374325134973005,0.3547418967587035,0.3152950995790133,,,,,,
raw,1,903,1.6514532566070557,0.375,0.375,0.375,0.38247638862648836,0.3854152617391092,0.3839402013586773,,,,,,1.4151254261351125,0.28374325134973005,0.3547418967587035,0.3152950995790133,,,,,,
raw,1,904,1.738584041595459,0.375,0.5,0.42857142857142855,0.3822520969676937,0.38885280388693594,0.3855241991921162,,,,,,1.4147744227876156,0.28374325134973005,0.3547418967587035,0.3152950995790133,,,,,,
raw,1,905,2.067152976989746,0.375,0.4375,0.40384615384615385,0.38203453405866283,0.3903122197703279,0.3861290185479964,,,,,,1.414379035138129,0.28374325134973005,0.3547418967587035,0.3152950995790133,,,,,,
raw,1,906,1.597562313079834,0.4375,0.4375,0.4375,0.3836984980369029,0.39172785317721803,0.387671604577221,,,,,,1.4140223810154606,0.28374325134973005,0.3547418967587035,0.3152950995790133,,,,,,
raw,1,907,1.780116319656372,0.375,0.375,0.375,0.3834375430957958,0.39122601758190145,0.3872926276421814,,,,,,1.4136379823594225,0.28374325134973005,0.3547418967587035,0.3152950995790133,,,,,,
raw,1,908,1.9365379810333252,0.375,0.4375,0.40384615384615385,0.3831844168029219,0.39261423705444437,0.38784201727138107,,,,,,1.4132890700440544,0.28374325134973005,0.3547418967587035,0.3152950995790133,,,,,,
raw,1,909,1.8176050186157227,0.375,0.4375,0.40384615384615385,0.38293888429883427,0.393960809942811,0.3883716627388478,,,,,,1.4129541425742598,0.28374325134973005,0.3547418967587035,0.3152950995790133,,,,,,
raw,1,910,2.106800079345703,0.375,0.4375,0.40384615384615385,0.38270071776986925,0.39526698564452667,0.3888823622188782,,,,,,1.4126167317582448,0.28374325134973005,0.3547418967587035,0.3152950995790133,,,,,,
raw,1,911,1.907930612564087,0.375,0.375,0.375,0.3824696962367732,0.39465897607519085,0.38846874159856,,,,,,1.4123310825466608,0.28374325134973005,0.3547418967587035,0.3152950995790133,,,,,,
raw,1,912,1.5207570791244507,0.375,0.375,0.375,0.38224560534967,0.3940692067929351,0.3880673668572476,,,,,,1.4119486464912385,0.28374325134973005,0.3547418967587035,0.3152950995790133,,,,,,
raw,1,913,1.8013067245483398,0.375,0.375,0.375,0.3820282371891799,0.39349713058914704,0.3876778797542603,,,,,,1.411631222672516,0.28374325134973005,0.3547418967587035,0.3152950995790133,,,,,,
raw,1,914,1.9725558757781982,0.375,0.375,0.375,0.38181739007350446,0.39294221667147267,0.38729993229650744,,,,,,1.4112878121444303,0.28374325134973005,0.3547418967587035,0.3152950995790133,,,,,,
raw,1,915,1.9570512771606445,0.4375,0.375,0.40384615384615385,0.38348786837129933,0.39240395017132845,0.3878946801484098,,,,,,1.4109314051366098,0.28374325134973005,0.3547418967587035,0.3152950995790133,,,,,,
raw,1,916,2.2449965476989746,0.375,0.375,0.375,0.3832332323201604,0.3918818316661886,0.38750928220799846,,,,,,1.4105743474890866,0.28374325134973005,0.3547418967587035,0.3152950995790133,,,,,,
raw,1,917,1.6811193227767944,0.4375,0.375,0.40384615384615385,0.38486123535055555,0.3913753767162029,0.38809097284845084,,,,,,1.4102846890948797,0.28374325134973005,0.3547418967587035,0.3152950995790133,,,,,,
raw,1,918,2.1736907958984375,0.375,0.375,0.375,0.3845653982900389,0.3908841154147168,0.38769901295455084,,,,,,1.4099383193899884,0.28374325134973005,0.3547418967587035,0.3152950995790133,,,,,,
raw,1,919,1.9264984130859375,0.3125,0.375,0.3409090909090909,0.3824034363413377,0.39040759195227526,0.3863640638409112,,,,,,1.4096395421109855,0.28374325134973005,0.3547418967587035,0.3152950995790133,,,,,,
raw,1,920,1.976027011871338,0.375,0.3125,0.3409090909090909,0.3821813332510976,0.388070364193707,0.38510333615569325,,,,,,1.4093273440217435,0.28374325134973005,0.3547418967587035,0.3152950995790133,,,,,,
raw,1,921,1.5385158061981201,0.4375,0.375,0.40384615384615385,0.3838408932535647,0.38767825326789573,0.3857500301846148,,,,,,1.4089972686210732,0.28374325134973005,0.3547418967587035,0.3152950995790133,,,,,,
raw,1,922,2.0071563720703125,0.4375,0.375,0.40384615384615385,0.3854506664559577,0.3872979056698589,0.38637207816965785,,,,,,1.4086759586767947,0.28374325134973005,0.3547418967587035,0.3152950995790133,,,,,,
raw,1,923,1.9119501113891602,0.375,0.375,0.375,0.38513714646227903,0.3869289684997631,0.3860309782379668,,,,,,1.408368270530874,0.28374325134973005,0.3547418967587035,0.3152950995790133,,,,,,
raw,1,924,1.7653398513793945,0.4375,0.4375,0.4375,0.38670803206841065,0.3884460994447702,0.3875751171904395,,,,,,1.4080506260822572,0.28374325134973005,0.3547418967587035,0.3152950995790133,,,,,,
raw,1,925,1.625173568725586,0.375,0.375,0.375,0.38635679110635834,0.3880427164614271,0.3871979185914145,,,,,,1.4077102343783858,0.28374325134973005,0.3547418967587035,0.3152950995790133,,,,,,
raw,1,926,1.8933781385421753,0.375,0.375,0.375,0.3860160873731676,0.38765143496758425,0.3868320328040704,,,,,,1.4073598396328362,0.28374325134973005,0.3547418967587035,0.3152950995790133,,,,,,
raw,1,927,1.727340579032898,0.375,0.375,0.375,0.38568560475197255,0.3872718919185567,0.3864771206215898,,,,,,1.4070546417475749,0.28374325134973005,0.3547418967587035,0.3152950995790133,,,,,,
raw,1,928,1.4924068450927734,0.4375,0.375,0.40384615384615385,0.38724003660941336,0.38690373516099996,0.38707181283762276,,,,,,1.4067160884698344,0.28374325134973005,0.3547418967587035,0.3152950995790133,,,,,,
raw,1,929,2.057992935180664,0.3125,0.375,0.3409090909090909,0.384997835511131,0.38654662310616994,0.3857706748013322,,,,,,1.4063639131324093,0.28374325134973005,0.3547418967587035,0.3152950995790133,,,,,,
raw,1,930,1.91538405418396,0.3125,0.5,0.38461538461538464,0.3828229004457971,0.3899502244129848,0.38635369460227637,,,,,,1.4060126062365554,0.28374325134973005,0.3547418967587035,0.3152950995790133,,,,,,
raw,1,931,1.592573642730713,0.5,0.3125,0.38461538461538464,0.3863382134324232,0.3876267176805953,0.38698139299938755,,,,,,1.4056979416756166,0.28374325134973005,0.3547418967587035,0.3152950995790133,,,,,,
raw,1,932,1.9907264709472656,0.375,0.3125,0.3409090909090909,0.3859980670294505,0.3853729161501775,0.38568523826577766,,,,,,1.405414020922747,0.28374325134973005,0.3547418967587035,0.3152950995790133,,,,,,
raw,1,933,1.9782354831695557,0.375,0.375,0.375,0.38566812501856695,0.3850617286656721,0.38536468829126086,,,,,,1.4050681321543383,0.28374325134973005,0.3547418967587035,0.3152950995790133,,,,,,
raw,1,934,1.6421085596084595,0.3125,0.375,0.3409090909090909,0.38347308126800994,0.384759876805702,0.3841154013411268,,,,,,1.4047321490364004,0.28374325134973005,0.3547418967587035,0.3152950995790133,,,,,,
raw,1,935,1.9449188709259033,0.3125,0.375,0.3409090909090909,0.38134388882996967,0.384467080501531,0.3828991160404577,,,,,,1.4043883809625741,0.28374325134973005,0.3547418967587035,0.3152950995790133,,,,,,
raw,1,936,1.808640480041504,0.375,0.375,0.375,0.3811535721650706,0.38418306808648506,0.38266232417245793,,,,,,1.4041007976495756,0.28374325134973005,0.3547418967587035,0.3152950995790133,,,,,,
raw,1,937,2.061765193939209,0.25,0.3125,0.2777777777777778,0.3772189650001185,0.3820325760438905,0.37961051151360725,,,,,,1.4037573433297836,0.28374325134973005,0.3547418967587035,0.3152950995790133,,,,,,
raw,1,938,1.840907096862793,0.375,0.375,0.375,0.37715239605011497,0.3818215987625738,0.37947263495511485,,,,,,1.4034145226012849,0.28374325134973005,0.3547418967587035,0.3152950995790133,,,,,,
raw,1,939,2.111659049987793,0.375,0.375,0.375,0.37708782416861153,0.3816169507996966,0.379338869058597,,,,,,1.4031052276890337,0.28374325134973005,0.3547418967587035,0.3152950995790133,,,,,,
raw,1,940,1.7417163848876953,0.3125,0.375,0.3409090909090909,0.3751501894435532,0.38141844227570565,0.3782583492837496,,,,,,1.4027971125532008,0.28374325134973005,0.3547418967587035,0.3152950995790133,,,,,,
raw,1,941,1.8844108581542969,0.4375,0.4375,0.4375,0.3770206837602466,0.38310088900743444,0.38003646863180424,,,,,,1.4025113038257184,0.28374325134973005,0.3547418967587035,0.3152950995790133,,,,,,
raw,1,942,1.8409500122070312,0.375,0.375,0.375,0.37696006324743925,0.3828578623372114,0.3798860730756366,,,,,,1.4021958091295081,0.28374325134973005,0.3547418967587035,0.3152950995790133,,,,,,
raw,1,943,1.5914592742919922,0.375,0.375,0.375,0.3769012613500161,0.38262212646709504,0.37974014862225314,,,,,,1.40186154803818,0.28374325134973005,0.3547418967587035,0.3152950995790133,,,,,,
raw,1,944,2.2787973880767822,0.375,0.4375,0.40384615384615385,0.37684422350951563,0.3842684626730822,0.38052013338926755,,,,,,1.401540443538132,0.28374325134973005,0.3547418967587035,0.3152950995790133,,,,,,
raw,1,945,1.8393449783325195,0.3333333432674408,0.5,0.4000000071525573,0.37553889710225336,0.38774040879288973,0.38154212843302826,,,,,,1.4006018688888862,0.28374325134973005,0.3547418967587035,0.3152950995790133,,,,,,
raw,1,946,1.5365321636199951,0.375,0.375,0.375,0.3755227301891858,0.3873581965291031,0.3813486546255811,,,,,,1.4002994725158533,0.28374325134973005,0.3547418967587035,0.3152950995790133,,,,,,
raw,1,947,1.494551658630371,0.4375,0.375,0.40384615384615385,0.37738204828351024,0.38698745063323003,0.38212439660910635,,,,,,1.3999794061246085,0.28374325134973005,0.3547418967587035,0.3152950995790133,,,,,,
raw,1,948,1.837945818901062,0.375,0.375,0.375,0.37731058683500496,0.38662782711423316,0.38191238893481655,,,,,,1.3996473116033787,0.28374325134973005,0.3547418967587035,0.3152950995790133,,,,,,
raw,1,949,2.1216588020324707,0.375,0.4375,0.40384615384615385,0.3772412692299548,0.38815399230080616,0.3826198359769839,,,,,,1.3993283716543707,0.28374325134973005,0.3547418967587035,0.3152950995790133,,,,,,
raw,1,950,1.9605770111083984,0.375,0.375,0.375,0.37717403115305614,0.38775937253178194,0.3823934605304536,,,,,,1.3990086329473783,0.28374325134973005,0.3547418967587035,0.3152950995790133,,,,,,
raw,1,951,1.7168984413146973,0.375,0.3125,0.3409090909090909,0.37710881021846443,0.3855015913558285,0.3812590181130876,,,,,,1.3986892099894839,0.28374325134973005,0.3547418967587035,0.3152950995790133,,,,,,
raw,1,952,2.026775598526001,0.375,0.375,0.375,0.37704554591191053,0.3851865436151537,0.3810725699187211,,,,,,1.3983612487395056,0.28374325134973005,0.3547418967587035,0.3152950995790133,,,,,,
raw,1,953,1.8683527708053589,0.375,0.375,0.375,0.3769841795345532,0.3848809473066991,0.3808916382364628,,,,,,1.398030983840509,0.28374325134973005,0.3547418967587035,0.3152950995790133,,,,,,
raw,1,954,2.1397504806518555,0.375,0.375,0.375,0.3769246541485166,0.3845845188874981,0.3807160620130526,,,,,,1.3976842273584895,0.28374325134973005,0.3547418967587035,0.3152950995790133,,,,,,
raw,1,955,1.7193607091903687,0.4375,0.4375,0.4375,0.3787419145240611,0.38617198332087316,0.38242086255870716,,,,,,1.397354652670167,0.28374325134973005,0.3547418967587035,0.3152950995790133,,,,,,
raw,1,956,1.4580566883087158,0.3125,0.3125,0.3125,0.3767546570883393,0.383961823821247,0.3803240994485053,,,,,,1.3970339474895452,0.28374325134973005,0.3547418967587035,0.3152950995790133,,,,,,
raw,1,957,1.875685691833496,0.375,0.375,0.375,0.3767020173756891,0.38369296910660955,0.3801653563866376,,,,,,1.3967837551724094,0.28374325134973005,0.3547418967587035,0.3152950995790133,,,,,,
raw,1,958,2.2500038146972656,0.375,0.375,0.375,0.3766509568544184,0.3834321800334113,0.3800113184715292,,,,,,1.3965081909185897,0.28374325134973005,0.3547418967587035,0.3152950995790133,,,,,,
raw,1,959,1.5383939743041992,0.375,0.375,0.375,0.37660142814878583,0.3831792146324089,0.3798618478598255,,,,,,1.3962102915537038,0.28374325134973005,0.3547418967587035,0.3152950995790133,,,,,,
raw,1,960,2.0502586364746094,0.3125,0.375,0.3409090909090909,0.3746783853043223,0.3829338381934366,0.3787611332623328,,,,,,1.395890685729167,0.28374325134973005,0.3547418967587035,0.3152950995790133,,,,,,
raw,1,961,1.9098281860351562,0.4375,0.4375,0.4375,0.3765630337451926,0.3845708230476335,0.38052480394685667,,,,,,1.39554041300729,0.28374325134973005,0.3547418967587035,0.3152950995790133,,,,,,
raw,1,962,1.644144058227539,0.375,0.3125,0.3409090909090909,0.37651614273283684,0.3824086983562045,0.37943954462196905,,,,,,1.3951960643451178,0.28374325134973005,0.3547418967587035,0.3152950995790133,,,,,,
raw,1,963,1.6003178358078003,0.375,0.375,0.375,0.3764706584508517,0.3821864374055184,0.37930701637642267,,,,,,1.3948955880581535,0.28374325134973005,0.3547418967587035,0.3152950995790133,,,,,,
raw,1,964,1.5476720333099365,0.375,0.375,0.375,0.3764265386973261,0.3819708442833528,0.3791784255155872,,,,,,1.394554793257259,0.28374325134973005,0.3547418967587035,0.3152950995790133,,,,,,
raw,1,965,1.5360907316207886,0.3125,0.375,0.3409090909090909,0.37450874253640637,0.3817617189548522,0.3781004510804135,,,,,,1.39423561295337,0.28374325134973005,0.3547418967587035,0.3152950995790133,,,,,,
raw,1,966,2.334075927734375,0.4375,0.375,0.40384615384615385,0.37639848026031414,0.3815588673862067,0.3789611071386892,,,,,,1.3939324569358218,0.28374325134973005,0.3547418967587035,0.3152950995790133,,,,,,
raw,1,967,1.9125903844833374,0.4375,0.4375,0.4375,0.3782315258525047,0.38323710136462047,0.3807178613311398,,,,,,1.393636044260603,0.28374325134973005,0.3547418967587035,0.3152950995790133,,,,,,
raw,1,968,1.996154546737671,0.5,0.375,0.42857142857142855,0.38188458007692955,0.3829899883236818,0.38243648542398184,,,,,,1.3933561848140572,0.28374325134973005,0.3547418967587035,0.3152950995790133,,,,,,
raw,1,969,2.238393783569336,0.375,0.375,0.375,0.3816780426746217,0.3827502886739713,0.3822134136669232,,,,,,1.3930486657378787,0.28374325134973005,0.3547418967587035,0.3152950995790133,,,,,,
raw,1,970,1.6102917194366455,0.375,0.375,0.375,0.3814777013943831,0.38251778001375214,0.3819970327394521,,,,,,1.3927464307216537,0.28374325134973005,0.3547418967587035,0.3152950995790133,,,,,,
raw,1,971,1.5384454727172852,0.375,0.375,0.375,0.38128337035255155,0.3822922466133396,0.3817871419927598,,,,,,1.392423615447997,0.28374325134973005,0.3547418967587035,0.3152950995790133,,,,,,
raw,1,972,1.5152937173843384,0.375,0.25,0.3,0.381094869241975,0.3783234792149394,0.37970411733017606,,,,,,1.3921437298353931,0.28374325134973005,0.3547418967587035,0.3152950995790133,,,,,,
raw,1,973,1.6858489513397217,0.4375,0.4375,0.4375,0.38278702316471575,0.38009877483849125,0.38143816259211577,,,,,,1.3918118993833513,0.28374325134973005,0.3547418967587035,0.3152950995790133,,,,,,
raw,1,974,1.9323062896728516,0.375,0.375,0.375,0.38255341246977426,0.3799458115933365,0.3812451532845061,,,,,,1.39151676190966,0.28374325134973005,0.3547418967587035,0.3152950995790133,,,,,,
raw,1,975,1.604577660560608,0.3125,0.3125,0.3125,0.380451810095681,0.3779224372455364,0.3791829056166351,,,,,,1.3912261688205092,0.28374325134973005,0.3547418967587035,0.3152950995790133,,,,,,
raw,1,976,1.6278877258300781,0.375,0.3125,0.3409090909090909,0.38028825579281056,0.37595976412817034,0.3781116225957653,,,,,,1.3909694686475422,0.28374325134973005,0.3547418967587035,0.3152950995790133,,,,,,
raw,1,977,1.9406557083129883,0.375,0.3125,0.3409090909090909,0.3801296081190263,0.37405597120432527,0.3770683334360577,,,,,,1.390623362640736,0.28374325134973005,0.3547418967587035,0.3152950995790133,,,,,,
raw,1,978,2.3194918632507324,0.375,0.375,0.375,0.37997571987545553,0.3740842920681955,0.3770069912773328,,,,,,1.3902909380368107,0.28374325134973005,0.3547418967587035,0.3152950995790133,,,,,,
raw,1,979,1.6397974491119385,0.375,0.4375,0.40384615384615385,0.3798264482791919,0.3759867633061496,0.3778968526020237,,,,,,1.3900243698672103,0.28374325134973005,0.3547418967587035,0.3152950995790133,,,,,,
raw,1,980,1.532645583152771,0.375,0.375,0.375,0.3796816548308162,0.37595716040696514,0.37781022872387254,,,,,,1.3897540256122516,0.28374325134973005,0.3547418967587035,0.3152950995790133,,,,,,
raw,1,981,1.7251901626586914,0.375,0.375,0.375,0.37954120518589174,0.37592844559475613,0.37772618703413724,,,,,,1.389526013761471,0.28374325134973005,0.3547418967587035,0.3152950995790133,,,,,,
raw,1,982,1.6448955535888672,0.375,0.4375,0.40384615384615385,0.37940496903031495,0.3777755922269134,0.37858852750069244,,,,,,1.3892626252545857,0.28374325134973005,0.3547418967587035,0.3152950995790133,,,,,,
raw,1,983,1.8738722801208496,0.375,0.4375,0.40384615384615385,0.37927281995940554,0.379567324460106,0.3794200150614212,,,,,,1.3889797391658283,0.28374325134973005,0.3547418967587035,0.3152950995790133,,,,,,
raw,1,984,1.7366759777069092,0.375,0.375,0.375,0.37914463536062337,0.3794303047263028,0.3792874162537963,,,,,,1.3886685093495943,0.28374325134973005,0.3547418967587035,0.3152950995790133,,,,,,
raw,1,985,1.824941873550415,0.375,0.5,0.42857142857142855,0.3790202962998047,0.38304739558451373,0.3810232054644027,,,,,,1.388398314720811,0.28374325134973005,0.3547418967587035,0.3152950995790133,,,,,,
raw,1,986,1.5372941493988037,0.375,0.375,0.375,0.3788996874108106,0.38280597371697833,0.38084281417995214,,,,,,1.3881135205882438,0.28374325134973005,0.3547418967587035,0.3152950995790133,,,,,,
raw,1,987,1.7220349311828613,0.375,0.375,0.375,0.3787826967884863,0.38257179450546897,0.3806678168843756,,,,,,1.3878312019250352,0.28374325134973005,0.3547418967587035,0.3152950995790133,,,,,,
raw,1,988,1.9605011940002441,0.375,0.3125,0.3409090909090909,0.3786692158848317,0.3804696406703049,0.3795672932732933,,,,,,1.3875651237854312,0.28374325134973005,0.3547418967587035,0.3152950995790133,,,,,,
raw,1,989,1.994518756866455,0.3125,0.375,0.3409090909090909,0.37668413940828677,0.38030555145019573,0.37848618307535736,,,,,,1.3872640776542031,0.28374325134973005,0.3547418967587035,0.3152950995790133,,,,,,
raw,1,990,1.627711296081543,0.5625,0.375,0.45,0.38225861522603816,0.38014638490668984,0.3811995741169531,,,,,,1.3869725425252597,0.28374325134973005,0.3547418967587035,0.3152950995790133,,,,,,
raw,1,991,1.8809692859649658,0.4375,0.5,0.4666666666666667,0.383915856769257,0.38374199335948916,0.38382890537559816,,,,,,1.3867213460141297,0.28374325134973005,0.3547418967587035,0.3152950995790133,,,,,,
raw,1,992,1.9639792442321777,0.375,0.375,0.375,0.38364838106617927,0.38347973355870446,0.38356403877448114,,,,,,1.3864501598790295,0.28374325134973005,0.3547418967587035,0.3152950995790133,,,,,,
raw,1,993,1.6356511116027832,0.375,0.375,0.375,0.3833889296341939,0.3832253415519433,0.38330711813901014,,,,,,1.3861371693857005,0.28374325134973005,0.3547418967587035,0.3152950995790133,,,,,,
raw,1,994,1.5811727046966553,0.4375,0.375,0.40384615384615385,0.38501226174516806,0.382978581305385,0.38399272887850305,,,,,,1.3858572136820915,0.28374325134973005,0.3547418967587035,0.3152950995790133,,,,,,
raw,1,995,1.8555293083190918,0.3125,0.375,0.3409090909090909,0.38283689389281306,0.3827392238662234,0.38278805264928595,,,,,,1.385535693467342,0.28374325134973005,0.3547418967587035,0.3152950995790133,,,,,,
raw,1,996,1.8807697296142578,0.375,0.375,0.375,0.38260178707602865,0.38250704715023665,0.3825544112475269,,,,,,1.385245253012051,0.28374325134973005,0.3547418967587035,0.3152950995790133,,,,,,
raw,1,997,2.073068141937256,0.375,0.375,0.375,0.3823737334637478,0.3822818357357295,0.3823277790775187,,,,,,1.3849640496489466,0.28374325134973005,0.3547418967587035,0.3152950995790133,,,,,,
raw,1,998,1.945892095565796,0.375,0.375,0.375,0.38215252145983536,0.38206338066365764,0.3821079458629005,,,,,,1.384697955911824,0.28374325134973005,0.3547418967587035,0.3152950995790133,,,,,,
raw,1,999,1.7631874084472656,0.375,0.375,0.375,0.38193794581604035,0.38185147924374796,0.38189470763556865,,,,,,1.3844134452452495,0.28374325134973005,0.3547418967587035,0.3152950995790133,,,,,,
raw,1,1000,1.8303331136703491,0.25,0.3125,0.2777777777777778,0.3779798074415591,0.37977093486643554,0.37887325427223595,,,,,,1.454116275399996,0.28374325134973005,0.3547418967587035,0.3152950995790133,,,,0.38812237552489504,0.38535414165666265,0.3867333049053217
raw,1,1001,1.7892799377441406,0.375,0.375,0.375,0.3778904132183124,0.3796278068204425,0.3787571176339477,,,,,,1.4537530896103945,0.28374325134973005,0.3547418967587035,0.3152950995790133,,,,,,
raw,1,1002,1.8550186157226562,0.375,0.3125,0.3409090909090909,0.37780370082176307,0.37761397261582924,0.3777088128930416,,,,,,1.453421100000005,0.28374325134973005,0.3547418967587035,0.3152950995790133,,,,,,
raw,1,1003,1.8526194095611572,0.3125,0.375,0.3409090909090909,0.37584458979711016,0.37753555343735434,0.3766881739311449,,,,,,1.453066146560315,0.28374325134973005,0.3547418967587035,0.3152950995790133,,,,,,
raw,1,1004,2.222179651260376,0.5,0.375,0.42857142857142855,0.37956925210319686,0.3774594868342337,0.3785114296136865,,,,,,1.4527027551792786,0.28374325134973005,0.3547418967587035,0.3152950995790133,,,,,,
raw,1,1005,1.3763751983642578,0.375,0.375,0.375,0.3794321745401009,0.37738570222920664,0.37840617150437267,,,,,,1.4523487470646745,0.28374325134973005,0.3547418967587035,0.3152950995790133,,,,,,
raw,1,1006,1.539328694343567,0.3125,0.375,0.3409090909090909,0.3774242093038979,0.3773141311623305,0.3773691622056982,,,,,,1.4519609084493046,0.28374325134973005,0.3547418967587035,0.3152950995790133,,,,,,
raw,1,1007,1.7722551822662354,0.4375,0.375,0.40384615384615385,0.37922648302478096,0.3772447072274606,0.3782329992339299,,,,,,1.4516365546176786,0.28374325134973005,0.3547418967587035,0.3152950995790133,,,,,,
raw,1,1008,1.4054384231567383,0.375,0.375,0.375,0.3790996885340375,0.3771773660106368,0.3781360841703934,,,,,,1.4513126188492116,0.28374325134973005,0.3547418967587035,0.3152950995790133,,,,,,
raw,1,1009,1.9752883911132812,0.375,0.5,0.42857142857142855,0.37897669787801636,0.3808620450303177,0.3799170324487413,,,,,,1.450967914073341,0.28374325134973005,0.3547418967587035,0.3152950995790133,,,,,,
raw,1,1010,1.8689208030700684,0.4375,0.375,0.40384615384615385,0.3807323969416759,0.3806861836794081,0.3807092889081165,,,,,,1.4506120329703023,0.28374325134973005,0.3547418967587035,0.3152950995790133,,,,,,
raw,1,1011,1.8300933837890625,0.375,0.375,0.375,0.3805604250334256,0.3805155981690258,0.38053801028108963,,,,,,1.4502919148368032,0.28374325134973005,0.3547418967587035,0.3152950995790133,,,,,,
raw,1,1012,2.2322311401367188,0.375,0.375,0.375,0.38039361228242285,0.38035013022395503,0.3803718700105304,,,,,,1.4499352396245087,0.28374325134973005,0.3547418967587035,0.3152950995790133,,,,,,
raw,1,1013,1.7522087097167969,0.375,0.375,0.375,0.3802318039139502,0.3801896263172364,0.3802107139458803,,,,,,1.4496035230009907,0.28374325134973005,0.3547418967587035,0.3152950995790133,,,,,,
raw,1,1014,1.854720115661621,0.375,0.5,0.42857142857142855,0.3800748497965317,0.38378393752771933,0.3819203885082764,,,,,,1.449262604930966,0.28374325134973005,0.3547418967587035,0.3152950995790133,,,,,,
raw,1,1015,2.052581787109375,0.375,0.4375,0.40384615384615385,0.3799226043026358,0.38539541940188776,0.38263944370922653,,,,,,1.4489183709359574,0.28374325134973005,0.3547418967587035,0.3152950995790133,,,,,,
raw,1,1016,1.597801685333252,0.3125,0.375,0.3409090909090909,0.3778999261735567,0.3850835568198311,0.3814579238909316,,,,,,1.448579177263779,0.28374325134973005,0.3547418967587035,0.3152950995790133,,,,,,
raw,1,1017,1.9050500392913818,0.3125,0.375,0.3409090909090909,0.37593792838835005,0.3847810501152361,0.38030808998078347,,,,,,1.4482435039331445,0.28374325134973005,0.3547418967587035,0.3152950995790133,,,,,,
raw,1,1018,1.8834524154663086,0.375,0.375,0.375,0.3759097905366996,0.38448761861177905,0.380150322548209,,,,,,1.4478847750491237,0.28374325134973005,0.3547418967587035,0.3152950995790133,,,,,,
raw,1,1019,2.0741188526153564,0.375,0.4375,0.40384615384615385,0.3758824968205986,0.3860779900534257,0.3809120324969101,,,,,,1.4475114203140411,0.28374325134973005,0.3547418967587035,0.3152950995790133,,,,,,
raw,1,1020,1.812546730041504,0.375,0.375,0.375,0.37585602191598066,0.38574565035182296,0.3807366262232882,,,,,,1.447162756470589,0.28374325134973005,0.3547418967587035,0.3152950995790133,,,,,,
raw,1,1021,1.2946332693099976,0.3125,0.5,0.38461538461538464,0.3739553412585013,0.3891732808412683,0.38141257667743556,,,,,,1.4468396389813891,0.28374325134973005,0.3547418967587035,0.3152950995790133,,,,,,
raw,1,1022,1.7374258041381836,0.375,0.4375,0.40384615384615385,0.3739866810207463,0.3906230824160302,0.3821238940665036,,,,,,1.4465179545988252,0.28374325134973005,0.3547418967587035,0.3152950995790133,,,,,,
raw,1,1023,1.8531630039215088,0.5625,0.375,0.45,0.3796420805901239,0.39015438994354934,0.38482645743193333,,,,,,1.4461811846529826,0.28374325134973005,0.3547418967587035,0.3152950995790133,,,,,,
raw,1,1024,1.9488239288330078,0.4375,0.375,0.40384615384615385,0.38137781817242017,0.38969975824524283,0.38549388047925043,,,,,,1.4458676463867164,0.28374325134973005,0.3547418967587035,0.3152950995790133,,,,,,
raw,1,1025,1.5580430030822754,0.375,0.4375,0.40384615384615385,0.3811864836272476,0.39113376549788553,0.3860960653742143,,,,,,1.4455310370731764,0.28374325134973005,0.3547418967587035,0.3152950995790133,,,,,,
raw,1,1026,1.9063899517059326,0.375,0.375,0.375,0.3810008891184302,0.390649752532949,0.3857649952326254,,,,,,1.4452162286549695,0.28374325134973005,0.3547418967587035,0.3152950995790133,,,,,,
raw,1,1027,1.4337060451507568,0.4375,0.5,0.4666666666666667,0.3826958624448773,0.3939302599569605,0.3882318047997891,,,,,,1.4448836425511251,0.28374325134973005,0.3547418967587035,0.3152950995790133,,,,,,
raw,1,1028,2.229245662689209,0.375,0.375,0.375,0.38246498657153094,0.39336235215825166,0.3878371365006814,,,,,,1.444527702529188,0.28374325134973005,0.3547418967587035,0.3152950995790133,,,,,,
raw,1,1029,1.799509048461914,0.4375,0.375,0.40384615384615385,0.384116036974385,0.3928114815935041,0.3884150991738846,,,,,,1.4442319829931956,0.28374325134973005,0.3547418967587035,0.3152950995790133,,,,,,
raw,1,1030,1.7316784858703613,0.3125,0.3125,0.3125,0.38196755586515346,0.390402137145699,0.3861387920304631,,,,,,1.4439313040776698,0.28374325134973005,0.3547418967587035,0.3152950995790133,,,,,,
raw,1,1031,1.541067123413086,0.375,0.375,0.375,0.38175852918919884,0.38994007303132805,0.3858059307714757,,,,,,1.4435802507274516,0.28374325134973005,0.3547418967587035,0.3152950995790133,,,,,,
raw,1,1032,1.883225440979004,0.25,0.375,0.3,0.3778057733135229,0.38949187084038817,0.3835598312684682,,,,,,1.4433112453488455,0.28374325134973005,0.3547418967587035,0.3152950995790133,,,,,,
raw,1,1033,1.4110443592071533,0.375,0.4375,0.40384615384615385,0.37772160011411715,0.3909321147151765,0.38421333575160277,,,,,,1.4429402327202367,0.28374325134973005,0.3547418967587035,0.3152950995790133,,,,,,
raw,1,1034,1.723078966140747,0.375,0.375,0.375,0.3776399521106937,0.3904541512737212,0.38394016133888603,,,,,,1.4425972992263072,0.28374325134973005,0.3547418967587035,0.3152950995790133,,,,,,
raw,1,1035,1.9347844123840332,0.4375,0.375,0.40384615384615385,0.37943575354737286,0.3899905267355096,0.3846407464372569,,,,,,1.4422811269565263,0.28374325134973005,0.3547418967587035,0.3152950995790133,,,,,,
raw,1,1036,1.6623247861862183,0.4375,0.375,0.40384615384615385,0.38117768094095167,0.3895408109334443,0.38531387143015766,,,,,,1.441938278281858,0.28374325134973005,0.3547418967587035,0.3152950995790133,,,,,,
raw,1,1037,1.8276262283325195,0.375,0.4375,0.40384615384615385,0.38099235051272307,0.39097958660544097,0.385921364601363,,,,,,1.4416509035679859,0.28374325134973005,0.3547418967587035,0.3152950995790133,,,,,,
raw,1,1038,2.166685104370117,0.375,0.4375,0.40384615384615385,0.3808125799973414,0.39237519900727774,0.38650743304115015,,,,,,1.4413365411367982,0.28374325134973005,0.3547418967587035,0.3152950995790133,,,,,,
raw,1,1039,1.563382625579834,0.375,0.4375,0.40384615384615385,0.3806382025974212,0.3937289430370594,0.38707292279404126,,,,,,1.4410145395572704,0.28374325134973005,0.3547418967587035,0.3152950995790133,,,,,,
raw,1,1040,1.935218095779419,0.5,0.375,0.42857142857142855,0.38421905651949856,0.3931670747459476,0.38864156803908156,,,,,,1.4406695397115423,0.28374325134973005,0.3547418967587035,0.3152950995790133,,,,,,
raw,1,1041,1.4803303480148315,0.4375,0.375,0.40384615384615385,0.3858174848239136,0.3926220625035691,0.3891900332185408,,,,,,1.4403774184438056,0.28374325134973005,0.3547418967587035,0.3152950995790133,,,,,,
raw,1,1042,2.1562652587890625,0.375,0.375,0.375,0.3854929602791962,0.3920934006284621,0.3887651669655567,,,,,,1.4400754206333994,0.28374325134973005,0.3547418967587035,0.3152950995790133,,,,,,
raw,1,1043,1.748518943786621,0.375,0.375,0.375,0.38517817147082034,0.39158059860960825,0.38835299906631454,,,,,,1.4397396287631907,0.28374325134973005,0.3547418967587035,0.3152950995790133,,,,,,
raw,1,1044,1.7507648468017578,0.375,0.3125,0.3409090909090909,0.3848728263266957,0.38920818065132,0.3870283630948175,,,,,,1.4393795683908037,0.28374325134973005,0.3547418967587035,0.3152950995790133,,,,,,
raw,1,1045,1.7296818494796753,0.3125,0.4375,0.3645833333333333,0.38270164153689484,0.3906569352317804,0.3866383715963993,,,,,,1.4390426748325411,0.28374325134973005,0.3547418967587035,0.3152950995790133,,,,,,
raw,1,1046,1.8919258117675781,0.4375,0.375,0.40384615384615385,0.38434559229078796,0.390187227174827,0.38724438051902804,,,,,,1.4387257860420728,0.28374325134973005,0.3547418967587035,0.3152950995790133,,,,,,
raw,1,1047,1.7880032062530518,0.5,0.375,0.42857142857142855,0.38781522452206435,0.38973161035958215,0.38877105582444627,,,,,,1.4384122582617063,0.28374325134973005,0.3547418967587035,0.3152950995790133,,,,,,
raw,1,1048,1.5972545146942139,0.4375,0.375,0.40384615384615385,0.3893057677864024,0.38928966204879467,0.3892977147510198,,,,,,1.4380949915076313,0.28374325134973005,0.3547418967587035,0.3152950995790133,,,,,,
raw,1,1049,1.7645759582519531,0.375,0.375,0.375,0.38887659475281033,0.38886097218733084,0.3888687833131639,,,,,,1.4377730232602555,0.28374325134973005,0.3547418967587035,0.3152950995790133,,,,,,
raw,1,1050,1.7441401481628418,0.3333333432674408,0.5,0.4000000071525573,0.38721029720824923,0.39219514302171093,0.3896867793179947,,,,,,1.4369065900000055,0.28374325134973005,0.3547418967587035,0.3152950995790133,,,,,,
raw,1,1051,2.087191581726074,0.375,0.375,0.375,0.38684398829200173,0.3916792887310596,0.3892466228202688,,,,,,1.4365721356803125,0.28374325134973005,0.3547418967587035,0.3152950995790133,,,,,,
raw,1,1052,1.9905182123184204,0.4375,0.375,0.40384615384615385,0.3883636686432417,0.39117891006912786,0.38976620587229155,,,,,,1.4362737096958231,0.28374325134973005,0.3547418967587035,0.3152950995790133,,,,,,
raw,1,1053,1.6971545219421387,0.375,0.375,0.375,0.38796275858394447,0.39069354276705404,0.3893233621813704,,,,,,1.4359615733143472,0.28374325134973005,0.3547418967587035,0.3152950995790133,,,,,,
raw,1,1054,2.1243133544921875,0.4375,0.4375,0.4375,0.3894488758264261,0.3920977364840424,0.39076881732329966,,,,,,1.435624145635678,0.28374325134973005,0.3547418967587035,0.3152950995790133,,,,,,
raw,1,1055,2.08882474899292,0.3125,0.375,0.3409090909090909,0.38714040955163337,0.39158480438952115,0.3893499242905244,,,,,,1.435309652417059,0.28374325134973005,0.3547418967587035,0.3152950995790133,,,,,,
raw,1,1056,1.9282639026641846,0.4375,0.375,0.40384615384615385,0.38865119726508435,0.39108726025783547,0.3898654233810484,,,,,,1.4349697871212177,0.28374325134973005,0.3547418967587035,0.3152950995790133,,,,,,
raw,1,1057,1.9965076446533203,0.375,0.375,0.375,0.3882416613471318,0.3906046424501004,0.38941956731481203,,,,,,1.4346483195837267,0.28374325134973005,0.3547418967587035,0.3152950995790133,,,,,,
raw,1,1058,1.8140034675598145,0.375,0.375,0.375,0.3878444115067178,0.3901365031765974,0.3889870808550858,,,,,,1.434335440453682,0.28374325134973005,0.3547418967587035,0.3152950995790133,,,,,,
raw,1,1059,2.057952880859375,0.375,0.375,0.375,0.38745907916151623,0.3896824080812995,0.3885675632536327,,,,,,1.4340434933899942,0.28374325134973005,0.3547418967587035,0.3152950995790133,,,,,,
raw,1,1060,1.8105659484863281,0.4375,0.4375,0.4375,0.3889603067866707,0.3911169358388605,0.3900356401664031,,,,,,1.4337221531132083,0.28374325134973005,0.3547418967587035,0.3152950995790133,,,,,,
raw,1,1061,1.6197724342346191,0.4375,0.375,0.40384615384615385,0.39041649758307057,0.3906334277636947,0.39052493254809756,,,,,,1.4334315187558901,0.28374325134973005,0.3547418967587035,0.3152950995790133,,,,,,
raw,1,1062,2.072190284729004,0.375,0.375,0.375,0.38995400265557845,0.39016442493078385,0.3900591854144554,,,,,,1.433166425988705,0.28374325134973005,0.3547418967587035,0.3152950995790133,,,,,,
raw,1,1063,1.8313084840774536,0.375,0.375,0.375,0.38950538257591105,0.38970949218286033,0.3896074106468803,,,,,,1.4328608084666068,0.28374325134973005,0.3547418967587035,0.3152950995790133,,,,,,
raw,1,1064,2.5470590591430664,0.4375,0.375,0.40384615384615385,0.3909452210986337,0.38926820741737456,0.39010491194674907,,,,,,1.4325430511278245,0.28374325134973005,0.3547418967587035,0.3152950995790133,,,,,,
raw,1,1065,1.6697025299072266,0.3125,0.3125,0.3125,0.38859186446567473,0.38696516119485336,0.3877768068541438,,,,,,1.4322549249765222,0.28374325134973005,0.3547418967587035,0.3152950995790133,,,,,,
raw,1,1066,2.0506656169891357,0.4375,0.375,0.40384615384615385,0.3900591085317045,0.3866062063590078,0.3883249819813013,,,,,,1.4319563214821807,0.28374325134973005,0.3547418967587035,0.3152950995790133,,,,,,
raw,1,1067,1.8353958129882812,0.375,0.4375,0.40384615384615385,0.3896073352757534,0.38813302016823753,0.38886878033723776,,,,,,1.4316310171508866,0.28374325134973005,0.3547418967587035,0.3152950995790133,,,,,,
raw,1,1068,1.6754993200302124,0.4375,0.375,0.40384615384615385,0.3910441152174808,0.3877390295631904,0.3893845591471398,,,,,,1.4312827641385755,0.28374325134973005,0.3547418967587035,0.3152950995790133,,,,,,
raw,1,1069,1.952197551727295,0.375,0.375,0.375,0.3905627917609563,0.38735685867629466,0.3889532191334485,,,,,,1.4309645637043984,0.28374325134973005,0.3547418967587035,0.3152950995790133,,,,,,
raw,1,1070,1.5372413396835327,0.375,0.375,0.375,0.39009590800812766,0.3869861529160058,0.38853480809687563,,,,,,1.430640946168229,0.28374325134973005,0.3547418967587035,0.3152950995790133,,,,,,
raw,1,1071,1.716033935546875,0.3125,0.375,0.3409090909090909,0.38776803076788385,0.3866265683285256,0.3871964582868491,,,,,,1.4303327155929035,0.28374325134973005,0.3547418967587035,0.3152950995790133,,,,,,
raw,1,1072,1.7819671630859375,0.4375,0.4375,0.4375,0.38925998984484733,0.3881527712786698,0.3887055920919684,,,,,,1.4300362714552308,0.28374325134973005,0.3547418967587035,0.3152950995790133,,,,,,
raw,1,1073,1.5766915082931519,0.4375,0.4375,0.4375,0.3907071901495019,0.3896331881403097,0.390169450056972,,,,,,1.4297452951537717,0.28374325134973005,0.3547418967587035,0.3152950995790133,,,,,,
raw,1,1074,1.804763674736023,0.375,0.375,0.375,0.3902359744450168,0.38919419249610043,0.38971438725063084,,,,,,1.429433737895722,0.28374325134973005,0.3547418967587035,0.3152950995790133,,,,,,
raw,1,1075,1.8755369186401367,0.4375,0.375,0.40384615384615385,0.39165389521166627,0.3887683667212174,0.39020579649875986,,,,,,1.4291270021395353,0.28374325134973005,0.3547418967587035,0.3152950995790133,,,,,,
raw,1,1076,1.3710975646972656,0.375,0.375,0.375,0.39115427835531624,0.3883553157195808,0.3897497719602104,,,,,,1.4288290048327232,0.28374325134973005,0.3547418967587035,0.3152950995790133,,,,,,
raw,1,1077,1.803859829902649,0.375,0.375,0.375,0.3906696500046568,0.3879546562479934,0.38930741965535615,,,,,,1.4285297448467955,0.28374325134973005,0.3547418967587035,0.3152950995790133,,,,,,
raw,1,1078,1.959676742553711,0.375,0.375,0.375,0.3901995605045171,0.38756601656055356,0.3888783298923555,,,,,,1.4281852484230062,0.28374325134973005,0.3547418967587035,0.3152950995790133,,,,,,
raw,1,1079,1.668661117553711,0.375,0.4375,0.40384615384615385,0.3897435736893816,0.38906403606373696,0.38940350841606064,,,,,,1.427918410287312,0.28374325134973005,0.3547418967587035,0.3152950995790133,,,,,,
raw,1,1080,1.7311224937438965,0.375,0.375,0.375,0.3893012664787001,0.3886421149818249,0.3889714114807013,,,,,,1.4276377686111152,0.28374325134973005,0.3547418967587035,0.3152950995790133,,,,,,
raw,1,1081,1.767800211906433,0.375,0.3125,0.3409090909090909,0.3888722284843391,0.3863578515323701,0.387610962450208,,,,,,1.4273601333950026,0.28374325134973005,0.3547418967587035,0.3152950995790133,,,,,,
raw,1,1082,2.2009201049804688,0.5,0.375,0.42857142857142855,0.3922060616298089,0.386017115986399,0.38908697951267385,,,,,,1.4270837419593347,0.28374325134973005,0.3547418967587035,0.3152950995790133,,,,,,
raw,1,1083,1.5656282901763916,0.375,0.375,0.375,0.39168987978091463,0.385686602506807,0.38866506103817783,,,,,,1.426817010895666,0.28374325134973005,0.3547418967587035,0.3152950995790133,,,,,,
raw,1,1084,1.8881149291992188,0.375,0.375,0.375,0.3911891833874872,0.38536600443160274,0.3882557606814086,,,,,,1.4265368799815505,0.28374325134973005,0.3547418967587035,0.3152950995790133,,,,,,
raw,1,1085,1.5005404949188232,0.375,0.375,0.375,0.3907035078858626,0.3850550242986547,0.387858702111644,,,,,,1.4262413330875607,0.28374325134973005,0.3547418967587035,0.3152950995790133,,,,,,
raw,1,1086,2.1652040481567383,0.3125,0.4375,0.3645833333333333,0.38835740264928675,0.38662837356969504,0.3874909593376026,,,,,,1.4259632140883947,0.28374325134973005,0.3547418967587035,0.3152950995790133,,,,,,
raw,1,1087,1.8297690153121948,0.375,0.375,0.375,0.38795668056980814,0.3862795223626042,0.38711628492776395,,,,,,1.4256831376264931,0.28374325134973005,0.3547418967587035,0.3152950995790133,,,,,,
raw,1,1088,1.7402000427246094,0.375,0.3125,0.3409090909090909,0.3875679801527139,0.3840661366917261,0.3858091123585626,,,,,,1.4254031530330902,0.28374325134973005,0.3547418967587035,0.3152950995790133,,,,,,
raw,1,1089,2.454587936401367,0.4375,0.3125,0.3645833333333333,0.38906594074813244,0.38191915259097436,0.3854594224357617,,,,,,1.425106255463726,0.28374325134973005,0.3547418967587035,0.3152950995790133,,,,,,
raw,1,1090,1.5731196403503418,0.4375,0.375,0.40384615384615385,0.39051896252568846,0.3817115780132452,0.38606504561641447,,,,,,1.424801937431199,0.28374325134973005,0.3547418967587035,0.3152950995790133,,,,,,
raw,1,1091,1.769939661026001,0.375,0.375,0.375,0.39005339364991776,0.38151023067284784,0.3857345149383464,,,,,,1.4244940839596745,0.28374325134973005,0.3547418967587035,0.3152950995790133,,,,,,
raw,1,1092,1.905118703842163,0.375,0.375,0.375,0.3896017918404202,0.3813149237526624,0.3854138184959172,,,,,,1.4242263369047619,0.28374325134973005,0.3547418967587035,0.3152950995790133,,,,,,
raw,1,1093,1.7458381652832031,0.3125,0.375,0.3409090909090909,0.38728873808520764,0.3811254760400825,0.38418239005563337,,,,,,1.4239192388838133,0.28374325134973005,0.3547418967587035,0.3152950995790133,,,,,,
raw,1,1094,1.9258108139038086,0.375,0.375,0.375,0.38692007594265143,0.38094171175888003,0.38390762088752795,,,,,,1.423631247257772,0.28374325134973005,0.3547418967587035,0.3152950995790133,,,,,,
raw,1,1095,1.6449806690216064,0.375,0.375,0.375,0.3865624736643719,0.38076346040611364,0.3836410542122322,,,,,,1.423346431506851,0.28374325134973005,0.3547418967587035,0.3152950995790133,,,,,,
raw,1,1096,2.049677848815918,0.4375,0.4375,0.4375,0.38809059945444074,0.3824655565939302,0.3852575466800815,,,,,,1.4230775200729937,0.28374325134973005,0.3547418967587035,0.3152950995790133,,,,,,
raw,1,1097,1.8313102722167969,0.3125,0.375,0.3409090909090909,0.3858228814708075,0.38224158989611234,0.38402388635223766,,,,,,1.4227892535095763,0.28374325134973005,0.3547418967587035,0.3152950995790133,,,,,,
raw,1,1098,1.436591625213623,0.4375,0.375,0.40384615384615385,0.38737319502668327,0.382024342199229,0.38468017599653515,,,,,,1.422497919125688,0.28374325134973005,0.3547418967587035,0.3152950995790133,,,,,,
raw,1,1099,1.6576019525527954,0.375,0.375,0.375,0.38700199917588274,0.38181361193325214,0.3843902985205072,,,,,,1.422179621292093,0.28374325134973005,0.3547418967587035,0.3152950995790133,,,,,,
raw,1,1100,1.6496683359146118,0.375,0.375,0.375,0.3866419392006063,0.38160920357525463,0.38410908691660045,,,,,,1.4219022676363635,0.28374325134973005,0.3547418967587035,0.3152950995790133,,,,,,
raw,1,1101,1.852459192276001,0.4375,0.4375,0.4375,0.3881676810245881,0.383285927467997,0.38571135839347326,,,,,,1.4216695519527778,0.28374325134973005,0.3547418967587035,0.3152950995790133,,,,,,
raw,1,1102,1.8523709774017334,0.4375,0.375,0.40384615384615385,0.3896476505938504,0.3830373496439571,0.3863142246388344,,,,,,1.4214081369328562,0.28374325134973005,0.3547418967587035,0.3152950995790133,,,,,,
raw,1,1103,1.8393700122833252,0.5,0.375,0.42857142857142855,0.3929582210760349,0.3827962291546384,0.3878106666316697,,,,,,1.42113187370807,0.28374325134973005,0.3547418967587035,0.3152950995790133,,,,,,
raw,1,1104,1.5810432434082031,0.375,0.4375,0.40384615384615385,0.3924194744437538,0.38443734227999926,0.3883874005258712,,,,,,1.4208419596920252,0.28374325134973005,0.3547418967587035,0.3152950995790133,,,,,,
raw,1,1105,1.7013936042785645,0.375,0.4375,0.40384615384615385,0.39189689021044116,0.3860292220115993,0.3889409270620329,,,,,,1.420521972941185,0.28374325134973005,0.3547418967587035,0.3152950995790133,,,,,,
raw,1,1106,1.7125753164291382,0.4375,0.375,0.40384615384615385,0.3932649835041279,0.38569834535125125,0.38944491429400824,,,,,,1.4202344970162715,0.28374325134973005,0.3547418967587035,0.3152950995790133,,,,,,
raw,1,1107,1.8724737167358398,0.4375,0.3125,0.3645833333333333,0.39459203399900405,0.3835023949907137,0.3889681880369173,,,,,,1.41992071626016,0.28374325134973005,0.3547418967587035,0.3152950995790133,,,,,,
raw,1,1108,1.736414909362793,0.375,0.375,0.375,0.39400427297903395,0.3832473231409923,0.38855136143589053,,,,,,1.419599817599287,0.28374325134973005,0.3547418967587035,0.3152950995790133,,,,,,
raw,1,1109,1.8672432899475098,0.375,0.375,0.375,0.393434144789663,0.3829999034467625,0.38814691295252574,,,,,,1.4192937376916148,0.28374325134973005,0.3547418967587035,0.3152950995790133,,,,,,
raw,1,1110,1.9197750091552734,0.4375,0.3125,0.3645833333333333,0.3947561204459731,0.38088490634335964,0.387696480127965,,,,,,1.4190344993693667,0.28374325134973005,0.3547418967587035,0.3152950995790133,,,,,,
raw,1,1111,2.257579803466797,0.375,0.375,0.375,0.3941634368325939,0.3807083591530589,0.3873190792388724,,,,,,1.418745121872186,0.28374325134973005,0.3547418967587035,0.3152950995790133,,,,,,
raw,1,1112,1.5606937408447266,0.375,0.4375,0.40384615384615385,0.39358853372761615,0.3824121083784671,0.38791983627196847,,,,,,1.4184407419964,0.28374325134973005,0.3547418967587035,0.3152950995790133,,,,,,
raw,1,1113,2.2311525344848633,0.375,0.375,0.375,0.3930308777157877,0.3821897451271131,0.3875345070940486,,,,,,1.4181638040431277,0.28374325134973005,0.3547418967587035,0.3152950995790133,,,,,,
raw,1,1114,1.9378007650375366,0.375,0.375,0.375,0.3924899513843141,0.38197405277329977,0.38716060810632824,,,,,,1.4178769067324966,0.28374325134973005,0.3547418967587035,0.3152950995790133,,,,,,
raw,1,1115,1.8337270021438599,0.375,0.375,0.375,0.3919652528427846,0.38176483119010074,0.38679780370941563,,,,,,1.417615816591925,0.28374325134973005,0.3547418967587035,0.3152950995790133,,,,,,
raw,1,1116,1.4425917863845825,0.4375,0.375,0.40384615384615385,0.39333129525750105,0.3815618862543977,0.38735721134754364,,,,,,1.4173372459677451,0.28374325134973005,0.3547418967587035,0.3152950995790133,,,,,,
raw,1,1117,1.583101511001587,0.4375,0.375,0.40384615384615385,0.394656356399776,0.3813650296667658,0.3878968692588908,,,,,,1.4170371447627559,0.28374325134973005,0.3547418967587035,0.3152950995790133,,,,,,
raw,1,1118,1.953949213027954,0.375,0.5,0.42857142857142855,0.3940666657077827,0.3849240787767628,0.38944172147916484,,,,,,1.4167391997316616,0.28374325134973005,0.3547418967587035,0.3152950995790133,,,,,,
raw,1,1119,2.102558135986328,0.375,0.4375,0.40384615384615385,0.39349466573654923,0.38650135641345995,0.3899666606745541,,,,,,1.4164336439678369,0.28374325134973005,0.3547418967587035,0.3152950995790133,,,,,,
raw,1,1120,1.7850494384765625,0.375,0.375,0.375,0.39293982576445274,0.38615631572105613,0.3895185390803198,,,,,,1.4161364656250044,0.28374325134973005,0.3547418967587035,0.3152950995790133,,,,,,
raw,1,1121,1.7129085063934326,0.5,0.375,0.42857142857142855,0.3961516309915192,0.3858216262494244,0.39091839802755596,,,,,,1.4158529247992926,0.28374325134973005,0.3547418967587035,0.3152950995790133,,,,,,
raw,1,1122,1.6959142684936523,0.3125,0.375,0.3409090909090909,0.3936420820617736,0.38549697746194167,0.38952695537919046,,,,,,1.4155621195187156,0.28374325134973005,0.3547418967587035,0.3152950995790133,,,,,,
raw,1,1123,1.4743585586547852,0.375,0.3125,0.3409090909090909,0.3930828195999204,0.3833070681380834,0.3881333992004321,,,,,,1.415290055209257,0.28374325134973005,0.3547418967587035,0.3152950995790133,,,,,,
raw,1,1124,2.203134536743164,0.4375,0.4375,0.4375,0.3944153350119228,0.3849328560939409,0.3896164079830778,,,,,,1.4150427531138872,0.28374325134973005,0.3547418967587035,0.3152950995790133,,,,,,
raw,1,1125,1.7328100204467773,0.4375,0.375,0.40384615384615385,0.39570787496156506,0.38463487041112265,0.39009281013770664,,,,,,1.4147665896888875,0.28374325134973005,0.3547418967587035,0.3152950995790133,,,,,,
raw,1,1126,2.1937389373779297,0.375,0.375,0.375,0.3950866387127181,0.38434582429878894,0.38964222567474877,,,,,,1.414490882415629,0.28374325134973005,0.3547418967587035,0.3152950995790133,,,,,,
raw,1,1127,1.7918474674224854,0.4375,0.375,0.40384615384615385,0.39635903955133656,0.38406544956982525,0.3901154175409651,,,,,,1.4142377361135756,0.28374325134973005,0.3547418967587035,0.3152950995790133,,,,,,
raw,1,1128,1.7586240768432617,0.375,0.375,0.375,0.3957182683647965,0.38379348608273045,0.38966466600618826,,,,,,1.4139514906028448,0.28374325134973005,0.3547418967587035,0.3152950995790133,,,,,,
raw,1,1129,1.4697484970092773,0.4375,0.375,0.40384615384615385,0.3969717203138526,0.3835296815002486,0.39013494941253274,,,,,,1.4136553817537614,0.28374325134973005,0.3547418967587035,0.3152950995790133,,,,,,
raw,1,1130,1.8282203674316406,0.375,0.3125,0.3409090909090909,0.396312568704437,0.3813987910552411,0.38871268289196015,,,,,,1.4133822235398292,0.28374325134973005,0.3547418967587035,0.3152950995790133,,,,,,
raw,1,1131,1.5275659561157227,0.4375,0.4375,0.4375,0.39754819164330385,0.38308182732358387,0.3901809666644732,,,,,,1.4130763868258154,0.28374325134973005,0.3547418967587035,0.3152950995790133,,,,,,
raw,1,1132,1.573749303817749,0.4375,0.375,0.40384615384615385,0.3987467458940047,0.38283937250387634,0.3906311803462994,,,,,,1.4128098321554794,0.28374325134973005,0.3547418967587035,0.3152950995790133,,,,,,
raw,1,1133,1.850233554840088,0.375,0.3125,0.3409090909090909,0.3980343435171846,0.38072919132876004,0.389189495777688,,,,,,1.4125178661076823,0.28374325134973005,0.3547418967587035,0.3152950995790133,,,,,,
raw,1,1134,1.679366111755371,0.4375,0.375,0.40384615384615385,0.39921831321166906,0.38055731558889727,0.3896645239950593,,,,,,1.412226953791888,0.28374325134973005,0.3547418967587035,0.3152950995790133,,,,,,
raw,1,1135,1.6804488897323608,0.375,0.375,0.375,0.39849176381531903,0.3803905961212304,0.38923084507770395,,,,,,1.4119738810572753,0.28374325134973005,0.3547418967587035,0.3152950995790133,,,,,,
raw,1,1136,1.4576406478881836,0.375,0.4375,0.40384615384615385,0.39778701090085944,0.38210387823759345,0.38978775542734834,,,,,,1.411726659066901,0.28374325134973005,0.3547418967587035,0.3152950995790133,,,,,,
raw,1,1137,1.6787261962890625,0.375,0.4375,0.40384615384615385,0.39710340057383364,0.38376576189046563,0.390320674438157,,,,,,1.411497264555851,0.28374325134973005,0.3547418967587035,0.3152950995790133,,,,,,
raw,1,1138,1.755465030670166,0.4375,0.375,0.40384615384615385,0.3983152985566186,0.3835027890337517,0.39076872314908623,,,,,,1.4111997796133593,0.28374325134973005,0.3547418967587035,0.3152950995790133,,,,,,
raw,1,1139,1.8255367279052734,0.375,0.375,0.375,0.3976158395999201,0.3832477053627391,0.3902995833922183,,,,,,1.410958693503079,0.28374325134973005,0.3547418967587035,0.3152950995790133,,,,,,
raw,1,1140,1.6703109741210938,0.4375,0.375,0.40384615384615385,0.39881236441192247,0.3830002742018569,0.3907464202566169,,,,,,1.4106943031578945,0.28374325134973005,0.3547418967587035,0.3152950995790133,,,,,,
raw,1,1141,1.9732856750488281,0.375,0.375,0.375,0.39809799347956476,0.38276026597580115,0.3902784968297587,,,,,,1.4104230509202447,0.28374325134973005,0.3547418967587035,0.3152950995790133,,,,,,
raw,1,1142,1.779716968536377,0.375,0.375,0.375,0.39740505367517787,0.3825274579965271,0.38982435711393426,,,,,,1.4101404016637549,0.28374325134973005,0.3547418967587035,0.3152950995790133,,,,,,
raw,1,1143,2.2935924530029297,0.4375,0.4375,0.4375,0.3986079020649225,0.3841766342566313,0.3912592420974791,,,,,,1.4098459193350843,0.28374325134973005,0.3547418967587035,0.3152950995790133,,,,,,
raw,1,1144,1.6605998277664185,0.375,0.375,0.375,0.3978996650029748,0.38390133522893233,0.39077517843153214,,,,,,1.4095990551573472,0.28374325134973005,0.3547418967587035,0.3152950995790133,,,,,,
raw,1,1145,2.0281295776367188,0.4375,0.375,0.40384615384615385,0.39908767505288556,0.3836342951720644,0.39120843608560124,,,,,,1.4093208633187861,0.28374325134973005,0.3547418967587035,0.3152950995790133,,,,,,
raw,1,1146,1.6858391761779785,0.375,0.375,0.375,0.398365044801299,0.38337526631690244,0.3907264419397468,,,,,,1.4090530970331676,0.28374325134973005,0.3547418967587035,0.3152950995790133,,,,,,
raw,1,1147,1.4119970798492432,0.3125,0.3125,0.3125,0.39578909345726,0.3812490083273954,0.38838301246956686,,,,,,1.408821896774191,0.28374325134973005,0.3547418967587035,0.3152950995790133,,,,,,
raw,1,1148,1.9382405281066895,0.4375,0.375,0.40384615384615385,0.39704042065354217,0.3810615380775735,0.3888869104504808,,,,,,1.4085448821428563,0.28374325134973005,0.3547418967587035,0.3152950995790133,,,,,,
raw,1,1149,1.7431226968765259,0.375,0.375,0.375,0.3963792080339359,0.3808796919352463,0.38847491010135327,,,,,,1.4082717966927827,0.28374325134973005,0.3547418967587035,0.3152950995790133,,,,,,
raw,1,1150,1.979769229888916,0.375,0.375,0.375,0.39573783179291777,0.38070330117718887,0.3880750067631137,,,,,,1.4080356125217361,0.28374325134973005,0.3547418967587035,0.3152950995790133,,,,,,
raw,1,1151,1.4170808792114258,0.375,0.375,0.375,0.3951156968391303,0.3805322021418732,0.3876868522857879,,,,,,1.4077516347523875,0.28374325134973005,0.3547418967587035,0.3152950995790133,,,,,,
raw,1,1152,1.8885397911071777,0.4375,0.4375,0.4375,0.39638722593395637,0.382241236077617,0.38918573003338536,,,,,,1.4074943177083317,0.28374325134973005,0.3547418967587035,0.3152950995790133,,,,,,
raw,1,1153,1.9259376525878906,0.375,0.375,0.375,0.3957456091559377,0.3820239989952885,0.38876376399933116,,,,,,1.4071917878577704,0.28374325134973005,0.3547418967587035,0.3152950995790133,,,,,,
raw,1,1154,1.8249778747558594,0.375,0.375,0.375,0.3951232408812596,0.38181327902542983,0.3883542512280084,,,,,,1.4069293074523463,0.28374325134973005,0.3547418967587035,0.3152950995790133,,,,,,
raw,1,1155,1.7937865257263184,0.3333333432674408,0.5,0.4000000071525573,0.393269543952845,0.38535888065466695,0.3892740271577741,,,,,,1.406204027012991,0.28374325134973005,0.3547418967587035,0.3152950995790133,,,,,,
raw,1,1156,1.8584015369415283,0.375,0.375,0.375,0.3927214576342597,0.38504811423502694,0.3888469339788378,,,,,,1.4059625377162632,0.28374325134973005,0.3547418967587035,0.3152950995790133,,,,,,
raw,1,1157,1.737870693206787,0.375,0.3125,0.3409090909090909,0.3921898139052319,0.3828716708079761,0.3874747288709042,,,,,,1.4057020823682018,0.28374325134973005,0.3547418967587035,0.3152950995790133,,,,,,
raw,1,1158,1.5626285076141357,0.375,0.375,0.375,0.39167411948807496,0.38263552068373685,0.3871020658232006,,,,,,1.4054522447323021,0.28374325134973005,0.3547418967587035,0.3152950995790133,,,,,,
raw,1,1159,1.903738021850586,0.4375,0.3125,0.3645833333333333,0.39304889590343267,0.3805314550632248,0.3866889020183342,,,,,,1.405183247713549,0.28374325134973005,0.3547418967587035,0.3152950995790133,,,,,,
raw,1,1160,1.8989614248275757,0.4375,0.4375,0.4375,0.3943824290263297,0.38224051141132803,0.38821655532789967,,,,,,1.4049244923275872,0.28374325134973005,0.3547418967587035,0.3152950995790133,,,,,,
raw,1,1161,1.5998591184616089,0.375,0.375,0.375,0.3938009561555398,0.3820232960689882,0.3878227287540887,,,,,,1.4046518226528864,0.28374325134973005,0.3547418967587035,0.3152950995790133,,,,,,
raw,1,1162,2.027554512023926,0.375,0.375,0.375,0.3932369274708736,0.3818125971869186,0.38744056427555584,,,,,,1.404405653958694,0.28374325134973005,0.3547418967587035,0.3152950995790133,,,,,,
raw,1,1163,1.6685434579849243,0.375,0.4375,0.40384615384615385,0.3926898196467473,0.38348321927131107,0.38803191727225966,,,,,,1.4041666453998278,0.28374325134973005,0.3547418967587035,0.3152950995790133,,,,,,
raw,1,1164,2.1699371337890625,0.375,0.3125,0.3409090909090909,0.39215912505734485,0.38135372269317175,0.38668095213578346,,,,,,1.4039041074742322,0.28374325134973005,0.3547418967587035,0.3152950995790133,,,,,,
raw,1,1165,2.1104044914245605,0.375,0.375,0.375,0.39164435130562447,0.38116311101237654,0.38633265498321195,,,,,,1.4036195433476382,0.28374325134973005,0.3547418967587035,0.3152950995790133,,,,,,
raw,1,1166,1.7930660247802734,0.375,0.4375,0.40384615384615385,0.39114502076645574,0.38285321768200525,0.3869547043955036,,,,,,1.403351885849053,0.28374325134973005,0.3547418967587035,0.3152950995790133,,,,,,
raw,1,1167,1.7630579471588135,0.4375,0.375,0.40384615384615385,0.3925356701434621,0.3826176211515451,0.38751319516815275,,,,,,1.403115780377043,0.28374325134973005,0.3547418967587035,0.3152950995790133,,,,,,
raw,1,1168,2.015322685241699,0.375,0.4375,0.40384615384615385,0.3920096000391582,0.3842640925169987,0.38809820469628126,,,,,,1.4028494152397337,0.28374325134973005,0.3547418967587035,0.3152950995790133,,,,,,
raw,1,1169,1.6154594421386719,0.375,0.375,0.375,0.3914993120379835,0.3839861697414888,0.38770634607094606,,,,,,1.4026168045337928,0.28374325134973005,0.3547418967587035,0.3152950995790133,,,,,,
raw,1,1170,1.7742959260940552,0.4375,0.4375,0.4375,0.392879332676844,0.38559158464924415,0.38920134610332485,,,,,,1.4023969783760735,0.28374325134973005,0.3547418967587035,0.3152950995790133,,,,,,
raw,1,1171,2.048945188522339,0.375,0.375,0.375,0.3923429526965386,0.3852738371097668,0.38877626314118835,,,,,,1.4021195894961622,0.28374325134973005,0.3547418967587035,0.3152950995790133,,,,,,
raw,1,1172,1.4662554264068604,0.375,0.375,0.375,0.3918226641156425,0.3849656219964738,0.3883638780356757,,,,,,1.4018449250853233,0.28374325134973005,0.3547418967587035,0.3152950995790133,,,,,,
raw,1,1173,1.8505958318710327,0.4375,0.375,0.40384615384615385,0.3931929841921732,0.38466665333657957,0.38888308904968777,,,,,,1.4015957395567005,0.28374325134973005,0.3547418967587035,0.3152950995790133,,,,,,
raw,1,1174,2.029088020324707,0.375,0.375,0.375,0.39264719466640796,0.3843766537364822,0.38846790891966565,,,,,,1.40133481984668,0.28374325134973005,0.3547418967587035,0.3152950995790133,,,,,,
raw,1,1175,1.804633378982544,0.375,0.375,0.375,0.39211777882641574,0.3840953541243878,0.3880651092419644,,,,,,1.4010761752340477,0.28374325134973005,0.3547418967587035,0.3152950995790133,,,,,,
raw,1,1176,1.447189211845398,0.4375,0.375,0.40384615384615385,0.3934792454616233,0.3838224935006561,0.3885908845012012,,,,,,1.4008267333333329,0.28374325134973005,0.3547418967587035,0.3152950995790133,,,,,,
raw,1,1177,1.84574556350708,0.375,0.3125,0.3409090909090909,0.3929248680977746,0.3816828186956364,0.3872222642457915,,,,,,1.4005406029736704,0.28374325134973005,0.3547418967587035,0.3152950995790133,,,,,,
raw,1,1178,1.8728599548339844,0.375,0.375,0.375,0.3923871220548414,0.3814823341347673,0.38685789704879864,,,,,,1.4002756155348122,0.28374325134973005,0.3547418967587035,0.3152950995790133,,,,,,
raw,1,1179,1.9978092908859253,0.4375,0.4375,0.4375,0.39374050839319613,0.38316286411072425,0.38837967822462605,,,,,,1.4000276932994085,0.28374325134973005,0.3547418967587035,0.3152950995790133,,,,,,
raw,1,1180,1.6348133087158203,0.375,0.375,0.375,0.3931782931414003,0.3829179781874025,0.38798031285243567,,,,,,1.3997892227118673,0.28374325134973005,0.3547418967587035,0.3152950995790133,,,,,,
raw,1,1181,1.3858938217163086,0.375,0.375,0.375,0.39263294434715823,0.3826804388417804,0.38759281267274404,,,,,,1.3995545586790867,0.28374325134973005,0.3547418967587035,0.3152950995790133,,,,,,
raw,1,1182,1.3025448322296143,0.4375,0.375,0.40384615384615385,0.3939789560167435,0.382450025676527,0.38812889626044417,,,,,,1.3992846718274126,0.28374325134973005,0.3547418967587035,0.3152950995790133,,,,,,
raw,1,1183,1.9054110050201416,0.375,0.375,0.375,0.3934095873362412,0.3822265249062312,0.38773743784976866,,,,,,1.3990127316990786,0.28374325134973005,0.3547418967587035,0.3152950995790133,,,,,,
raw,1,1184,2.11859130859375,0.375,0.375,0.375,0.392857299716154,0.3820097291590443,0.3873575854184213,,,,,,1.3987864396114944,0.28374325134973005,0.3547418967587035,0.3152950995790133,,,,,,
raw,1,1185,1.845337152481079,0.375,0.375,0.375,0.3923215807246694,0.381799437284273,0.38698899854292534,,,,,,1.3985526073417767,0.28374325134973005,0.3547418967587035,0.3152950995790133,,,,,,
raw,1,1186,1.671675205230713,0.375,0.4375,0.40384615384615385,0.39180193330292934,0.3834704541657448,0.38759142653655254,,,,,,1.3982903148398,0.28374325134973005,0.3547418967587035,0.3152950995790133,,,,,,
raw,1,1187,1.808326244354248,0.375,0.375,0.375,0.3912978753038414,0.38321634054077247,0.38721494523323646,,,,,,1.3980266524852534,0.28374325134973005,0.3547418967587035,0.3152950995790133,,,,,,
raw,1,1188,1.7729661464691162,0.375,0.4375,0.40384615384615385,0.39080893904472613,0.3848448503245493,0.3878039654121004,,,,,,1.3977774369528615,0.28374325134973005,0.3547418967587035,0.3152950995790133,,,,,,
raw,1,1189,2.023179531097412,0.4375,0.375,0.40384615384615385,0.3922096708733843,0.38454950481481276,0.3883418167138168,,,,,,1.3975119327165713,0.28374325134973005,0.3547418967587035,0.3152950995790133,,,,,,
raw,1,1190,1.6231880187988281,0.4375,0.3125,0.3645833333333333,0.39356838074718276,0.3823880196703684,0.38789765414089034,,,,,,1.3972643102521047,0.28374325134973005,0.3547418967587035,0.3152950995790133,,,,,,
raw,1,1191,2.150909423828125,0.3125,0.375,0.3409090909090909,0.3911363293247673,0.3821663790802573,0.38659933058581314,,,,,,1.3970120031905937,0.28374325134973005,0.3547418967587035,0.3152950995790133,,,,,,
raw,1,1192,1.9747695922851562,0.4375,0.3125,0.3645833333333333,0.39252723944502427,0.3800763877078496,0.3862014880644067,,,,,,1.3967674037751645,0.28374325134973005,0.3547418967587035,0.3152950995790133,,,,,,
raw,1,1193,1.459878921508789,0.375,0.375,0.375,0.39200142226167356,0.37992409607661404,0.3858682799711414,,,,,,1.396510725649629,0.28374325134973005,0.3547418967587035,0.3152950995790133,,,,,,
raw,1,1194,1.6072388887405396,0.5,0.4375,0.4666666666666667,0.3952413795938234,0.3816513731943156,0.3883275129645447,,,,,,1.3962911973199328,0.28374325134973005,0.3547418967587035,0.3152950995790133,,,,,,
raw,1,1195,1.6749321222305298,0.4375,0.375,0.40384615384615385,0.3965091382060087,0.3814518319984861,0.3888347692637218,,,,,,1.3960542887029268,0.28374325134973005,0.3547418967587035,0.3152950995790133,,,,,,
raw,1,1196,1.601651906967163,0.375,0.375,0.375,0.39586386405982843,0.38125827703853155,0.3884238185260069,,,,,,1.3958225589464859,0.28374325134973005,0.3547418967587035,0.3152950995790133,,,,,,
raw,1,1197,1.7555484771728516,0.375,0.4375,0.40384615384615385,0.3952379481380336,0.3829455287273756,0.38899465106227094,,,,,,1.3955839126148715,0.28374325134973005,0.3547418967587035,0.3152950995790133,,,,,,
raw,1,1198,1.8635234832763672,0.4375,0.375,0.40384615384615385,0.3965058096938926,0.3827071628655543,0.3894843100191898,,,,,,1.3953209288814716,0.28374325134973005,0.3547418967587035,0.3152950995790133,,,,,,
raw,1,1199,1.903235673904419,0.375,0.375,0.375,0.3958606354030758,0.3824759479795876,0.38905320661037235,,,,,,1.3950871543786467,0.28374325134973005,0.3547418967587035,0.3152950995790133,,,,,,
raw,1,1200,1.5376065969467163,0.4375,0.375,0.40384615384615385,0.3971098163409835,0.38225166954019996,0.38953911127777996,,,,,,1.4530296069166677,0.28374325134973005,0.3547418967587035,0.3152950995790133,,,,0.3977204559088182,0.3817527010804322,0.38957302623373385
raw,1,1201,2.190657377243042,0.4375,0.375,0.40384615384615385,0.398321521850754,0.3820341194539939,0.39000784720514514,,,,,,1.4527266084096557,0.28374325134973005,0.3547418967587035,0.3152950995790133,,,,,,
raw,1,1202,1.9679303169250488,0.375,0.375,0.375,0.39762187619523137,0.3818230958703741,0.3895623711634415,,,,,,1.4524576575707164,0.28374325134973005,0.3547418967587035,0.3152950995790133,,,,,,
raw,1,1203,1.8148651123046875,0.375,0.375,0.375,0.3969432199093744,0.38161840299426286,0.38912998844271257,,,,,,1.4521787119700793,0.28374325134973005,0.3547418967587035,0.3152950995790133,,,,,,
raw,1,1204,1.7119455337524414,0.375,0.375,0.375,0.3962849233120932,0.381419850904435,0.3887103213880764,,,,,,1.4518534735880377,0.28374325134973005,0.3547418967587035,0.3152950995790133,,,,,,
raw,1,1205,2.2092199325561523,0.4375,0.3125,0.3645833333333333,0.3975213756127304,0.37935225537730194,0.38822435048335857,,,,,,1.4515568492116182,0.28374325134973005,0.3547418967587035,0.3152950995790133,,,,,,
raw,1,1206,1.7316927909851074,0.3125,0.5,0.38461538461538464,0.3949707343443485,0.3829716877159829,0.3888786738989418,,,,,,1.4512940152570528,0.28374325134973005,0.3547418967587035,0.3152950995790133,,,,,,
raw,1,1207,1.4831759929656982,0.4375,0.4375,0.4375,0.39624661231401803,0.3846075370845034,0.39034033118108724,,,,,,1.4510269467274264,0.28374325134973005,0.3547418967587035,0.3152950995790133,,,,,,
raw,1,1208,1.7143077850341797,0.4375,0.375,0.40384615384615385,0.3974842139445975,0.38431931097196825,0.39079091960278584,,,,,,1.4507387515728527,0.28374325134973005,0.3547418967587035,0.3152950995790133,,,,,,
raw,1,1209,1.6640461683273315,0.375,0.4375,0.40384615384615385,0.39680968752625956,0.3859147316428092,0.39128638464487786,,,,,,1.4504371368072835,0.28374325134973005,0.3547418967587035,0.3152950995790133,,,,,,
raw,1,1210,1.7736568450927734,0.375,0.375,0.375,0.39615539690047175,0.38558728969352496,0.39079991001603975,,,,,,1.450137421404962,0.28374325134973005,0.3547418967587035,0.3152950995790133,,,,,,
raw,1,1211,2.2744216918945312,0.4375,0.4375,0.4375,0.3973957349934576,0.3871446710027192,0.39220323110464667,,,,,,1.4498577521882772,0.28374325134973005,0.3547418967587035,0.3152950995790133,,,,,,
raw,1,1212,1.7580209970474243,0.3125,0.3125,0.3125,0.3948488629436539,0.3849053308726376,0.3898136962680265,,,,,,1.4495617329207966,0.28374325134973005,0.3547418967587035,0.3152950995790133,,,,,,
raw,1,1213,1.7417744398117065,0.375,0.375,0.375,0.39425339705534423,0.3846081709464585,0.38937106197165156,,,,,,1.4492936776586978,0.28374325134973005,0.3547418967587035,0.3152950995790133,,,,,,
raw,1,1214,1.9799120426177979,0.3125,0.375,0.3409090909090909,0.39180079514368393,0.38431992581806473,0.3880243071940882,,,,,,1.4489776616968755,0.28374325134973005,0.3547418967587035,0.3152950995790133,,,,,,
raw,1,1215,1.598832607269287,0.375,0.375,0.375,0.39129677128937346,0.38404032804352284,0.38763459284390894,,,,,,1.4486624205761294,0.28374325134973005,0.3547418967587035,0.3152950995790133,,,,,,
raw,1,1216,1.928518295288086,0.375,0.4375,0.40384615384615385,0.39080786815069224,0.38564411820221717,0.38820882256320427,,,,,,1.448350481167764,0.28374325134973005,0.3547418967587035,0.3152950995790133,,,,,,
raw,1,1217,1.3318901062011719,0.5,0.375,0.42857142857142855,0.3940836321061715,0.38532479465615066,0.38965499834136824,,,,,,1.4480492402629397,0.28374325134973005,0.3547418967587035,0.3152950995790133,,,,,,
raw,1,1218,2.035465955734253,0.375,0.4375,0.40384615384615385,0.3935111231429863,0.3868900508164661,0.3901724997598348,,,,,,1.4477636137110006,0.28374325134973005,0.3547418967587035,0.3152950995790133,,,,,,
raw,1,1219,1.9623794555664062,0.375,0.375,0.375,0.3929557894486967,0.38653334929197214,0.389718111184122,,,,,,1.4474687733388019,0.28374325134973005,0.3547418967587035,0.3152950995790133,,,,,,
raw,1,1220,1.9656163454055786,0.4375,0.4375,0.4375,0.39429211576523576,0.38806234881321294,0.39115242895644253,,,,,,1.447212027868859,0.28374325134973005,0.3547418967587035,0.3152950995790133,,,,,,
raw,1,1221,2.010387420654297,0.375,0.375,0.375,0.39371335229227866,0.3876704783488165,0.39066854887497715,,,,,,1.4469101701064697,0.28374325134973005,0.3547418967587035,0.3152950995790133,,,,,,
raw,1,1222,1.5904827117919922,0.375,0.375,0.375,0.39315195172351025,0.38729036399835204,0.3901991458493016,,,,,,1.446618655564651,0.28374325134973005,0.3547418967587035,0.3152950995790133,,,,,,
raw,1,1223,1.7678794860839844,0.375,0.375,0.375,0.39260739317180493,0.38692165307840143,0.3897437877589451,,,,,,1.4463481110384326,0.28374325134973005,0.3547418967587035,0.3152950995790133,,,,,,
raw,1,1224,1.7970492839813232,0.4375,0.375,0.40384615384615385,0.3939541713766508,0.38656400348604936,0.3902241013264712,,,,,,1.4460795948529432,0.28374325134973005,0.3547418967587035,0.3152950995790133,,,,,,
raw,1,1225,1.6928842067718506,0.375,0.4375,0.40384615384615385,0.39338554623535127,0.3880920833814679,0.39072088675268324,,,,,,1.4457713980408153,0.28374325134973005,0.3547418967587035,0.3152950995790133,,,,,,
raw,1,1226,1.8879051208496094,0.375,0.375,0.375,0.3928339798482907,0.3876993208800239,0.39024976144814577,,,,,,1.4455038520391574,0.28374325134973005,0.3547418967587035,0.3152950995790133,,,,,,
raw,1,1227,1.6686897277832031,0.4375,0.375,0.40384615384615385,0.394173960452842,0.3873183412536232,0.39071608049009393,,,,,,1.4452264490627598,0.28374325134973005,0.3547418967587035,0.3152950995790133,,,,,,
raw,1,1228,1.8640027046203613,0.375,0.375,0.375,0.3935987416392567,0.38694879101601454,0.39024543887706953,,,,,,1.4449280021986963,0.28374325134973005,0.3547418967587035,0.3152950995790133,,,,,,
raw,1,1229,1.8382368087768555,0.4375,0.375,0.40384615384615385,0.394915779390079,0.3865903272855341,0.390708707457363,,,,,,1.4446314615134253,0.28374325134973005,0.3547418967587035,0.3152950995790133,,,,,,
raw,1,1230,1.6448626518249512,0.4375,0.375,0.40384615384615385,0.3961933060083766,0.3862426174669681,0.3911546874173879,,,,,,1.4443431126829274,0.28374325134973005,0.3547418967587035,0.3152950995790133,,,,,,
raw,1,1231,1.6690468788146973,0.3125,0.375,0.3409090909090909,0.39368250682812533,0.3859053389429591,0.3897551303744467,,,,,,1.444041997075546,0.28374325134973005,0.3547418967587035,0.3152950995790133,,,,,,
raw,1,1232,1.74642014503479,0.375,0.375,0.375,0.3931220316232815,0.38557817877467027,0.38931356371931425,,,,,,1.4437696531655895,0.28374325134973005,0.3547418967587035,0.3152950995790133,,,,,,
raw,1,1233,1.7058467864990234,0.375,0.375,0.375,0.3925783706745831,0.38526083341143014,0.3888851821067805,,,,,,1.4434699885644788,0.28374325134973005,0.3547418967587035,0.3152950995790133,,,,,,
raw,1,1234,1.8769445419311523,0.375,0.4375,0.40384615384615385,0.3920510195543456,0.3868280084090872,0.389422001733701,,,,,,1.4432168099675928,0.28374325134973005,0.3547418967587035,0.3152950995790133,,,,,,
raw,1,1235,1.3704808950424194,0.375,0.375,0.375,0.3915394889677153,0.38647316815681454,0.3889898329395241,,,,,,1.4429504080161926,0.28374325134973005,0.3547418967587035,0.3152950995790133,,,,,,
raw,1,1236,2.219520092010498,0.4375,0.375,0.40384615384615385,0.3929183042986838,0.38612897311211014,0.3894940544816293,,,,,,1.4426468849514562,0.28374325134973005,0.3547418967587035,0.3152950995790133,,,,,,
raw,1,1237,1.873565673828125,0.375,0.375,0.375,0.39238075516972326,0.38579510391874683,0.3890600625769596,,,,,,1.4423827093775292,0.28374325134973005,0.3547418967587035,0.3152950995790133,,,,,,
raw,1,1238,1.8723608255386353,0.375,0.375,0.375,0.39185933251463156,0.3854712508011844,0.3886390431165193,,,,,,1.4420906844911174,0.28374325134973005,0.3547418967587035,0.3152950995790133,,,,,,
raw,1,1239,1.5631141662597656,0.5,0.375,0.42857142857142855,0.3951035525391926,0.38515711327714885,0.390066936367548,,,,,,1.4418449303470546,0.28374325134973005,0.3547418967587035,0.3152950995790133,,,,,,
raw,1,1240,1.8244960308074951,0.375,0.3125,0.3409090909090909,0.3945004459630168,0.3829773998788344,0.38865353104013545,,,,,,1.4415634483064481,0.28374325134973005,0.3547418967587035,0.3152950995790133,,,,,,
raw,1,1241,1.529698371887207,0.375,0.4375,0.40384615384615385,0.3939154325841263,0.38461307788246935,0.38920868000269804,,,,,,1.441310055439163,0.28374325134973005,0.3547418967587035,0.3152950995790133,,,,,,
raw,1,1242,2.1538009643554688,0.375,0.375,0.375,0.39334796960660257,0.3843246855459953,0.38878397929408853,,,,,,1.4410317658615142,0.28374325134973005,0.3547418967587035,0.3152950995790133,,,,,,
raw,1,1243,1.70281982421875,0.4375,0.4375,0.4375,0.39467253051840445,0.38591994497961546,0.39024716748762617,,,,,,1.440755318986327,0.28374325134973005,0.3547418967587035,0.3152950995790133,,,,,,
raw,1,1244,1.912043571472168,0.4375,0.375,0.40384615384615385,0.3959573546028523,0.385592346630227,0.39070611961318624,,,,,,1.4404751807877862,0.28374325134973005,0.3547418967587035,0.3152950995790133,,,,,,
raw,1,1245,1.912358045578003,0.375,0.375,0.375,0.3953286339647667,0.3852745762313202,0.3902368576850255,,,,,,1.4402200246586376,0.28374325134973005,0.3547418967587035,0.3152950995790133,,,,,,
raw,1,1246,2.0440149307250977,0.4375,0.375,0.40384615384615385,0.3965937749458237,0.3849663389443806,0.390693565026205,,,,,,1.4399199952648511,0.28374325134973005,0.3547418967587035,0.3152950995790133,,,,,,
raw,1,1247,1.5008134841918945,0.4375,0.3125,0.3645833333333333,0.39782096169744896,0.3827923487760492,0.39016198744585256,,,,,,1.4396442454691265,0.28374325134973005,0.3547418967587035,0.3152950995790133,,,,,,
raw,1,1248,1.6029905080795288,0.375,0.375,0.375,0.3971363328465255,0.38255857831276774,0.38971117732246874,,,,,,1.4393572156249996,0.28374325134973005,0.3547418967587035,0.3152950995790133,,,,,,
raw,1,1249,1.5802119970321655,0.4375,0.375,0.40384615384615385,0.3983472428611297,0.3823318209633847,0.3901752558669216,,,,,,1.4390819502802272,0.28374325134973005,0.3547418967587035,0.3152950995790133,,,,,,
raw,1,1250,1.9234317541122437,0.375,0.3125,0.3409090909090909,0.39764682557529585,0.38023686633448317,0.38874701819084256,,,,,,1.438818557760003,0.28374325134973005,0.3547418967587035,0.3152950995790133,,,,,,
raw,1,1251,1.3367319107055664,0.375,0.375,0.375,0.39696742080803693,0.3800797603444487,0.388340079791537,,,,,,1.4385491709832106,0.28374325134973005,0.3547418967587035,0.3152950995790133,,,,,,
raw,1,1252,1.8187756538391113,0.4375,0.375,0.40384615384615385,0.39818339818379583,0.37992736753411527,0.38884122141191874,,,,,,1.438277534824289,0.28374325134973005,0.3547418967587035,0.3152950995790133,,,,,,
raw,1,1253,2.049376964569092,0.4375,0.4375,0.4375,0.399362896238282,0.3816545465080918,0.3903079667978063,,,,,,1.438008492737432,0.28374325134973005,0.3547418967587035,0.3152950995790133,,,,,,
raw,1,1254,1.764129638671875,0.375,0.375,0.375,0.3986320093511335,0.38145491011284904,0.3898543444354262,,,,,,1.4377517880382835,0.28374325134973005,0.3547418967587035,0.3152950995790133,,,,,,
raw,1,1255,1.6523103713989258,0.5,0.375,0.42857142857142855,0.40167304907059953,0.3812612628094636,0.391201079327953,,,,,,1.437483593466134,0.28374325134973005,0.3547418967587035,0.3152950995790133,,,,,,
raw,1,1256,1.7557270526885986,0.375,0.3125,0.3409090909090909,0.40087285759848157,0.3791984249251797,0.38973452709301404,,,,,,1.437194989968158,0.28374325134973005,0.3547418967587035,0.3152950995790133,,,,,,
raw,1,1257,1.7508749961853027,0.375,0.375,0.375,0.4000966718705271,0.37907247217742435,0.3893009256706056,,,,,,1.436923276610982,0.28374325134973005,0.3547418967587035,0.3152950995790133,,,,,,
raw,1,1258,1.6385252475738525,0.375,0.375,0.375,0.39934377171441127,0.37895029801210156,0.38887985193984487,,,,,,1.4366700533386354,0.28374325134973005,0.3547418967587035,0.3152950995790133,,,,,,
raw,1,1259,1.6051807403564453,0.375,0.375,0.375,0.3986134585629789,0.37883178907173853,0.38847095693210143,,,,,,1.436415935345509,0.28374325134973005,0.3547418967587035,0.3152950995790133,,,,,,
raw,1,1260,1.9101333618164062,0.3333333432674408,0.5,0.4000000071525573,0.39665505510411275,0.38246683539958637,0.3894317577775676,,,,,,1.435696231190481,0.28374325134973005,0.3547418967587035,0.3152950995790133,,,,,,
raw,1,1261,1.9399981498718262,0.375,0.375,0.375,0.39600540345098934,0.38224283033759876,0.389002427945654,,,,,,1.435419513005551,0.28374325134973005,0.3547418967587035,0.3152950995790133,,,,,,
raw,1,1262,1.613267183303833,0.4375,0.375,0.40384615384615385,0.3972502413474596,0.3820255454274708,0.3894891710931312,,,,,,1.4351501993660927,0.28374325134973005,0.3547418967587035,0.3152950995790133,,,,,,
raw,1,1263,2.35795259475708,0.375,0.3125,0.3409090909090909,0.3965827341070358,0.3799397790646467,0.38808290505845827,,,,,,1.4348910956452883,0.28374325134973005,0.3547418967587035,0.3152950995790133,,,,,,
raw,1,1264,1.9867935180664062,0.4375,0.4375,0.4375,0.39781025208382476,0.3816665856927073,0.3895712439627794,,,,,,1.434604523892412,0.28374325134973005,0.3547418967587035,0.3152950995790133,,,,,,
raw,1,1265,1.713813304901123,0.4375,0.4375,0.4375,0.39900094452131,0.38334158812192604,0.3910145476002068,,,,,,1.4343183901976322,0.28374325134973005,0.3547418967587035,0.3152950995790133,,,,,,
raw,1,1266,1.8134453296661377,0.375,0.375,0.375,0.39828091618567074,0.3830913404782682,0.3905384885813876,,,,,,1.4340654647709379,0.28374325134973005,0.3547418967587035,0.3152950995790133,,,,,,
raw,1,1267,1.689204454421997,0.375,0.375,0.375,0.3975824887001006,0.3828486002639202,0.39007646271584323,,,,,,1.4338174163378092,0.28374325134973005,0.3547418967587035,0.3152950995790133,,,,,,
raw,1,1268,1.8023443222045898,0.4375,0.375,0.40384615384615385,0.3987800140390976,0.3826131422560026,0.3905293334377997,,,,,,1.4335579210567886,0.28374325134973005,0.3547418967587035,0.3152950995790133,,,,,,
raw,1,1269,1.6427606344223022,0.375,0.375,0.375,0.3980666136179246,0.38238474798832256,0.39006813036390164,,,,,,1.433289385185186,0.28374325134973005,0.3547418967587035,0.3152950995790133,,,,,,
raw,1,1270,1.8488541841506958,0.375,0.375,0.375,0.3973746152093869,0.3821632055486729,0.38962049744914723,,,,,,1.4330304176377968,0.28374325134973005,0.3547418967587035,0.3152950995790133,,,,,,
raw,1,1271,1.7139450311660767,0.4375,0.375,0.40384615384615385,0.39857837675310526,0.3819483093822127,0.39008618119371347,,,,,,1.4327477564909559,0.28374325134973005,0.3547418967587035,0.3152950995790133,,,,,,
raw,1,1272,1.8867778778076172,0.4375,0.375,0.40384615384615385,0.3997460254505121,0.38173986010074634,0.3905355033345609,,,,,,1.4324726520440296,0.28374325134973005,0.3547418967587035,0.3152950995790133,,,,,,
raw,1,1273,2.107466220855713,0.375,0.375,0.375,0.3990036446869967,0.38153766429772396,0.39007523852433473,,,,,,1.4322120722702352,0.28374325134973005,0.3547418967587035,0.3152950995790133,,,,,,
raw,1,1274,1.493772029876709,0.4375,0.4375,0.4375,0.40015853534638673,0.3832165343687922,0.3915043330885894,,,,,,1.431951001098908,0.28374325134973005,0.3547418967587035,0.3152950995790133,,,,,,
raw,1,1275,1.5060673952102661,0.4375,0.375,0.40384615384615385,0.40127877928599515,0.38297003833772847,0.39191069475353113,,,,,,1.4317193674509796,0.28374325134973005,0.3547418967587035,0.3152950995790133,,,,,,
raw,1,1276,1.7102316617965698,0.375,0.375,0.375,0.4004904159074153,0.38273093718759665,0.3914093291996883,,,,,,1.4314388083072105,0.28374325134973005,0.3547418967587035,0.3152950995790133,,,,,,
raw,1,1277,1.8709148168563843,0.5,0.375,0.42857142857142855,0.40347570343019284,0.38249900907196877,0.39270743521850865,,,,,,1.4311977971808911,0.28374325134973005,0.3547418967587035,0.3152950995790133,,,,,,
raw,1,1278,2.112417221069336,0.375,0.375,0.375,0.4026214323272871,0.3822740387998097,0.3921839957162745,,,,,,1.4309602918622835,0.28374325134973005,0.3547418967587035,0.3152950995790133,,,,,,
raw,1,1279,1.8593711853027344,0.3125,0.375,0.3409090909090909,0.39991778935746847,0.3820558176358154,0.3907828004261215,,,,,,1.4307029095387085,0.28374325134973005,0.3547418967587035,0.3152950995790133,,,,,,
raw,1,1280,1.5307954549789429,0.4375,0.375,0.40384615384615385,0.4010452556767444,0.381844143106741,0.3912092365508237,,,,,,1.4304639294531285,0.28374325134973005,0.3547418967587035,0.3152950995790133,,,,,,
raw,1,1281,1.3913133144378662,0.375,0.375,0.375,0.40026389800644213,0.3816388188135388,0.39072953185313136,,,,,,1.4302022217798664,0.28374325134973005,0.3547418967587035,0.3152950995790133,,,,,,
raw,1,1282,1.6261954307556152,0.375,0.375,0.375,0.3995059810662489,0.3814396542491326,0.39026384525941943,,,,,,1.4299549102184124,0.28374325134973005,0.3547418967587035,0.3152950995790133,,,,,,
raw,1,1283,1.8689630031585693,0.4375,0.375,0.40384615384615385,0.40064580163426144,0.3812464646216587,0.3907054770345505,,,,,,1.4296823567420118,0.28374325134973005,0.3547418967587035,0.3152950995790133,,,,,,
raw,1,1284,1.9029312133789062,0.375,0.4375,0.40384615384615385,0.39987642758523356,0.3829340706830089,0.3912219075348214,,,,,,1.429428283800625,0.28374325134973005,0.3547418967587035,0.3152950995790133,,,,,,
raw,1,1285,1.9030284881591797,0.4375,0.375,0.40384615384615385,0.4010051347576765,0.3826960485625186,0.3916367201970729,,,,,,1.429199187159536,0.28374325134973005,0.3547418967587035,0.3152950995790133,,,,,,
raw,1,1286,1.6863552331924438,0.4375,0.375,0.40384615384615385,0.40209998071494624,0.38246516710564304,0.39203687990607905,,,,,,1.4289515578538177,0.28374325134973005,0.3547418967587035,0.3152950995790133,,,,,,
raw,1,1287,1.7857952117919922,0.375,0.375,0.375,0.4012869812934978,0.38224121209247375,0.3915326172596223,,,,,,1.4286855175602196,0.28374325134973005,0.3547418967587035,0.3152950995790133,,,,,,
raw,1,1288,1.7518539428710938,0.375,0.375,0.375,0.40049837185469284,0.3820239757296995,0.39104309483685595,,,,,,1.4284607102484452,0.28374325134973005,0.3547418967587035,0.3152950995790133,,,,,,
raw,1,1289,1.8426376581192017,0.4375,0.4375,0.4375,0.40160842069905206,0.38368825645780846,0.3924438729950562,,,,,,1.4281911278510473,0.28374325134973005,0.3547418967587035,0.3152950995790133,,,,,,
raw,1,1290,1.9037322998046875,0.375,0.3125,0.3409090909090909,0.40081016807808045,0.3815526087640742,0.39094437970740276,,,,,,1.427963956821707,0.28374325134973005,0.3547418967587035,0.3152950995790133,,,,,,
raw,1,1291,2.1623117923736572,0.375,0.375,0.375,0.400035863035738,0.38135603050115197,0.3904726681892798,,,,,,1.4277401209914864,0.28374325134973005,0.3547418967587035,0.3152950995790133,,,,,,
raw,1,1292,1.8276042938232422,0.5,0.375,0.42857142857142855,0.4030347871446659,0.38116534958611736,0.3917951256111598,,,,,,1.4274685901702817,0.28374325134973005,0.3547418967587035,0.3152950995790133,,,,,,
raw,1,1293,1.3537507057189941,0.375,0.375,0.375,0.4021937435303259,0.3809803890985338,0.3912997697940901,,,,,,1.4272096287703018,0.28374325134973005,0.3547418967587035,0.3152950995790133,,,,,,
raw,1,1294,1.8913073539733887,0.3125,0.375,0.3409090909090909,0.3995029312244161,0.38080097742557784,0.38992783454806357,,,,,,1.4269804205564112,0.28374325134973005,0.3547418967587035,0.3152950995790133,,,,,,
raw,1,1295,1.8316576480865479,0.4375,0.375,0.40384615384615385,0.4006428432876836,0.3806269481028105,0.3903784951122047,,,,,,1.4267343965250932,0.28374325134973005,0.3547418967587035,0.3152950995790133,,,,,,
raw,1,1296,1.4334834814071655,0.375,0.375,0.375,0.3998735579890531,0.3804581396597262,0.3899243114947909,,,,,,1.426493780092597,0.28374325134973005,0.3547418967587035,0.3152950995790133,,,,,,
raw,1,1297,1.693620204925537,0.375,0.375,0.375,0.3991273512493815,0.3802943954699344,0.3894833455642869,,,,,,1.426247329992291,0.28374325134973005,0.3547418967587035,0.3152950995790133,,,,,,
raw,1,1298,1.836228370666504,0.4375,0.3125,0.3645833333333333,0.4002785307119,0.3782605636058364,0.3889582006388142,,,,,,1.4259959897534729,0.28374325134973005,0.3547418967587035,0.3152950995790133,,,,,,
raw,1,1299,1.9233684539794922,0.3125,0.375,0.3409090909090909,0.397645174790543,0.37816274669766126,0.38765933511327183,,,,,,1.4257548194765277,0.28374325134973005,0.3547418967587035,0.3152950995790133,,,,,,
raw,1,1300,1.6902542114257812,0.375,0.375,0.375,0.39696581954682675,0.37806786429673145,0.38728644373388127,,,,,,1.4255153485384653,0.28374325134973005,0.3547418967587035,0.3152950995790133,,,,,,
raw,1,1301,1.7173000574111938,0.4375,0.375,0.40384615384615385,0.3981818449604219,0.3779758283678295,0.3878158210935978,,,,,,1.425313995080713,0.28374325134973005,0.3547418967587035,0.3152950995790133,,,,,,
raw,1,1302,1.9292328357696533,0.375,0.4375,0.40384615384615385,0.3974863896116092,0.3797615535167946,0.3884218675783595,,,,,,1.4250975786482305,0.28374325134973005,0.3547418967587035,0.3152950995790133,,,,,,
raw,1,1303,1.7666759490966797,0.3125,0.3125,0.3125,0.3949367979232609,0.3777437069112908,0.3861489687128881,,,,,,1.4248808574059932,0.28374325134973005,0.3547418967587035,0.3152950995790133,,,,,,
raw,1,1304,1.3803367614746094,0.4375,0.375,0.40384615384615385,0.39621369398556305,0.3776613957039521,0.38671516543487894,,,,,,1.4246370459355837,0.28374325134973005,0.3547418967587035,0.3152950995790133,,,,,,
raw,1,1305,1.9562137126922607,0.375,0.375,0.375,0.39557728316599616,0.37758155383283354,0.38636998787614896,,,,,,1.424410474942531,0.28374325134973005,0.3547418967587035,0.3152950995790133,,,,,,
raw,1,1306,2.002312421798706,0.375,0.375,0.375,0.39495996467101624,0.37750410721784855,0.38603480543850077,,,,,,1.4241687084226629,0.28374325134973005,0.3547418967587035,0.3152950995790133,,,,,,
raw,1,1307,1.5055623054504395,0.4375,0.375,0.40384615384615385,0.3962361657308857,0.3774289840013131,0.38660398108445393,,,,,,1.423935486916608,0.28374325134973005,0.3547418967587035,0.3152950995790133,,,,,,
raw,1,1308,1.4340105056762695,0.375,0.375,0.375,0.3955990807589591,0.3773561144812737,0.38626231617776496,,,,,,1.4237042038226269,0.28374325134973005,0.3547418967587035,0.3152950995790133,,,,,,
raw,1,1309,1.9793891906738281,0.375,0.375,0.375,0.3949811083361904,0.37728543104683554,0.3859305307543973,,,,,,1.423453743468301,0.28374325134973005,0.3547418967587035,0.3152950995790133,,,,,,
raw,1,1310,1.947174072265625,0.3125,0.375,0.3409090909090909,0.3925066750861047,0.3772168681154304,0.384709913054108,,,,,,1.4232182674809206,0.28374325134973005,0.3547418967587035,0.3152950995790133,,,,,,
raw,1,1311,2.111204147338867,0.375,0.4375,0.40384615384615385,0.3919814748335215,0.3790253620719675,0.3853945602365426,,,,,,1.4229919623951204,0.28374325134973005,0.3547418967587035,0.3152950995790133,,,,,,
raw,1,1312,1.8177276849746704,0.375,0.375,0.375,0.3914720305885159,0.3789046012098085,0.3850858074152144,,,,,,1.4227467097561002,0.28374325134973005,0.3547418967587035,0.3152950995790133,,,,,,
raw,1,1313,1.8033409118652344,0.4375,0.4375,0.4375,0.39285286967086036,0.38066246317351426,0.386661607556732,,,,,,1.4224849061690825,0.28374325134973005,0.3547418967587035,0.3152950995790133,,,,,,
raw,1,1314,1.7469844818115234,0.375,0.375,0.375,0.3923172835807346,0.38049258927830887,0.38631447213794345,,,,,,1.4222641274733632,0.28374325134973005,0.3547418967587035,0.3152950995790133,,,,,,
raw,1,1315,1.8972415924072266,0.375,0.375,0.375,0.39179776507331254,0.38032781159995965,0.38597759504900553,,,,,,1.4220187091254766,0.28374325134973005,0.3547418967587035,0.3152950995790133,,,,,,
raw,1,1316,1.7427639961242676,0.4375,0.4375,0.4375,0.39316883212111314,0.38204297725196085,0.387526065444492,,,,,,1.4217793936170209,0.28374325134973005,0.3547418967587035,0.3152950995790133,,,,,,
raw,1,1317,1.8211215734481812,0.375,0.375,0.375,0.3926237671574797,0.38183168793440203,0.38715253343813816,,,,,,1.4215486615034225,0.28374325134973005,0.3547418967587035,0.3152950995790133,,,,,,
raw,1,1318,1.7065664529800415,0.4375,0.375,0.40384615384615385,0.3939700541427553,0.38162673729637,0.3877001762114033,,,,,,1.421309397040973,0.28374325134973005,0.3547418967587035,0.3152950995790133,,,,,,
raw,1,1319,1.6375236511230469,0.375,0.375,0.375,0.3934009525184726,0.38142793517747886,0.3873219375239833,,,,,,1.4210879830932588,0.28374325134973005,0.3547418967587035,0.3152950995790133,,,,,,
raw,1,1320,1.9319592714309692,0.4375,0.375,0.40384615384615385,0.39472392394291844,0.38123509712215453,0.387862269515897,,,,,,1.4208594851515182,0.28374325134973005,0.3547418967587035,0.3152950995790133,,,,,,
raw,1,1321,1.6380196809768677,0.375,0.4375,0.40384615384615385,0.39413220622463085,0.3829230442084899,0.3884467781255498,,,,,,1.4206051624526872,0.28374325134973005,0.3547418967587035,0.3152950995790133,,,,,,
raw,1,1322,1.7144412994384766,0.375,0.375,0.375,0.39355824003789197,0.38268535288223515,0.3880456478926693,,,,,,1.4203587697428153,0.28374325134973005,0.3547418967587035,0.3152950995790133,,,,,,
raw,1,1323,1.5426515340805054,0.375,0.375,0.375,0.39300149283675523,0.38245479229576806,0.3876564216359953,,,,,,1.4201302978836048,0.28374325134973005,0.3547418967587035,0.3152950995790133,,,,,,
raw,1,1324,1.6161681413650513,0.375,0.375,0.375,0.3924614480516526,0.382231148526895,0.3872787495423073,,,,,,1.4198698206948717,0.28374325134973005,0.3547418967587035,0.3152950995790133,,,,,,
raw,1,1325,1.971320390701294,0.375,0.4375,0.40384615384615385,0.3919376046101031,0.3838892140710881,0.387871662530155,,,,,,1.419625460754724,0.28374325134973005,0.3547418967587035,0.3152950995790133,,,,,,
raw,1,1326,1.9995554685592651,0.375,0.4375,0.40384615384615385,0.39142947647179993,0.38549753764895545,0.38844086149808005,,,,,,1.4193687594268458,0.28374325134973005,0.3547418967587035,0.3152950995790133,,,,,,
raw,1,1327,1.7919118404388428,0.3125,0.375,0.3409090909090909,0.38906159217764597,0.38518261151948674,0.3871123849589374,,,,,,1.4191401604370741,0.28374325134973005,0.3547418967587035,0.3152950995790133,,,,,,
raw,1,1328,1.9508881568908691,0.5,0.375,0.42857142857142855,0.3923897444123166,0.38487713317390215,0.38859713251964845,,,,,,1.4188806012048245,0.28374325134973005,0.3547418967587035,0.3152950995790133,,,,,,
raw,1,1329,1.329243779182434,0.375,0.3125,0.3409090909090909,0.3918680520799471,0.3827058191786851,0.38723274679410497,,,,,,1.4186597364183628,0.28374325134973005,0.3547418967587035,0.3152950995790133,,,,,,
raw,1,1330,1.4251384735107422,0.375,0.4375,0.40384615384615385,0.3913620105175487,0.38434964460332455,0.3878241319713666,,,,,,1.4184500472932393,0.28374325134973005,0.3547418967587035,0.3152950995790133,,,,,,
raw,1,1331,1.8643856048583984,0.375,0.375,0.375,0.39087115020202223,0.3840691552652248,0.3874403006696685,,,,,,1.4181979060105183,0.28374325134973005,0.3547418967587035,0.3152950995790133,,,,,,
raw,1,1332,1.74432373046875,0.4375,0.375,0.40384615384615385,0.39227001569596154,0.383797080607268,0.38798729530224185,,,,,,1.4179586427177215,0.28374325134973005,0.3547418967587035,0.3152950995790133,,,,,,
raw,1,1333,1.9754657745361328,0.375,0.375,0.375,0.3917519152250827,0.38353316818905003,0.38759897850413144,,,,,,1.4176927989497388,0.28374325134973005,0.3547418967587035,0.3152950995790133,,,,,,
raw,1,1334,1.586662769317627,0.4375,0.375,0.40384615384615385,0.3931243577683302,0.3832771731433785,0.38813831900181145,,,,,,1.4174535839580265,0.28374325134973005,0.3547418967587035,0.3152950995790133,,,,,,
raw,1,1335,1.7025322914123535,0.375,0.375,0.375,0.3925806270352803,0.38302885794907715,0.38774592662256746,,,,,,1.4172049732584278,0.28374325134973005,0.3547418967587035,0.3152950995790133,,,,,,
raw,1,1336,1.6824150085449219,0.375,0.375,0.375,0.39205320822422185,0.3827879922106049,0.38736520549412634,,,,,,1.4169612950598878,0.28374325134973005,0.3547418967587035,0.3152950995790133,,,,,,
raw,1,1337,1.5786523818969727,0.4375,0.375,0.40384615384615385,0.39341661197749517,0.3825543524442867,0.38790945573079283,,,,,,1.416750757217656,0.28374325134973005,0.3547418967587035,0.3152950995790133,,,,,,
raw,1,1338,1.827075481414795,0.4375,0.4375,0.4375,0.3947391136181703,0.3842027218709581,0.3893996572563013,,,,,,1.4165115151719008,0.28374325134973005,0.3547418967587035,0.3152950995790133,,,,,,
raw,1,1339,2.1476151943206787,0.375,0.375,0.375,0.39414694020962526,0.38392664021482936,0.3889696663986115,,,,,,1.4162566780433152,0.28374325134973005,0.3547418967587035,0.3152950995790133,,,,,,
raw,1,1340,2.070389747619629,0.4375,0.4375,0.4375,0.3954475320033365,0.38553384100838445,0.39042776485846925,,,,,,1.4160111976119472,0.28374325134973005,0.3547418967587035,0.3152950995790133,,,,,,
raw,1,1341,1.8562414646148682,0.4375,0.375,0.40384615384615385,0.3967091060432364,0.3852178257781329,0.3908790273802048,,,,,,1.4157924457867244,0.28374325134973005,0.3547418967587035,0.3152950995790133,,,,,,
raw,1,1342,1.8743896484375,0.3125,0.375,0.3409090909090909,0.39418283286193934,0.38491129100478894,0.389491894344638,,,,,,1.4155232540238463,0.28374325134973005,0.3547418967587035,0.3152950995790133,,,,,,
raw,1,1343,1.7931959629058838,0.4375,0.375,0.40384615384615385,0.39548234787608116,0.38461395227464523,0.38997244017715804,,,,,,1.4153080703648606,0.28374325134973005,0.3547418967587035,0.3152950995790133,,,,,,
raw,1,1344,1.6796884536743164,0.375,0.375,0.375,0.3948678774397987,0.3843255337064059,0.3895253875859356,,,,,,1.4150622104910737,0.28374325134973005,0.3547418967587035,0.3152950995790133,,,,,,
raw,1,1345,1.6059112548828125,0.5,0.375,0.42857142857142855,0.3980218411166047,0.3840457676952137,0.39090892349658674,,,,,,1.4148431706319728,0.28374325134973005,0.3547418967587035,0.3152950995790133,,,,,,
raw,1,1346,1.7986664772033691,0.4375,0.3125,0.3645833333333333,0.3992061858831066,0.3818993946643573,0.39036105881658406,,,,,,1.4146219705795011,0.28374325134973005,0.3547418967587035,0.3152950995790133,,,,,,
raw,1,1347,1.6564408540725708,0.375,0.375,0.375,0.39848000030661335,0.38169241282442656,0.38990559066015806,,,,,,1.4144146364513805,0.28374325134973005,0.3547418967587035,0.3152950995790133,,,,,,
raw,1,1348,2.102489948272705,0.375,0.4375,0.40384615384615385,0.397775600297415,0.38336664043969376,0.39043822643877185,,,,,,1.4141682517804162,0.28374325134973005,0.3547418967587035,0.3152950995790133,,,,,,
raw,1,1349,1.671095848083496,0.5,0.375,0.42857142857142855,0.40084233228849253,0.383115641226503,0.39177857067231003,,,,,,1.4139495819866577,0.28374325134973005,0.3547418967587035,0.3152950995790133,,,,,,
raw,1,1350,1.3861232995986938,0.375,0.375,0.375,0.4000670623198378,0.3828721719897079,0.3912808002961274,,,,,,1.413703928148154,0.28374325134973005,0.3547418967587035,0.3152950995790133,,,,,,
raw,1,1351,1.7006303071975708,0.375,0.375,0.375,0.3993150504502426,0.38263600683001664,0.39079764634590203,,,,,,1.413474741746857,0.28374325134973005,0.3547418967587035,0.3152950995790133,,,,,,
raw,1,1352,1.9230127334594727,0.4375,0.375,0.40384615384615385,0.40046059893673536,0.3824069266251161,0.39122559532392115,,,,,,1.4132097747041419,0.28374325134973005,0.3547418967587035,0.3152950995790133,,,,,,
raw,1,1353,1.7267694473266602,0.375,0.375,0.375,0.39969678096863326,0.3821847188263626,0.3907446381334038,,,,,,1.412978030820406,0.28374325134973005,0.3547418967587035,0.3152950995790133,,,,,,
raw,1,1354,1.9544391632080078,0.375,0.375,0.375,0.3989558775395743,0.38196917726157176,0.3902777798472959,,,,,,1.4127425846381167,0.28374325134973005,0.3547418967587035,0.3152950995790133,,,,,,
raw,1,1355,1.6326932907104492,0.375,0.375,0.375,0.398237201213387,0.38176010194372456,0.3898246158484043,,,,,,1.4125217615498202,0.28374325134973005,0.3547418967587035,0.3152950995790133,,,,,,
raw,1,1356,1.742229700088501,0.375,0.375,0.375,0.39754008517698536,0.3815572988854128,0.38938475266824674,,,,,,1.4123202937315693,0.28374325134973005,0.3547418967587035,0.3152950995790133,,,,,,
raw,1,1357,1.5119352340698242,0.375,0.375,0.375,0.3968638826216758,0.3813605799188504,0.3889578077033716,,,,,,1.4121028845246901,0.28374325134973005,0.3547418967587035,0.3152950995790133,,,,,,
raw,1,1358,1.8078845739364624,0.4375,0.5,0.4666666666666667,0.3980829661430255,0.3849197625212849,0.3913907198074018,,,,,,1.4118961541973478,0.28374325134973005,0.3547418967587035,0.3152950995790133,,,,,,
raw,1,1359,1.9690525531768799,0.375,0.375,0.375,0.39739047715873477,0.38462216964564633,0.3909020861642028,,,,,,1.4116363959529081,0.28374325134973005,0.3547418967587035,0.3152950995790133,,,,,,
raw,1,1360,1.7250885963439941,0.375,0.375,0.375,0.39671876284397267,0.3843335045562769,0.390427936287957,,,,,,1.411397904485292,0.28374325134973005,0.3547418967587035,0.3152950995790133,,,,,,
raw,1,1361,2.172276020050049,0.4375,0.375,0.40384615384615385,0.3979421999586535,0.38405349941958855,0.3908745139707679,,,,,,1.4111808842027904,0.28374325134973005,0.3547418967587035,0.3152950995790133,,,,,,
raw,1,1362,1.8302589654922485,0.375,0.375,0.375,0.39725393395989383,0.38378189443700095,0.39040172500308173,,,,,,1.410971144640242,0.28374325134973005,0.3547418967587035,0.3152950995790133,,,,,,
raw,1,1363,1.9025530815124512,0.375,0.375,0.375,0.39658631594109706,0.3835184376038909,0.38994292387949464,,,,,,1.410758028319889,0.28374325134973005,0.3547418967587035,0.3152950995790133,,,,,,
raw,1,1364,1.5869101285934448,0.4375,0.375,0.40384615384615385,0.3978137264628641,0.38326288447577417,0.3904027701072509,,,,,,1.4105448053519107,0.28374325134973005,0.3547418967587035,0.3152950995790133,,,,,,
raw,1,1365,2.0613937377929688,0.3333333432674408,0.5,0.4000000071525573,0.3958793149670014,0.38676499794150093,0.39126908587450554,,,,,,1.4099022101831575,0.28374325134973005,0.3547418967587035,0.3152950995790133,,,,,,
raw,1,1366,2.127906084060669,0.375,0.375,0.375,0.39525293551799134,0.3864120480032559,0.3907824950908892,,,,,,1.4096704564421685,0.28374325134973005,0.3547418967587035,0.3152950995790133,,,,,,
raw,1,1367,1.6894819736480713,0.4375,0.375,0.40384615384615385,0.39652034745245157,0.3860696865631582,0.3912252382550251,,,,,,1.4094480823701574,0.28374325134973005,0.3547418967587035,0.3152950995790133,,,,,,
raw,1,1368,1.9094443321228027,0.4375,0.375,0.40384615384615385,0.397749737028878,0.38573759596626345,0.39165158362218033,,,,,,1.409220092909359,0.28374325134973005,0.3547418967587035,0.3152950995790133,,,,,,
raw,1,1369,1.830439567565918,0.375,0.375,0.375,0.3970672449180117,0.38541546808727556,0.39115460448815387,,,,,,1.4089972607742869,0.28374325134973005,0.3547418967587035,0.3152950995790133,,,,,,
raw,1,1370,1.9700844287872314,0.4375,0.4375,0.4375,0.3982802275704713,0.38697800404465726,0.3925477793430202,,,,,,1.408765411605843,0.28374325134973005,0.3547418967587035,0.3152950995790133,,,,,,
raw,1,1371,1.6087656021118164,0.375,0.375,0.375,0.39758182074335713,0.38661866392331756,0.3920236096291942,,,,,,1.408521952297594,0.28374325134973005,0.3547418967587035,0.3152950995790133,,,,,,
raw,1,1372,1.9424362182617188,0.3125,0.375,0.3409090909090909,0.39502936612105644,0.386270104005618,0.39060063438188247,,,,,,1.408305823833823,0.28374325134973005,0.3547418967587035,0.3152950995790133,,,,,,
raw,1,1373,1.6935261487960815,0.4375,0.375,0.40384615384615385,0.39630348513742475,0.38593200088544943,0.39104898642374003,,,,,,1.4080914580480681,0.28374325134973005,0.3547418967587035,0.3152950995790133,,,,,,
raw,1,1374,1.4994163513183594,0.375,0.375,0.375,0.395664380583302,0.385604040858886,0.39056943756977175,,,,,,1.4078602231441117,0.28374325134973005,0.3547418967587035,0.3152950995790133,,,,,,
raw,1,1375,1.5669784545898438,0.4375,0.375,0.40384615384615385,0.3969194491658029,0.3852859196331194,0.3910161732255506,,,,,,1.4076378876363689,0.28374325134973005,0.3547418967587035,0.3152950995790133,,,,,,
raw,1,1376,1.3191115856170654,0.4375,0.375,0.40384615384615385,0.3981368656908288,0.3849773420441258,0.3914465369406499,,,,,,1.4074019543604663,0.28374325134973005,0.3547418967587035,0.3152950995790133,,,,,,
raw,1,1377,2.033629894256592,0.375,0.375,0.375,0.3974427597201039,0.3846780217828021,0.3909562261911565,,,,,,1.4071648231663108,0.28374325134973005,0.3547418967587035,0.3152950995790133,,,,,,
raw,1,1378,1.7902226448059082,0.375,0.4375,0.40384615384615385,0.39676947692850073,0.386262681129318,0.3914455884642309,,,,,,1.4069432154571886,0.28374325134973005,0.3547418967587035,0.3152950995790133,,,,,,
raw,1,1379,1.5889778137207031,0.375,0.375,0.375,0.3961163926206457,0.38592480069543844,0.39095418804244886,,,,,,1.406715754242209,0.28374325134973005,0.3547418967587035,0.3152950995790133,,,,,,
raw,1,1380,1.630171775817871,0.375,0.375,0.375,0.3954829008420263,0.38559705667457533,0.390477417996139,,,,,,1.4064745958695721,0.28374325134973005,0.3547418967587035,0.3152950995790133,,,,,,
raw,1,1381,1.9389982223510742,0.4375,0.375,0.40384615384615385,0.39674341381676553,0.38527914497433813,0.39092724763801884,,,,,,1.4062570755973933,0.28374325134973005,0.3547418967587035,0.3152950995790133,,,,,,
raw,1,1382,1.948822021484375,0.375,0.375,0.375,0.3960911114022626,0.384970770625108,0.3904517782854524,,,,,,1.4060261670043412,0.28374325134973005,0.3547418967587035,0.3152950995790133,,,,,,
raw,1,1383,1.6066360473632812,0.375,0.375,0.375,0.3954583780601947,0.38467164750635474,0.38999043960173574,,,,,,1.4057871693420148,0.28374325134973005,0.3547418967587035,0.3152950995790133,,,,,,
raw,1,1384,1.7292673587799072,0.4375,0.375,0.40384615384615385,0.39671962671838884,0.38438149808116406,0.3904531170028646,,,,,,1.4055452022398878,0.28374325134973005,0.3547418967587035,0.3152950995790133,,,,,,
raw,1,1385,1.5878791809082031,0.375,0.375,0.375,0.3960680379168372,0.3841000531387292,0.38999224950248357,,,,,,1.405334563610112,0.28374325134973005,0.3547418967587035,0.3152950995790133,,,,,,
raw,1,1386,1.7908835411071777,0.375,0.375,0.375,0.39543599677933206,0.3838270515445673,0.38954505296987046,,,,,,1.4051500805194816,0.28374325134973005,0.3547418967587035,0.3152950995790133,,,,,,
raw,1,1387,1.9701744318008423,0.4375,0.4375,0.4375,0.3966979168759521,0.38543723999823026,0.3909865164603791,,,,,,1.40493390547945,0.28374325134973005,0.3547418967587035,0.3152950995790133,,,,,,
raw,1,1388,1.4380626678466797,0.375,0.375,0.375,0.3960469793696735,0.38512412279828334,0.3905091857426671,,,,,,1.4047159900576396,0.28374325134973005,0.3547418967587035,0.3152950995790133,,,,,,
raw,1,1389,1.8638873100280762,0.3125,0.375,0.3409090909090909,0.3935405699885833,0.38482039911433485,0.3891316374335443,,,,,,1.4044987619150486,0.28374325134973005,0.3547418967587035,0.3152950995790133,,,,,,
raw,1,1390,1.644044280052185,0.4375,0.375,0.40384615384615385,0.39485935288892576,0.3845257871409048,0.3896240656416701,,,,,,1.4042861750359767,0.28374325134973005,0.3547418967587035,0.3152950995790133,,,,,,
raw,1,1391,1.715078353881836,0.375,0.375,0.375,0.39426357230225795,0.3842400135266777,0.3891872641618992,,,,,,1.4040814552839742,0.28374325134973005,0.3547418967587035,0.3152950995790133,,,,,,
raw,1,1392,1.7407773733139038,0.4375,0.375,0.40384615384615385,0.3955606651331902,0.3839628131208773,0.38967546194934005,,,,,,1.403867067744258,0.28374325134973005,0.3547418967587035,0.3152950995790133,,,,,,
raw,1,1393,1.8148040771484375,0.375,0.375,0.375,0.39494384517919445,0.38369392872725105,0.3892376164161277,,,,,,1.4036630392677658,0.28374325134973005,0.3547418967587035,0.3152950995790133,,,,,,
raw,1,1394,1.8764022588729858,0.5,0.375,0.42857142857142855,0.39809552982381863,0.3834331108654335,0.39062677802146717,,,,,,1.4034494404591085,0.28374325134973005,0.3547418967587035,0.3152950995790133,,,,,,
raw,1,1395,1.9001444578170776,0.4375,0.4375,0.4375,0.3992776639291041,0.3850551175394705,0.3920374398408754,,,,,,1.403235875412185,0.28374325134973005,0.3547418967587035,0.3152950995790133,,,,,,
raw,1,1396,1.770477533340454,0.375,0.375,0.375,0.39854933401123094,0.38475346401328636,0.3915299095770874,,,,,,1.403024975286534,0.28374325134973005,0.3547418967587035,0.3152950995790133,,,,,,
raw,1,1397,2.1302051544189453,0.375,0.375,0.375,0.39784285399089403,0.3844608600928878,0.39103740164722617,,,,,,1.4028101362920575,0.28374325134973005,0.3547418967587035,0.3152950995790133,,,,,,
raw,1,1398,1.5542488098144531,0.4375,0.3125,0.3645833333333333,0.3990325683711672,0.3823020342901012,0.3904881778349613,,,,,,1.4025648145922731,0.28374325134973005,0.3547418967587035,0.3152950995790133,,,,,,
raw,1,1399,1.6210153102874756,0.375,0.375,0.375,0.39831159132003213,0.3820829732613982,0.3900285419790535,,,,,,1.402384804717655,0.28374325134973005,0.3547418967587035,0.3152950995790133,,,,,,
raw,1,1400,1.6817822456359863,0.375,0.375,0.375,0.3976122435804311,0.3818704840635563,0.3895824103366252,,,,,,1.4520888400714258,0.28374325134973005,0.3547418967587035,0.3152950995790133,,,,0.39832033593281346,0.3787515006002401,0.3882895193505772
raw,1,1401,2.027845859527588,0.4375,0.375,0.40384615384615385,0.3988088762730182,0.3816643695416496,0.3900483178548301,,,,,,1.4519105999286221,0.28374325134973005,0.3547418967587035,0.3152950995790133,,,,,,
raw,1,1402,1.8123817443847656,0.375,0.375,0.375,0.3980946099848276,0.3814644384554001,0.3896021402197283,,,,,,1.4516670569900194,0.28374325134973005,0.3547418967587035,0.3152950995790133,,,,,,
raw,1,1403,1.7275267839431763,0.375,0.375,0.375,0.3974017716852828,0.3812705053017381,0.3891690478169657,,,,,,1.4514231864575975,0.28374325134973005,0.3547418967587035,0.3152950995790133,,,,,,
raw,1,1404,1.5350708961486816,0.4375,0.375,0.40384615384615385,0.3986047185347243,0.38108239014268597,0.38964665997629916,,,,,,1.4511791381054124,0.28374325134973005,0.3547418967587035,0.3152950995790133,,,,,,
raw,1,1405,1.7397384643554688,0.375,0.375,0.375,0.3978965769786825,0.3808999184384054,0.38921277794639514,,,,,,1.4509517769395017,0.28374325134973005,0.3547418967587035,0.3152950995790133,,,,,,
raw,1,1406,1.349008560180664,0.5,0.375,0.42857142857142855,0.40095967966932206,0.3807229208852533,0.39057934842765324,,,,,,1.4507021613798048,0.28374325134973005,0.3547418967587035,0.3152950995790133,,,,,,
raw,1,1407,1.8786888122558594,0.375,0.375,0.375,0.40018088927924245,0.38055123325869566,0.39011929071581675,,,,,,1.4504531594882761,0.28374325134973005,0.3547418967587035,0.3152950995790133,,,,,,
raw,1,1408,1.778516173362732,0.375,0.375,0.375,0.3994254626008652,0.38038469626093474,0.3896726185051914,,,,,,1.4502113521306847,0.28374325134973005,0.3547418967587035,0.3152950995790133,,,,,,
raw,1,1409,1.7247552871704102,0.4375,0.375,0.40384615384615385,0.4005676987228392,0.3802231553731067,0.3901303749908582,,,,,,1.449981745067426,0.28374325134973005,0.3547418967587035,0.3152950995790133,,,,,,
raw,1,1410,1.4730830192565918,0.375,0.375,0.375,0.3998006677611541,0.3800664607119135,0.38968388136515497,,,,,,1.4496953970212791,0.28374325134973005,0.3547418967587035,0.3152950995790133,,,,,,
raw,1,1411,1.7682342529296875,0.375,0.5,0.42857142857142855,0.3990566477283195,0.3836644668905561,0.391209213985157,,,,,,1.4494478260099288,0.28374325134973005,0.3547418967587035,0.3152950995790133,,,,,,
raw,1,1412,1.7651011943817139,0.4375,0.4375,0.4375,0.4002099482964699,0.3852795328838394,0.39260284352486313,,,,,,1.4492040038951828,0.28374325134973005,0.3547418967587035,0.3152950995790133,,,,,,
raw,1,1413,1.8243491649627686,0.375,0.375,0.375,0.3994536498475758,0.38497114689732426,0.3920787062119176,,,,,,1.448925392852087,0.28374325134973005,0.3547418967587035,0.3152950995790133,,,,,,
raw,1,1414,1.7816243171691895,0.375,0.375,0.375,0.3987200403521486,0.3846720124904045,0.3915700696375128,,,,,,1.4486742386845892,0.28374325134973005,0.3547418967587035,0.3152950995790133,,,,,,
raw,1,1415,1.8357410430908203,0.4375,0.375,0.40384615384615385,0.39988343914158414,0.3843818521156923,0.39197944542776225,,,,,,1.4484120614840974,0.28374325134973005,0.3547418967587035,0.3152950995790133,,,,,,
raw,1,1416,2.4867608547210693,0.375,0.375,0.375,0.39913693596733657,0.3841003965522215,0.39147433100646895,,,,,,1.4481646519067861,0.28374325134973005,0.3547418967587035,0.3152950995790133,,,,,,
raw,1,1417,1.6403191089630127,0.375,0.375,0.375,0.39841282788831645,0.3838273846556548,0.39098412812174366,,,,,,1.447914164008469,0.28374325134973005,0.3547418967587035,0.3152950995790133,,,,,,
raw,1,1418,1.4584553241729736,0.4375,0.375,0.40384615384615385,0.39958544305166693,0.38356256311598513,0.3914100923802225,,,,,,1.4476648832863188,0.28374325134973005,0.3547418967587035,0.3152950995790133,,,,,,
raw,1,1419,1.4736731052398682,0.375,0.375,0.375,0.39884787976011693,0.3833056862225056,0.3909223633284302,,,,,,1.4474309996476453,0.28374325134973005,0.3547418967587035,0.3152950995790133,,,,,,
raw,1,1420,1.7983407974243164,0.375,0.375,0.375,0.39813244336731346,0.38305651563583043,0.3904490066333591,,,,,,1.4471789368309929,0.28374325134973005,0.3547418967587035,0.3152950995790133,,,,,,
raw,1,1421,1.9131386280059814,0.4375,0.4375,0.4375,0.39931347006629403,0.3846898201667555,0.391865261035585,,,,,,1.4469512275158358,0.28374325134973005,0.3547418967587035,0.3152950995790133,,,,,,
raw,1,1422,2.163318634033203,0.375,0.375,0.375,0.3985840659643052,0.3843991255617528,0.3913631047964274,,,,,,1.4467184332630079,0.28374325134973005,0.3547418967587035,0.3152950995790133,,,,,,
raw,1,1423,2.0098719596862793,0.4375,0.4375,0.4375,0.399751543985376,0.3859921517949002,0.39275137548007105,,,,,,1.446461166408999,0.28374325134973005,0.3547418967587035,0.3152950995790133,,,,,,
raw,1,1424,1.6297225952148438,0.375,0.3125,0.3409090909090909,0.39900899766581466,0.3837873872410532,0.39125019903624997,,,,,,1.4461915834269725,0.28374325134973005,0.3547418967587035,0.3152950995790133,,,,,,
raw,1,1425,1.879927635192871,0.375,0.4375,0.40384615384615385,0.39828872773584023,0.3853987656238216,0.3917377406987115,,,,,,1.4459603256140345,0.28374325134973005,0.3547418967587035,0.3152950995790133,,,,,,
raw,1,1426,1.5582740306854248,0.4375,0.375,0.40384615384615385,0.399465065903765,0.385086802655107,0.3921441810695256,,,,,,1.4457118117812087,0.28374325134973005,0.3547418967587035,0.3152950995790133,,,,,,
raw,1,1427,1.7655001878738403,0.375,0.375,0.375,0.39873111392665206,0.38478419857545376,0.3916335256535332,,,,,,1.4454735219341246,0.28374325134973005,0.3547418967587035,0.3152950995790133,,,,,,
raw,1,1428,1.6954517364501953,0.4375,0.375,0.40384615384615385,0.3998941805088525,0.38449067261819014,0.39204118189428033,,,,,,1.4452189507002802,0.28374325134973005,0.3547418967587035,0.3152950995790133,,,,,,
raw,1,1429,1.7013211250305176,0.4375,0.4375,0.4375,0.4010223550935869,0.3860809524396444,0.39340983914639327,,,,,,1.4449626261721469,0.28374325134973005,0.3547418967587035,0.3152950995790133,,,,,,
raw,1,1430,1.9899019002914429,0.375,0.4375,0.40384615384615385,0.40024168444077934,0.38762352386645504,0.39383156023480936,,,,,,1.4447152016783225,0.28374325134973005,0.3547418967587035,0.3152950995790133,,,,,,
raw,1,1431,1.602396011352539,0.375,0.375,0.375,0.39948443390755595,0.3872448181504614,0.39326941653127523,,,,,,1.4444626994409522,0.28374325134973005,0.3547418967587035,0.3152950995790133,,,,,,
raw,1,1432,1.6168911457061768,0.5,0.4375,0.4666666666666667,0.4024999008903293,0.38875247360594756,0.3955067615357924,,,,,,1.4442325288407867,0.28374325134973005,0.3547418967587035,0.3152950995790133,,,,,,
raw,1,1433,1.6686432361602783,0.375,0.25,0.3,0.40167490386361937,0.3845898993977691,0.39294677881228285,,,,,,1.4439866041870186,0.28374325134973005,0.3547418967587035,0.3152950995790133,,,,,,
raw,1,1434,1.5939236879348755,0.375,0.375,0.375,0.40087465674771083,0.384302202415836,0.3924135350727359,,,,,,1.4437244057182772,0.28374325134973005,0.3547418967587035,0.3152950995790133,,,,,,
raw,1,1435,1.8549461364746094,0.4375,0.375,0.40384615384615385,0.4019734170452795,0.38402313634336094,0.39279330596264944,,,,,,1.4434617983972133,0.28374325134973005,0.3547418967587035,0.3152950995790133,,,,,,
raw,1,1436,1.5829936265945435,0.375,0.375,0.375,0.40116421453392115,0.38375244225306016,0.39226520609742327,,,,,,1.4432404245821708,0.28374325134973005,0.3547418967587035,0.3152950995790133,,,,,,
raw,1,1437,1.7733261585235596,0.375,0.375,0.375,0.40037928809790346,0.38348986898546833,0.3917526269523308,,,,,,1.4429841789144118,0.28374325134973005,0.3547418967587035,0.3152950995790133,,,,,,
raw,1,1438,1.579355239868164,0.5,0.4375,0.4666666666666667,0.40336790945496637,0.38511017291590427,0.39402765614444124,,,,,,1.4427423027120974,0.28374325134973005,0.3547418967587035,0.3152950995790133,,,,,,
raw,1,1439,1.6151604652404785,0.4375,0.3125,0.3645833333333333,0.4043918721713174,0.38293186772842713,0.3933694033523659,,,,,,1.4425095324530943,0.28374325134973005,0.3547418967587035,0.3152950995790133,,,,,,
raw,1,1440,1.8653488159179688,0.4375,0.375,0.40384615384615385,0.4053851160061779,0.3826939116965743,0.39371283928263323,,,,,,1.4422690715972244,0.28374325134973005,0.3547418967587035,0.3152950995790133,,,,,,
raw,1,1441,1.5095605850219727,0.375,0.375,0.375,0.40447356252599254,0.38246309434567705,0.39316051413764047,,,,,,1.442042283275503,0.28374325134973005,0.3547418967587035,0.3152950995790133,,,,,,
raw,1,1442,1.7624164819717407,0.4375,0.375,0.40384615384615385,0.40546435565021277,0.38223920151530677,0.3935093859531447,,,,,,1.441798230721218,0.28374325134973005,0.3547418967587035,0.3152950995790133,,,,,,
raw,1,1443,1.844745397567749,0.375,0.4375,0.40384615384615385,0.40455042498070637,0.38389702546984755,0.39395321708227304,,,,,,1.4415652372141419,0.28374325134973005,0.3547418967587035,0.3152950995790133,,,,,,
raw,1,1444,1.6754188537597656,0.375,0.375,0.375,0.40366391223128517,0.38363011470575215,0.3933921194711289,,,,,,1.4413463040858754,0.28374325134973005,0.3547418967587035,0.3152950995790133,,,,,,
raw,1,1445,1.997882604598999,0.375,0.4375,0.40384615384615385,0.4028039948643466,0.3852462112645796,0.39382950907658093,,,,,,1.4411211361245746,0.28374325134973005,0.3547418967587035,0.3152950995790133,,,,,,
raw,1,1446,1.663074016571045,0.4375,0.4375,0.4375,0.4038448750184162,0.3868138249266422,0.39514592274454274,,,,,,1.4408655219917084,0.28374325134973005,0.3547418967587035,0.3152950995790133,,,,,,
raw,1,1447,1.8411915302276611,0.375,0.375,0.375,0.4029795287678637,0.3864594101788429,0.3945466161311053,,,,,,1.440658679543887,0.28374325134973005,0.3547418967587035,0.3152950995790133,,,,,,
raw,1,1448,1.6173498630523682,0.375,0.375,0.375,0.4021401429048278,0.38611562787347764,0.39396500356100167,,,,,,1.4403933573895045,0.28374325134973005,0.3547418967587035,0.3152950995790133,,,,,,
raw,1,1449,2.0703678131103516,0.5625,0.375,0.45,0.406950938617683,0.3857821590372733,0.3960839081567092,,,,,,1.4401585895790197,0.28374325134973005,0.3547418967587035,0.3152950995790133,,,,,,
raw,1,1450,1.377547264099121,0.375,0.375,0.375,0.40599241045915246,0.3854586942661551,0.3954591849912664,,,,,,1.4399404566206946,0.28374325134973005,0.3547418967587035,0.3152950995790133,,,,,,
raw,1,1451,1.77499258518219,0.375,0.375,0.375,0.4050626381453779,0.38514493343817047,0.3948527663286168,,,,,,1.4397084679531427,0.28374325134973005,0.3547418967587035,0.3152950995790133,,,,,,
raw,1,1452,1.689368724822998,0.4375,0.375,0.40384615384615385,0.40603575900101657,0.3848405854350253,0.39515416107920454,,,,,,1.439466167286504,0.28374325134973005,0.3547418967587035,0.3152950995790133,,,,,,
raw,1,1453,1.3925971984863281,0.3125,0.3125,0.3125,0.4032296862309861,0.38267036787197456,0.3926811089052222,,,,,,1.439248792911216,0.28374325134973005,0.3547418967587035,0.3152950995790133,,,,,,
raw,1,1454,1.3506793975830078,0.3125,0.375,0.3409090909090909,0.40050779564405653,0.3824402568358153,0.39126556032859394,,,,,,1.4390021074277872,0.28374325134973005,0.3547418967587035,0.3152950995790133,,,,,,
raw,1,1455,1.662113904953003,0.4375,0.4375,0.4375,0.40161756177473484,0.3840920491307408,0.3926593492758172,,,,,,1.4387856474226857,0.28374325134973005,0.3547418967587035,0.3152950995790133,,,,,,
raw,1,1456,1.6144390106201172,0.375,0.375,0.375,0.40081903492149284,0.3838192876568186,0.39213500548211255,,,,,,1.4385719354395605,0.28374325134973005,0.3547418967587035,0.3152950995790133,,,,,,
raw,1,1457,1.7813323736190796,0.3125,0.375,0.3409090909090909,0.39816946387384805,0.3835547090271141,0.39072547109008005,,,,,,1.438324877487989,0.28374325134973005,0.3547418967587035,0.3152950995790133,,,,,,
raw,1,1458,1.7517619132995605,0.375,0.375,0.375,0.3974743799576326,0.3832980677563007,0.3902575257784048,,,,,,1.4380830220850538,0.28374325134973005,0.3547418967587035,0.3152950995790133,,,,,,
raw,1,1459,1.7510795593261719,0.3125,0.375,0.3409090909090909,0.3949251485589036,0.3830491257236117,0.38889649152285694,,,,,,1.4378484406442797,0.28374325134973005,0.3547418967587035,0.3152950995790133,,,,,,
raw,1,1460,1.3905231952667236,0.4375,0.375,0.40384615384615385,0.3962023941021365,0.38280765195190336,0.38938986461656033,,,,,,1.437640569178082,0.28374325134973005,0.3547418967587035,0.3152950995790133,,,,,,
raw,1,1461,1.683945655822754,0.4375,0.375,0.40384615384615385,0.39744132227907236,0.38257342239334624,0.3898656734462064,,,,,,1.4374196511293653,0.28374325134973005,0.3547418967587035,0.3152950995790133,,,,,,
raw,1,1462,1.6571677923202515,0.4375,0.375,0.40384615384615385,0.3986430826107002,0.3823462197215458,0.3903246182737166,,,,,,1.4371817010943966,0.28374325134973005,0.3547418967587035,0.3152950995790133,,,,,,
raw,1,1463,2.352407455444336,0.4375,0.375,0.40384615384615385,0.3998087901323792,0.38212583312989945,0.39076736718626554,,,,,,1.436983976965142,0.28374325134973005,0.3547418967587035,0.3152950995790133,,,,,,
raw,1,1464,1.7069621086120605,0.375,0.375,0.375,0.39906452642840784,0.3819120581360025,0.39029993377419303,,,,,,1.4367375431694036,0.28374325134973005,0.3547418967587035,0.3152950995790133,,,,,,
raw,1,1465,1.3436923027038574,0.375,0.375,0.375,0.39834259063555555,0.3817046963919224,0.3898462058574161,,,,,,1.436508940546074,0.28374325134973005,0.3547418967587035,0.3152950995790133,,,,,,
raw,1,1466,1.84213125705719,0.4375,0.3125,0.3645833333333333,0.39951731291648884,0.3796285555001647,0.3893190904239984,,,,,,1.4362508270122796,0.28374325134973005,0.3547418967587035,0.3152950995790133,,,,,,
raw,1,1467,1.6689293384552002,0.375,0.375,0.375,0.3987817935289941,0.3794896988351598,0.38889663623051923,,,,,,1.4360324777096152,0.28374325134973005,0.3547418967587035,0.3152950995790133,,,,,,
raw,1,1468,1.85137939453125,0.3125,0.3125,0.3125,0.3961933397231243,0.37748000787010505,0.3866103581363101,,,,,,1.4358014759536797,0.28374325134973005,0.3547418967587035,0.3152950995790133,,,,,,
raw,1,1469,1.5624662637710571,0.5,0.375,0.42857142857142855,0.3993075395314306,0.3774056076340019,0.38804777578356076,,,,,,1.435582086113001,0.28374325134973005,0.3547418967587035,0.3152950995790133,,,,,,
raw,1,1470,2.0428049564361572,0.3333333432674408,0.5,0.4000000071525573,0.3973283136435109,0.38108343940498185,0.3890363673037136,,,,,,1.4349634135374205,0.28374325134973005,0.3547418967587035,0.3152950995790133,,,,,,
raw,1,1471,2.147000312805176,0.375,0.375,0.375,0.3966584642342056,0.3809009362228324,0.38862003417028396,,,,,,1.4347417995241354,0.28374325134973005,0.3547418967587035,0.3152950995790133,,,,,,
raw,1,1472,1.9566230773925781,0.4375,0.375,0.40384615384615385,0.3978837103071794,0.3807239081361474,0.389114716022744,,,,,,1.4345029192255503,0.28374325134973005,0.3547418967587035,0.3152950995790133,,,,,,
raw,1,1473,1.7463150024414062,0.3125,0.3125,0.3125,0.395322198997964,0.37867719089206303,0.3868207178692791,,,,,,1.434276491378141,0.28374325134973005,0.3547418967587035,0.3152950995790133,,,,,,
raw,1,1474,2.07366943359375,0.4375,0.375,0.40384615384615385,0.3965875330280251,0.3785668751653012,0.3873677335019191,,,,,,1.4340601609226655,0.28374325134973005,0.3547418967587035,0.3152950995790133,,,,,,
raw,1,1475,1.9217071533203125,0.375,0.375,0.375,0.3959399070371843,0.3784598689103421,0.3870026050312791,,,,,,1.4338361326779705,0.28374325134973005,0.3547418967587035,0.3152950995790133,,,,,,
raw,1,1476,1.4959182739257812,0.375,0.4375,0.40384615384615385,0.3953117098260688,0.3802310728430318,0.38762476782331634,,,,,,1.4336317306910562,0.28374325134973005,0.3547418967587035,0.3152950995790133,,,,,,
raw,1,1477,1.836235523223877,0.5,0.375,0.42857142857142855,0.39845235853128674,0.3800741406577408,0.3890463276961845,,,,,,1.4333964138117863,0.28374325134973005,0.3547418967587035,0.3152950995790133,,,,,,
raw,1,1478,1.474630355834961,0.375,0.375,0.375,0.39774878777534817,0.37992191643800854,0.38863102568679636,,,,,,1.433167235723957,0.28374325134973005,0.3547418967587035,0.3152950995790133,,,,,,
raw,1,1479,2.0541210174560547,0.4375,0.375,0.40384615384615385,0.3989413241420877,0.37977425894486827,0.38912190542776803,,,,,,1.4329425175118355,0.28374325134973005,0.3547418967587035,0.3152950995790133,,,,,,
raw,1,1480,2.075911521911621,0.375,0.375,0.375,0.39822308441782506,0.3796310311765222,0.3887048667482368,,,,,,1.432720455472972,0.28374325134973005,0.3547418967587035,0.3152950995790133,,,,,,
raw,1,1481,2.0102860927581787,0.375,0.375,0.375,0.39752639188529026,0.3794921002412265,0.388299961677881,,,,,,1.4325072083727235,0.28374325134973005,0.3547418967587035,0.3152950995790133,,,,,,
raw,1,1482,1.1598505973815918,0.4375,0.375,0.40384615384615385,0.39872560012873154,0.3793573372339897,0.3888004085131276,,,,,,1.4322985076248314,0.28374325134973005,0.3547418967587035,0.3152950995790133,,,,,,
raw,1,1483,1.8825066089630127,0.375,0.375,0.375,0.3980138321248696,0.37922661711697003,0.3883931652546083,,,,,,1.4321045740391167,0.28374325134973005,0.3547418967587035,0.3152950995790133,,,,,,
raw,1,1484,1.6591415405273438,0.4375,0.375,0.40384615384615385,0.39919841716112353,0.379099818603461,0.38888960703836417,,,,,,1.4319022572776348,0.28374325134973005,0.3547418967587035,0.3152950995790133,,,,,,
raw,1,1485,1.697737693786621,0.375,0.375,0.375,0.3984724646462898,0.37897682404535715,0.38848020396368593,,,,,,1.4316859450505033,0.28374325134973005,0.3547418967587035,0.3152950995790133,,,,,,
raw,1,1486,1.5309412479400635,0.375,0.5,0.42857142857142855,0.3977682907069011,0.38260751932399645,0.390040636874913,,,,,,1.4314673263122486,0.28374325134973005,0.3547418967587035,0.3152950995790133,,,,,,
raw,1,1487,1.595740795135498,0.5,0.375,0.42857142857142855,0.4008352419856941,0.3823792937442766,0.39138981657293775,,,,,,1.4312393504371201,0.28374325134973005,0.3547418967587035,0.3152950995790133,,,,,,
raw,1,1488,1.4288192987442017,0.375,0.375,0.375,0.40006018472612326,0.3821579149319483,0.39090418927676557,,,,,,1.4310223952956984,0.28374325134973005,0.3547418967587035,0.3152950995790133,,,,,,
raw,1,1489,1.857827067375183,0.4375,0.4375,0.4375,0.40118337918433955,0.38381817748398983,0.3923087085047916,,,,,,1.4308198828744114,0.28374325134973005,0.3547418967587035,0.3152950995790133,,,,,,
raw,1,1490,1.7225925922393799,0.375,0.375,0.375,0.4003978778088093,0.38355363215947014,0.3917947944222379,,,,,,1.4305952867114098,0.28374325134973005,0.3547418967587035,0.3152950995790133,,,,,,
raw,1,1491,1.5829248428344727,0.375,0.375,0.375,0.39963594147454506,0.38329702319468606,0.39129599503710555,,,,,,1.4303830857142923,0.28374325134973005,0.3547418967587035,0.3152950995790133,,,,,,
raw,1,1492,1.5132168531417847,0.4375,0.375,0.40384615384615385,0.4007718632303087,0.3830481124988455,0.3917096029868513,,,,,,1.430170939946384,0.28374325134973005,0.3547418967587035,0.3152950995790133,,,,,,
raw,1,1493,2.0122833251953125,0.375,0.375,0.375,0.3999987073333995,0.38280666912388017,0.39121390172647297,,,,,,1.42993217139987,0.28374325134973005,0.3547418967587035,0.3152950995790133,,,,,,
raw,1,1494,1.4953320026397705,0.375,0.375,0.375,0.39924874611339745,0.38257246905016373,0.39073275476115105,,,,,,1.4297147445113845,0.28374325134973005,0.3547418967587035,0.3152950995790133,,,,,,
raw,1,1495,1.8688369989395142,0.375,0.375,0.375,0.3985212837299955,0.38234529497865877,0.39026574305434586,,,,,,1.4294957145150513,0.28374325134973005,0.3547418967587035,0.3152950995790133,,,,,,
raw,1,1496,1.8764480352401733,0.375,0.4375,0.40384615384615385,0.39781564521809565,0.383999936129299,0.3907857198029062,,,,,,1.4292570131684554,0.28374325134973005,0.3547418967587035,0.3152950995790133,,,,,,
raw,1,1497,1.7860722541809082,0.4375,0.375,0.40384615384615385,0.3990061758615528,0.38372993804542,0.3912189879136983,,,,,,1.4290541991315948,0.28374325134973005,0.3547418967587035,0.3152950995790133,,,,,,
raw,1,1498,1.6582047939300537,0.25,0.375,0.3,0.3945359905857062,0.3834680399040574,0.38892328844688934,,,,,,1.4288485688251025,0.28374325134973005,0.3547418967587035,0.3152950995790133,,,,,,
raw,1,1499,1.6210236549377441,0.4375,0.4375,0.4375,0.395824910868135,0.3850889987069357,0.39038315676158153,,,,,,1.428619417611744,0.28374325134973005,0.3547418967587035,0.3152950995790133,,,,,,
raw,1,1500,1.6141176223754883,0.375,0.375,0.375,0.395200163542091,0.3847863287457276,0.3899237270200282,,,,,,1.428410084666665,0.28374325134973005,0.3547418967587035,0.3152950995790133,,,,,,
raw,1,1501,1.810962438583374,0.375,0.375,0.375,0.39459415863582825,0.3844927388833558,0.38947796268779405,,,,,,1.4282105335109934,0.28374325134973005,0.3547418967587035,0.3152950995790133,,,,,,
raw,1,1502,2.0320029258728027,0.375,0.375,0.375,0.39400633387675343,0.38420795671685515,0.3890454603623794,,,,,,1.4279904092543296,0.28374325134973005,0.3547418967587035,0.3152950995790133,,,,,,
raw,1,1503,1.530645728111267,0.375,0.375,0.375,0.3934361438604508,0.38393171801534953,0.3886258283875663,,,,,,1.4277665453759139,0.28374325134973005,0.3547418967587035,0.3152950995790133,,,,,,
raw,1,1504,1.845874309539795,0.4375,0.375,0.40384615384615385,0.3947580595446372,0.3836637664748891,0.38913185347250245,,,,,,1.4275512393617047,0.28374325134973005,0.3547418967587035,0.3152950995790133,,,,,,
raw,1,1505,1.7723159790039062,0.375,0.375,0.375,0.3941653177582981,0.38340385348064243,0.38871011693058516,,,,,,1.4273008182059868,0.28374325134973005,0.3547418967587035,0.3152950995790133,,,,,,
raw,1,1506,1.4627609252929688,0.375,0.4375,0.40384615384615385,0.3935903582255491,0.38502673787622316,0.3892614545604821,,,,,,1.4271050711819409,0.28374325134973005,0.3547418967587035,0.3152950995790133,,,,,,
raw,1,1507,1.7677879333496094,0.4375,0.375,0.40384615384615385,0.3949076474787826,0.3847259357399364,0.3897503070093087,,,,,,1.4268717634372927,0.28374325134973005,0.3547418967587035,0.3152950995790133,,,,,,
raw,1,1508,1.8962347507476807,0.25,0.375,0.3,0.3905604180544191,0.38443415766773836,0.38747307410042725,,,,,,1.4266633790450953,0.28374325134973005,0.3547418967587035,0.3152950995790133,,,,,,
raw,1,1509,1.520436406135559,0.4375,0.375,0.40384615384615385,0.3919686055127865,0.3841511329377062,0.3880204984462064,,,,,,1.4264334836978154,0.28374325134973005,0.3547418967587035,0.3152950995790133,,,,,,
raw,1,1510,1.8817453384399414,0.375,0.375,0.375,0.39145954734740296,0.38387659894957504,0.38763099174406934,,,,,,1.4262211025827827,0.28374325134973005,0.3547418967587035,0.3152950995790133,,,,,,
raw,1,1511,1.545816421508789,0.375,0.3125,0.3409090909090909,0.3909657609269809,0.3817353009810878,0.38629539877225477,,,,,,1.4260058074123072,0.28374325134973005,0.3547418967587035,0.3152950995790133,,,,,,
raw,1,1512,1.53387451171875,0.4375,0.375,0.40384615384615385,0.39236178809917144,0.38153324195165517,0.3868717570691559,,,,,,1.4258146885581988,0.28374325134973005,0.3547418967587035,0.3152950995790133,,,,,,
raw,1,1513,1.9344277381896973,0.375,0.375,0.375,0.3918409344561963,0.3813372446931055,0.3865177428258584,,,,,,1.4256029057501665,0.28374325134973005,0.3547418967587035,0.3152950995790133,,,,,,
raw,1,1514,2.228710651397705,0.4375,0.3125,0.3645833333333333,0.3932107064225104,0.3792721273523123,0.3861156639399013,,,,,,1.4253655091149278,0.28374325134973005,0.3547418967587035,0.3152950995790133,,,,,,
raw,1,1515,1.2546944618225098,0.3125,0.375,0.3409090909090909,0.3907893852298351,0.37914396353174296,0.38487860451945327,,,,,,1.4251488546534632,0.28374325134973005,0.3547418967587035,0.3152950995790133,,,,,,
raw,1,1516,2.4258079528808594,0.375,0.4375,0.40384615384615385,0.39031570367294,0.38089464462579065,0.38554763060513925,,,,,,1.4249510350263837,0.28374325134973005,0.3547418967587035,0.3152950995790133,,,,,,
raw,1,1517,1.5710010528564453,0.4375,0.4375,0.4375,0.3917312325627518,0.3825928052870169,0.38710809392127354,,,,,,1.4247284454845064,0.28374325134973005,0.3547418967587035,0.3152950995790133,,,,,,
raw,1,1518,1.6994519233703613,0.375,0.375,0.375,0.3912292955858693,0.3823650211284064,0.3867463724607323,,,,,,1.4245088039525724,0.28374325134973005,0.3547418967587035,0.3152950995790133,,,,,,
raw,1,1519,1.7439422607421875,0.5,0.375,0.42857142857142855,0.3944924167182932,0.38214407049455423,0.3882200756366129,,,,,,1.4243040559578672,0.28374325134973005,0.3547418967587035,0.3152950995790133,,,,,,
raw,1,1520,1.763512372970581,0.375,0.375,0.375,0.3939076442167444,0.3819297483797176,0.3878262349203368,,,,,,1.4241068300000015,0.28374325134973005,0.3547418967587035,0.3152950995790133,,,,,,
raw,1,1521,1.7470500469207764,0.375,0.375,0.375,0.3933404148902421,0.3817218559283261,0.3874440514952336,,,,,,1.4238884127547675,0.28374325134973005,0.3547418967587035,0.3152950995790133,,,,,,
raw,1,1522,1.9442672729492188,0.4375,0.375,0.40384615384615385,0.3946652024435348,0.3815202002504763,0.3879813934803181,,,,,,1.4236936325887009,0.28374325134973005,0.3547418967587035,0.3152950995790133,,,,,,
raw,1,1523,1.9748077392578125,0.375,0.375,0.375,0.3940752463702287,0.38132459424296195,0.3875950846326919,,,,,,1.4234620208141844,0.28374325134973005,0.3547418967587035,0.3152950995790133,,,,,,
raw,1,1524,1.6958227157592773,0.4375,0.375,0.40384615384615385,0.39537798897912185,0.38113485641567313,0.38812579586590135,,,,,,1.423244440944888,0.28374325134973005,0.3547418967587035,0.3152950995790133,,,,,,
raw,1,1525,1.4077143669128418,0.375,0.375,0.375,0.39476664930974825,0.3809508107232029,0.3877356972076992,,,,,,1.4230426235409877,0.28374325134973005,0.3547418967587035,0.3152950995790133,,,,,,
raw,1,1526,1.9837875366210938,0.4375,0.4375,0.4375,0.3960486498304558,0.3826472864015068,0.38923264932889234,,,,,,1.42282149600262,0.28374325134973005,0.3547418967587035,0.3152950995790133,,,,,,
raw,1,1527,1.2037405967712402,0.375,0.375,0.375,0.3954171903355421,0.38241786780946163,0.3888089055382657,,,,,,1.4226025468893304,0.28374325134973005,0.3547418967587035,0.3152950995790133,,,,,,
raw,1,1528,1.6434216499328613,0.4375,0.375,0.40384615384615385,0.3966796746254758,0.3821953317751777,0.38930282421712603,,,,,,1.4223933973822016,0.28374325134973005,0.3547418967587035,0.3152950995790133,,,,,,
raw,1,1529,1.7843976020812988,0.4375,0.375,0.40384615384615385,0.39790428438671155,0.3819794718219224,0.3897792899921754,,,,,,1.4221893523217797,0.28374325134973005,0.3547418967587035,0.3152950995790133,,,,,,
raw,1,1530,1.5184926986694336,0.375,0.375,0.375,0.3972171558551102,0.3817700876672647,0.38934046654742493,,,,,,1.4219791149673184,0.28374325134973005,0.3547418967587035,0.3152950995790133,,,,,,
raw,1,1531,2.322601318359375,0.4375,0.375,0.40384615384615385,0.3984256411794569,0.38156698503724673,0.3898141227405404,,,,,,1.4217914692357942,0.28374325134973005,0.3547418967587035,0.3152950995790133,,,,,,
raw,1,1532,1.7260204553604126,0.375,0.375,0.375,0.3977228719440732,0.3813699754861293,0.38937480282071985,,,,,,1.4215730209530062,0.28374325134973005,0.3547418967587035,0.3152950995790133,,,,,,
raw,1,1533,1.4724189043045044,0.375,0.375,0.375,0.397041185785751,0.38117887622154545,0.38894837180402436,,,,,,1.4213626171559042,0.28374325134973005,0.3547418967587035,0.3152950995790133,,,,,,
raw,1,1534,1.5458530187606812,0.5,0.375,0.42857142857142855,0.40012995021217845,0.3809935099348991,0.39032732196446923,,,,,,1.4211504189700153,0.28374325134973005,0.3547418967587035,0.3152950995790133,,,,,,
raw,1,1535,1.5617516040802002,0.375,0.375,0.375,0.39937605170581314,0.38081370463685216,0.3898740596294924,,,,,,1.4209333407166183,0.28374325134973005,0.3547418967587035,0.3152950995790133,,,,,,
raw,1,1536,1.3856325149536133,0.4375,0.375,0.40384615384615385,0.40051977015463874,0.3806392934977466,0.39032655303448716,,,,,,1.4207414009114625,0.28374325134973005,0.3547418967587035,0.3152950995790133,,,,,,
raw,1,1537,1.7221405506134033,0.3125,0.375,0.3409090909090909,0.3978791770499996,0.3804701146928142,0.38897995471194186,,,,,,1.4205320363044927,0.28374325134973005,0.3547418967587035,0.3152950995790133,,,,,,
raw,1,1538,1.8125814199447632,0.375,0.375,0.375,0.3971928017384996,0.3803060112520298,0.3885660212037572,,,,,,1.420325696228871,0.28374325134973005,0.3547418967587035,0.3152950995790133,,,,,,
raw,1,1539,1.5480889081954956,0.4375,0.375,0.40384615384615385,0.3984020176863446,0.3801468309144689,0.38906040314767176,,,,,,1.4200979025341183,0.28374325134973005,0.3547418967587035,0.3152950995790133,,,,,,
raw,1,1540,1.832366704940796,0.4375,0.375,0.40384615384615385,0.39957495715575425,0.37999242598703487,0.389537737510677,,,,,,1.4198953037013,0.28374325134973005,0.3547418967587035,0.3152950995790133,,,,,,
raw,1,1541,2.129546880722046,0.5,0.375,0.42857142857142855,0.4025877084410816,0.37984265320742383,0.39088458428624767,,,,,,1.4196916164179108,0.28374325134973005,0.3547418967587035,0.3152950995790133,,,,,,
raw,1,1542,1.7365522384643555,0.4375,0.3125,0.3645833333333333,0.40363507718784913,0.37782237361120113,0.3903024093760138,,,,,,1.4194728711413735,0.28374325134973005,0.3547418967587035,0.3152950995790133,,,,,,
raw,1,1543,1.5958006381988525,0.375,0.3125,0.3409090909090909,0.40277602487221364,0.3758627024028651,0.3888542397611083,,,,,,1.4192785127673428,0.28374325134973005,0.3547418967587035,0.3152950995790133,,,,,,
raw,1,1544,1.7750244140625,0.4375,0.375,0.40384615384615385,0.4038177441260472,0.3758368213307791,0.3893251808520418,,,,,,1.4190432244818654,0.28374325134973005,0.3547418967587035,0.3152950995790133,,,,,,
raw,1,1545,1.6272443532943726,0.25,0.375,0.3,0.3992032118022658,0.3758117166908558,0.38715446327623687,,,,,,1.4188425200647268,0.28374325134973005,0.3547418967587035,0.3152950995790133,,,,,,
raw,1,1546,1.7647504806518555,0.4375,0.25,0.3181818181818182,0.4003521154481978,0.3720373651901301,0.3856757501579346,,,,,,1.4186133750970233,0.28374325134973005,0.3547418967587035,0.3152950995790133,,,,,,
raw,1,1547,2.060527801513672,0.3125,0.4375,0.3645833333333333,0.3977165519847519,0.37400124423442616,0.38549450595454987,,,,,,1.4184256055591442,0.28374325134973005,0.3547418967587035,0.3152950995790133,,,,,,
raw,1,1548,1.5487890243530273,0.375,0.375,0.375,0.39703505542520934,0.37403120690739333,0.38518998488142187,,,,,,1.4182073554263606,0.28374325134973005,0.3547418967587035,0.3152950995790133,,,,,,
raw,1,1549,1.4628791809082031,0.4375,0.375,0.40384615384615385,0.39824900376245304,0.37406027070017156,0.3857758415684185,,,,,,1.4179921429309215,0.28374325134973005,0.3547418967587035,0.3152950995790133,,,,,,
raw,1,1550,1.5447983741760254,0.375,0.375,0.375,0.3975515336495794,0.3740884625791664,0.3854632801456661,,,,,,1.4177947125161319,0.28374325134973005,0.3547418967587035,0.3152950995790133,,,,,,
raw,1,1551,1.7796869277954102,0.4375,0.375,0.40384615384615385,0.398749987640092,0.3741158087017914,0.3860403055792935,,,,,,1.4176031325596417,0.28374325134973005,0.3547418967587035,0.3152950995790133,,,,,,
raw,1,1552,1.5068610906600952,0.375,0.375,0.375,0.39803748801088923,0.37414233444073763,0.38572019270459623,,,,,,1.4174134646907275,0.28374325134973005,0.3547418967587035,0.3152950995790133,,,,,,
raw,1,1553,1.894106388092041,0.4375,0.4375,0.4375,0.3992213633705625,0.3760430644075155,0.38728572982271847,,,,,,1.4172377938828062,0.28374325134973005,0.3547418967587035,0.3152950995790133,,,,,,
raw,1,1554,1.582898497581482,0.4375,0.375,0.40384615384615385,0.40036972246944563,0.37601177247529005,0.3878086481231555,,,,,,1.4170282014800502,0.28374325134973005,0.3547418967587035,0.3152950995790133,,,,,,
raw,1,1555,1.491318702697754,0.375,0.375,0.375,0.39960863079536224,0.37598141930103135,0.3874351409039066,,,,,,1.4168362988424457,0.28374325134973005,0.3547418967587035,0.3152950995790133,,,,,,
raw,1,1556,2.1233272552490234,0.4375,0.375,0.40384615384615385,0.4007453718715014,0.3759519767220004,0.3879529523053263,,,,,,1.4166383406812373,0.28374325134973005,0.3547418967587035,0.3152950995790133,,,,,,
raw,1,1557,1.7166414260864258,0.3125,0.5,0.38461538461538464,0.39809801071535633,0.37967341742034044,0.38866748437606063,,,,,,1.4164308366730902,0.28374325134973005,0.3547418967587035,0.3152950995790133,,,,,,
raw,1,1558,1.8185882568359375,0.375,0.375,0.375,0.3974050703938956,0.3795332148977302,0.38826359014253015,,,,,,1.416222830551993,0.28374325134973005,0.3547418967587035,0.3152950995790133,,,,,,
raw,1,1559,1.8283040523529053,0.4375,0.375,0.40384615384615385,0.39860791828207875,0.3793972184507983,0.3887653906341954,,,,,,1.4160522107761435,0.28374325134973005,0.3547418967587035,0.3152950995790133,,,,,,
raw,1,1560,1.32501220703125,0.375,0.375,0.375,0.39789968073361637,0.37926530189727437,0.3883590895395182,,,,,,1.4158716070512851,0.28374325134973005,0.3547418967587035,0.3152950995790133,,,,,,
raw,1,1561,1.5056805610656738,0.4375,0.375,0.40384615384615385,0.39908769031160785,0.37913734284035616,0.3888567959635188,,,,,,1.4156939665599024,0.28374325134973005,0.3547418967587035,0.3152950995790133,,,,,,
raw,1,1562,1.4916170835494995,0.375,0.375,0.375,0.39836505960225965,0.37901322255514547,0.3884482714752588,,,,,,1.4154983014084561,0.28374325134973005,0.3547418967587035,0.3152950995790133,,,,,,
raw,1,1563,1.8965182304382324,0.375,0.375,0.375,0.3976641078141918,0.37889282587849116,0.38805159293006986,,,,,,1.4153196269993595,0.28374325134973005,0.3547418967587035,0.3152950995790133,,,,,,
raw,1,1564,1.7471894025802612,0.4375,0.375,0.40384615384615385,0.39885918457976605,0.3787760411021365,0.3885582800338569,,,,,,1.415109007672635,0.28374325134973005,0.3547418967587035,0.3152950995790133,,,,,,
raw,1,1565,1.8182802200317383,0.3125,0.375,0.3409090909090909,0.3962684090423731,0.3786627598690724,0.3872655932208568,,,,,,1.4149179702875454,0.28374325134973005,0.3547418967587035,0.3152950995790133,,,,,,
raw,1,1566,2.0780820846557617,0.4375,0.375,0.40384615384615385,0.3975053567711019,0.3785528770730002,0.3877976932536701,,,,,,1.4147173776500668,0.28374325134973005,0.3547418967587035,0.3152950995790133,,,,,,
raw,1,1567,2.255403518676758,0.375,0.4375,0.40384615384615385,0.3968301960679689,0.3803212907608102,0.3884003953908318,,,,,,1.4145103020421224,0.28374325134973005,0.3547418967587035,0.3152950995790133,,,,,,
raw,1,1568,2.1393308639526367,0.4375,0.375,0.40384615384615385,0.3980502901859298,0.3801616520379859,0.38890036942594824,,,,,,1.4143218008928633,0.28374325134973005,0.3547418967587035,0.3152950995790133,,,,,,
raw,1,1569,1.6601941585540771,0.375,0.375,0.375,0.39735878148035186,0.3800068024768464,0.38848913073249314,,,,,,1.4141316853409838,0.28374325134973005,0.3547418967587035,0.3152950995790133,,,,,,
raw,1,1570,1.5202549695968628,0.4375,0.375,0.40384615384615385,0.3985630180359413,0.37985659840254093,0.3889850386167599,,,,,,1.413975452866248,0.28374325134973005,0.3547418967587035,0.3152950995790133,,,,,,
raw,1,1571,1.9598388671875,0.4375,0.3125,0.3645833333333333,0.39973112749486306,0.3778359004504647,0.3884752441064683,,,,,,1.4137485972628896,0.28374325134973005,0.3547418967587035,0.3152950995790133,,,,,,
raw,1,1572,1.4232800006866455,0.375,0.375,0.375,0.3989891936700172,0.37775082343695077,0.38807964861307764,,,,,,1.413581722837156,0.28374325134973005,0.3547418967587035,0.3152950995790133,,,,,,
raw,1,1573,1.6088930368423462,0.375,0.375,0.375,0.3982695178599167,0.3776682987338422,0.3876954261824598,,,,,,1.4134090752066097,0.28374325134973005,0.3547418967587035,0.3152950995790133,,,,,,
raw,1,1574,1.9490327835083008,0.4375,0.375,0.40384615384615385,0.3994464323241192,0.3775882497718269,0.3882099029403196,,,,,,1.4132082416137213,0.28374325134973005,0.3547418967587035,0.3152950995790133,,,,,,
raw,1,1575,2.1645164489746094,0.3333333432674408,0.5,0.4000000071525573,0.39746303965241886,0.38126060227867214,0.3891932637504344,,,,,,1.412668275047622,0.28374325134973005,0.3547418967587035,0.3152950995790133,,,,,,
raw,1,1576,1.9944336414337158,0.375,0.3125,0.3409090909090909,0.3967891484628463,0.37919778421031197,0.3877940711642923,,,,,,1.4124898426395938,0.28374325134973005,0.3547418967587035,0.3152950995790133,,,,,,
raw,1,1577,1.5527236461639404,0.4375,0.375,0.40384615384615385,0.3980104740089609,0.3790718506840026,0.3883103814870752,,,,,,1.412287589220039,0.28374325134973005,0.3547418967587035,0.3152950995790133,,,,,,
raw,1,1578,1.7472840547561646,0.375,0.375,0.375,0.39732015978869206,0.37894969516348254,0.3879175584977654,,,,,,1.4120919178707267,0.28374325134973005,0.3547418967587035,0.3152950995790133,,,,,,
raw,1,1579,1.2656372785568237,0.3125,0.375,0.3409090909090909,0.3947755549950313,0.3788312043085781,0.38663906986795443,,,,,,1.4119208963901257,0.28374325134973005,0.3547418967587035,0.3152950995790133,,,,,,
raw,1,1580,1.5278167724609375,0.4375,0.375,0.40384615384615385,0.39605728834518034,0.3787162681793207,0.38719271447557346,,,,,,1.411743277278482,0.28374325134973005,0.3547418967587035,0.3152950995790133,,,,,,
raw,1,1581,1.460542917251587,0.4375,0.375,0.40384615384615385,0.3973005696948249,0.37860478013394105,0.3877274331710556,,,,,,1.4115213061986105,0.28374325134973005,0.3547418967587035,0.3152950995790133,,,,,,
raw,1,1582,1.7069311141967773,0.4375,0.375,0.40384615384615385,0.39850655260398016,0.37849663672992284,0.3882439401690143,,,,,,1.4113167256637167,0.28374325134973005,0.3547418967587035,0.3152950995790133,,,,,,
raw,1,1583,1.6954543590545654,0.4375,0.4375,0.4375,0.3996763560258607,0.38026673762802515,0.3897300335105133,,,,,,1.4111354515476942,0.28374325134973005,0.3547418967587035,0.3152950995790133,,,,,,
raw,1,1584,1.9071083068847656,0.375,0.375,0.375,0.39893606534508486,0.38010873549918445,0.3892948985193287,,,,,,1.4109422094697028,0.28374325134973005,0.3547418967587035,0.3152950995790133,,,,,,
raw,1,1585,1.9690589904785156,0.4375,0.4375,0.4375,0.4000929833847323,0.3818304734342089,0.39074845991957907,,,,,,1.4107372714826478,0.28374325134973005,0.3547418967587035,0.3152950995790133,,,,,,
raw,1,1586,1.451430320739746,0.375,0.375,0.375,0.3993401938831903,0.3816255592311826,0.39028196615900146,,,,,,1.4105429452711236,0.28374325134973005,0.3547418967587035,0.3152950995790133,,,,,,
raw,1,1587,1.9407960176467896,0.375,0.3125,0.3409090909090909,0.39860998806669456,0.3795517924542471,0.3888475102429126,,,,,,1.4103591936357949,0.28374325134973005,0.3547418967587035,0.3152950995790133,,,,,,
raw,1,1588,1.826591968536377,0.4375,0.375,0.40384615384615385,0.3997766884246937,0.37941523868061966,0.38932992599422056,,,,,,1.4101508830604568,0.28374325134973005,0.3547418967587035,0.3152950995790133,,,,,,
raw,1,1589,1.7074635028839111,0.375,0.375,0.375,0.39903338777195285,0.3792827815202011,0.38890748825433913,,,,,,1.409953453303968,0.28374325134973005,0.3547418967587035,0.3152950995790133,,,,,,
raw,1,1590,1.5565990209579468,0.3125,0.375,0.3409090909090909,0.39643738613879426,0.3791542980745951,0.3876032761347311,,,,,,1.4097571818867962,0.28374325134973005,0.3547418967587035,0.3152950995790133,,,,,,
raw,1,1591,2.1337404251098633,0.4375,0.375,0.40384615384615385,0.3976692645546304,0.37902966913235725,0.3881258058453664,,,,,,1.4095536828409805,0.28374325134973005,0.3547418967587035,0.3152950995790133,,,,,,
raw,1,1592,1.6099587678909302,0.375,0.375,0.375,0.39698918661799154,0.3789087790583865,0.38773832296280425,,,,,,1.40933400521357,0.28374325134973005,0.3547418967587035,0.3152950995790133,,,,,,
raw,1,1593,1.7158119678497314,0.4375,0.3125,0.3645833333333333,0.39820451101945176,0.3769165156866349,0.38726818561990484,,,,,,1.409138924168239,0.28374325134973005,0.3547418967587035,0.3152950995790133,,,,,,
raw,1,1594,2.0702905654907227,0.375,0.375,0.375,0.3975083756888682,0.3768590202160359,0.38690837910270565,,,,,,1.408946884880806,0.28374325134973005,0.3547418967587035,0.3152950995790133,,,,,,
raw,1,1595,1.1851589679718018,0.375,0.375,0.375,0.3968331244182022,0.3768032496095548,0.38655889472985533,,,,,,1.4087655050783683,0.28374325134973005,0.3547418967587035,0.3152950995790133,,,,,,
raw,1,1596,1.888466238975525,0.4375,0.375,0.40384615384615385,0.3980531306856561,0.37674915212126814,0.3871082540999892,,,,,,1.4085716204260683,0.28374325134973005,0.3547418967587035,0.3152950995790133,,,,,,
raw,1,1597,1.94441556930542,0.375,0.4375,0.40384615384615385,0.39736153676508645,0.3785716775576301,0.387739101235256,,,,,,1.4083674767063237,0.28374325134973005,0.3547418967587035,0.3152950995790133,,,,,,
raw,1,1598,1.5497932434082031,0.375,0.4375,0.40384615384615385,0.3966906906621338,0.3803395272309012,0.3883430689541219,,,,,,1.4081533155819825,0.28374325134973005,0.3547418967587035,0.3152950995790133,,,,,,
raw,1,1599,1.730229377746582,0.4375,0.4375,0.4375,0.39791496994226977,0.38205434141397415,0.3898233932196829,,,,,,1.4079433793621017,0.28374325134973005,0.3547418967587035,0.3152950995790133,,,,,,
raw,1,1600,1.7488670349121094,0.375,0.375,0.375,0.3972275208440017,0.3818427111715549,0.38938320905579205,,,,,,1.4514137531874984,0.28374325134973005,0.3547418967587035,0.3152950995790133,,,,0.40371925614877024,0.37695078031212487,0.3898760847085043
raw,1,1601,1.7666740417480469,0.375,0.375,0.375,0.39656069521868165,0.38163742983640825,0.3889559730992236,,,,,,1.4512066186133694,0.28374325134973005,0.3547418967587035,0.3152950995790133,,,,,,
raw,1,1602,1.9018535614013672,0.4375,0.375,0.40384615384615385,0.3977888743621212,0.381438306941316,0.3894420482174986,,,,,,1.4509790923845223,0.28374325134973005,0.3547418967587035,0.3152950995790133,,,,,,
raw,1,1603,1.5625076293945312,0.375,0.375,0.375,0.3971052081312575,0.38124515773307655,0.38901359683311415,,,,,,1.4507545495945076,0.28374325134973005,0.3547418967587035,0.3152950995790133,,,,,,
raw,1,1604,2.016477108001709,0.4375,0.375,0.40384615384615385,0.39831705188731975,0.38105780300108427,0.3894963244914645,,,,,,1.4505347233167059,0.28374325134973005,0.3547418967587035,0.3152950995790133,,,,,,
raw,1,1605,1.7167171239852905,0.375,0.375,0.375,0.3976175403307002,0.38087606891105175,0.3890667923112259,,,,,,1.4503322171962605,0.28374325134973005,0.3547418967587035,0.3152950995790133,,,,,,
raw,1,1606,1.6759142875671387,0.375,0.375,0.375,0.39693901412077914,0.3806997868437202,0.38864984071862363,,,,,,1.450111772042339,0.28374325134973005,0.3547418967587035,0.3152950995790133,,,,,,
raw,1,1607,1.7758464813232422,0.4375,0.3125,0.3645833333333333,0.39815584369715573,0.3786537932384086,0.3881600159099793,,,,,,1.4499188492843822,0.28374325134973005,0.3547418967587035,0.3152950995790133,,,,,,
raw,1,1608,1.9615073204040527,0.375,0.375,0.375,0.397461168386241,0.3785441794412563,0.38777210045716975,,,,,,1.449702382462691,0.28374325134973005,0.3547418967587035,0.3152950995790133,,,,,,
raw,1,1609,1.9667329788208008,0.375,0.375,0.375,0.39678733333465377,0.37843785405801855,0.38739542880334804,,,,,,1.4494968719080235,0.28374325134973005,0.3547418967587035,0.3152950995790133,,,,,,
raw,1,1610,1.701446771621704,0.4375,0.375,0.40384615384615385,0.39800871333461413,0.378334718436278,0.3879224279676125,,,,,,1.4492986349689485,0.28374325134973005,0.3547418967587035,0.3152950995790133,,,,,,
raw,1,1611,1.8097172975540161,0.375,0.4375,0.40384615384615385,0.3973184519345757,0.38010967688318964,0.3885236018260459,,,,,,1.449089732278087,0.28374325134973005,0.3547418967587035,0.3152950995790133,,,,,,
raw,1,1612,1.3674665689468384,0.375,0.375,0.375,0.3966488983765385,0.37995638657669395,0.38812324635635626,,,,,,1.448873891004962,0.28374325134973005,0.3547418967587035,0.3152950995790133,,,,,,
raw,1,1613,1.761415958404541,0.5,0.375,0.42857142857142855,0.39974943142524233,0.37980769497939315,0.38952349988559215,,,,,,1.4486541961562354,0.28374325134973005,0.3547418967587035,0.3152950995790133,,,,,,
raw,1,1614,1.71112060546875,0.4375,0.375,0.40384615384615385,0.40088194848248504,0.3796634641300114,0.3899843027931783,,,,,,1.4484615545229245,0.28374325134973005,0.3547418967587035,0.3152950995790133,,,,,,
raw,1,1615,1.3690158128738403,0.4375,0.375,0.40384615384615385,0.40198049002801045,0.379523560206111,0.39042936927357874,,,,,,1.4482483100928796,0.28374325134973005,0.3547418967587035,0.3152950995790133,,,,,,
raw,1,1616,1.9906597137451172,0.375,0.375,0.375,0.4011710753271701,0.37938785339992764,0.3899755098893458,,,,,,1.4480293407178209,0.28374325134973005,0.3547418967587035,0.3152950995790133,,,,,,
raw,1,1617,1.7204577922821045,0.375,0.4375,0.40384615384615385,0.400385943067355,0.3811312177979298,0.3905213851004308,,,,,,1.4477938598639453,0.28374325134973005,0.3547418967587035,0.3152950995790133,,,,,,
raw,1,1618,1.9930086135864258,0.4375,0.375,0.40384615384615385,0.4014993647753343,0.3809472812639919,0.3909534080428431,,,,,,1.44759880809642,0.28374325134973005,0.3547418967587035,0.3152950995790133,,,,,,
raw,1,1619,1.7195179462432861,0.375,0.375,0.375,0.4007043838320743,0.38076886282607214,0.3904823439922691,,,,,,1.447385826003706,0.28374325134973005,0.3547418967587035,0.3152950995790133,,,,,,
raw,1,1620,1.6565258502960205,0.375,0.375,0.375,0.3999332523171121,0.38059579694129,0.390024983781383,,,,,,1.4471621898148173,0.28374325134973005,0.3547418967587035,0.3152950995790133,,,,,,
raw,1,1621,1.7901780605316162,0.4375,0.375,0.40384615384615385,0.4010602547475987,0.3804279230330513,0.3904717283325569,,,,,,1.4469683284392332,0.28374325134973005,0.3547418967587035,0.3152950995790133,,,,,,
raw,1,1622,1.3472397327423096,0.375,0.3125,0.3409090909090909,0.4002784471051708,0.37839008534205976,0.389026625449198,,,,,,1.4467710485819982,0.28374325134973005,0.3547418967587035,0.3152950995790133,,,,,,
raw,1,1623,2.3143014907836914,0.375,0.375,0.375,0.3995200936920157,0.378288382781798,0.3886144589648817,,,,,,1.446586238632163,0.28374325134973005,0.3547418967587035,0.3152950995790133,,,,,,
raw,1,1624,1.8531970977783203,0.4375,0.375,0.40384615384615385,0.4006594908812552,0.3781897312983441,0.38910048539169545,,,,,,1.4463620237684736,0.28374325134973005,0.3547418967587035,0.3152950995790133,,,,,,
raw,1,1625,1.8743362426757812,0.375,0.375,0.375,0.39988970615481756,0.3780940393593938,0.3886865636206383,,,,,,1.4461391217846138,0.28374325134973005,0.3547418967587035,0.3152950995790133,,,,,,
raw,1,1626,1.7473773956298828,0.4375,0.4375,0.4375,0.40101801497017303,0.37987621817861195,0.3901609218807954,,,,,,1.4459219333948388,0.28374325134973005,0.3547418967587035,0.3152950995790133,,,,,,
raw,1,1627,1.6847114562988281,0.375,0.375,0.375,0.40023747452106784,0.37972993163325364,0.38971410250669003,,,,,,1.4457321532267977,0.28374325134973005,0.3547418967587035,0.3152950995790133,,,,,,
raw,1,1628,1.6248517036437988,0.375,0.375,0.375,0.3994803502854358,0.379588033684256,0.3892802320835691,,,,,,1.4455096788697834,0.28374325134973005,0.3547418967587035,0.3152950995790133,,,,,,
raw,1,1629,1.7268428802490234,0.375,0.375,0.375,0.3987459397768728,0.37945039267372827,0.3888589475843971,,,,,,1.4452908991405815,0.28374325134973005,0.3547418967587035,0.3152950995790133,,,,,,
raw,1,1630,1.9008147716522217,0.3125,0.375,0.3409090909090909,0.3961585615835666,0.37931688089351645,0.387554838459198,,,,,,1.4450871877914166,0.28374325134973005,0.3547418967587035,0.3152950995790133,,,,,,
raw,1,1631,1.880224585533142,0.4375,0.375,0.40384615384615385,0.3973988047360596,0.3791873744667109,0.3880795549021225,,,,,,1.4448822105456796,0.28374325134973005,0.3547418967587035,0.3152950995790133,,,,,,
raw,1,1632,1.6836543083190918,0.4375,0.375,0.40384615384615385,0.3986018405939778,0.37906175323270963,0.38858630836462105,,,,,,1.444672250919122,0.28374325134973005,0.3547418967587035,0.3152950995790133,,,,,,
raw,1,1633,1.7267318964004517,0.375,0.375,0.375,0.3978937853761585,0.37893990063572836,0.388185616069456,,,,,,1.444487605633802,0.28374325134973005,0.3547418967587035,0.3152950995790133,,,,,,
raw,1,1634,1.7585322856903076,0.375,0.3125,0.3409090909090909,0.39720697181487374,0.3769467036166565,0.38681172338479275,,,,,,1.4442772887392947,0.28374325134973005,0.3547418967587035,0.3152950995790133,,,,,,
raw,1,1635,1.9538593292236328,0.4375,0.375,0.40384615384615385,0.3984157626604275,0.37688830250815675,0.3873531617532029,,,,,,1.444062275351682,0.28374325134973005,0.3547418967587035,0.3152950995790133,,,,,,
raw,1,1636,1.7210402488708496,0.4375,0.3125,0.3645833333333333,0.39958828978061467,0.37495665343291207,0.3868808109843027,,,,,,1.4438454240220056,0.28374325134973005,0.3547418967587035,0.3152950995790133,,,,,,
raw,1,1637,1.414292335510254,0.5,0.375,0.42857142857142855,0.40260064108719623,0.3749579538299247,0.3882879401744932,,,,,,1.4436387734270004,0.28374325134973005,0.3547418967587035,0.3152950995790133,,,,,,
raw,1,1638,1.906226634979248,0.375,0.375,0.375,0.4017726218545803,0.37495921521502695,0.3879031083722059,,,,,,1.4433942150793708,0.28374325134973005,0.3547418967587035,0.3152950995790133,,,,,,
raw,1,1639,1.5921106338500977,0.375,0.375,0.375,0.4009694431989429,0.3749604387585761,0.3875290328331211,,,,,,1.4431786111653497,0.28374325134973005,0.3547418967587035,0.3152950995790133,,,,,,
raw,1,1640,1.9578227996826172,0.4375,0.4375,0.4375,0.4020653599029746,0.3768366255958188,0.38904241179403204,,,,,,1.4429701395731749,0.28374325134973005,0.3547418967587035,0.3152950995790133,,,,,,
raw,1,1641,1.9285392761230469,0.375,0.4375,0.40384615384615385,0.4012533991058853,0.37865652682794426,0.389627605524878,,,,,,1.442746446435099,0.28374325134973005,0.3547418967587035,0.3152950995790133,,,,,,
raw,1,1642,1.6899206638336182,0.375,0.375,0.375,0.4004657971327088,0.37854683102310593,0.3891979486817961,,,,,,1.4425197989037817,0.28374325134973005,0.3547418967587035,0.3152950995790133,,,,,,
raw,1,1643,1.5743210315704346,0.5,0.375,0.42857142857142855,0.4034518232187275,0.3784404260924128,0.39054608872558016,,,,,,1.442322724771761,0.28374325134973005,0.3547418967587035,0.3152950995790133,,,,,,
raw,1,1644,1.4820690155029297,0.375,0.375,0.375,0.40259826852216574,0.37833721330964043,0.3900908859683954,,,,,,1.4421178777980532,0.28374325134973005,0.3547418967587035,0.3152950995790133,,,,,,
raw,1,1645,1.5850579738616943,0.375,0.375,0.375,0.40177032046650074,0.37823709691035123,0.3896487039803899,,,,,,1.4419110504559247,0.28374325134973005,0.3547418967587035,0.3152950995790133,,,,,,
raw,1,1646,1.4477229118347168,0.4375,0.375,0.40384615384615385,0.4028422108525057,0.3781399840030407,0.390100435505298,,,,,,1.4417276863304958,0.28374325134973005,0.3547418967587035,0.3152950995790133,,,,,,
raw,1,1647,1.6655442714691162,0.375,0.3125,0.3409090909090909,0.40200694452693053,0.3761707844829495,0.3886599733012123,,,,,,1.4415175231936854,0.28374325134973005,0.3547418967587035,0.3152950995790133,,,,,,
raw,1,1648,1.6876122951507568,0.4375,0.375,0.40384615384615385,0.4030717361911226,0.37613566094846096,0.3891381279449865,,,,,,1.4412942806432079,0.28374325134973005,0.3547418967587035,0.3152950995790133,,,,,,
raw,1,1649,1.5578958988189697,0.375,0.375,0.375,0.4022295841053889,0.3761015911200072,0.38872703906217493,,,,,,1.4410938148574937,0.28374325134973005,0.3547418967587035,0.3152950995790133,,,,,,
raw,1,1650,1.633269190788269,0.3125,0.375,0.3409090909090909,0.39953769658222726,0.37606854338640694,0.38744804216045176,,,,,,1.4408818098787874,0.28374325134973005,0.3547418967587035,0.3152950995790133,,,,,,
raw,1,1651,1.6068551540374756,0.4375,0.375,0.40384615384615385,0.40067656568476046,0.37603648708481474,0.3879656912679793,,,,,,1.4406709685039352,0.28374325134973005,0.3547418967587035,0.3152950995790133,,,,,,
raw,1,1652,1.6807665824890137,0.375,0.375,0.375,0.39990626871421764,0.3760053924722703,0.3875877140190844,,,,,,1.4404697001210671,0.28374325134973005,0.3547418967587035,0.3152950995790133,,,,,,
raw,1,1653,1.5772067308425903,0.375,0.375,0.375,0.39915908065279115,0.3759752306981021,0.38722044743995077,,,,,,1.4402815897761652,0.28374325134973005,0.3547418967587035,0.3152950995790133,,,,,,
raw,1,1654,1.4558348655700684,0.4375,0.4375,0.4375,0.40030930823320743,0.37782097377715906,0.38874017923573473,,,,,,1.4400764875453445,0.28374325134973005,0.3547418967587035,0.3152950995790133,,,,,,
raw,1,1655,1.5689620971679688,0.375,0.375,0.375,0.39955002898621117,0.3777363445638443,0.3883370982828898,,,,,,1.4398625027190324,0.28374325134973005,0.3547418967587035,0.3152950995790133,,,,,,
raw,1,1656,1.7858030796051025,0.375,0.3125,0.3409090909090909,0.39881352811662485,0.375779254226929,0.386953902972997,,,,,,1.439649063768115,0.28374325134973005,0.3547418967587035,0.3152950995790133,,,,,,
raw,1,1657,1.6755781173706055,0.4375,0.375,0.40384615384615385,0.39997412227312606,0.3757558766001211,0.387486953322428,,,,,,1.4394293114061598,0.28374325134973005,0.3547418967587035,0.3152950995790133,,,,,,
raw,1,1658,1.604547142982483,0.375,0.375,0.375,0.39922489860493227,0.37573320030211743,0.38712299156476365,,,,,,1.4392195138721404,0.28374325134973005,0.3547418967587035,0.3152950995790133,,,,,,
raw,1,1659,1.604921817779541,0.4375,0.375,0.40384615384615385,0.4003731516467843,0.37571120429305394,0.3876503316180224,,,,,,1.4390508496081955,0.28374325134973005,0.3547418967587035,0.3152950995790133,,,,,,
raw,1,1660,1.4462594985961914,0.375,0.375,0.375,0.39961195709738073,0.3756898681642623,0.38728185227246953,,,,,,1.438857759879518,0.28374325134973005,0.3547418967587035,0.3152950995790133,,,,,,
raw,1,1661,1.4693607091903687,0.4375,0.375,0.40384615384615385,0.4007485983844593,0.3756691721193345,0.38780383423060216,,,,,,1.4386481254665908,0.28374325134973005,0.3547418967587035,0.3152950995790133,,,,,,
raw,1,1662,1.5937232971191406,0.5,0.375,0.42857142857142855,0.40372614043292554,0.37564909695575444,0.3891818800381695,,,,,,1.4384546389891688,0.28374325134973005,0.3547418967587035,0.3152950995790133,,,,,,
raw,1,1663,1.6988983154296875,0.375,0.375,0.375,0.40286435621993777,0.3756296240470818,0.3887706019690998,,,,,,1.4382476026458197,0.28374325134973005,0.3547418967587035,0.3152950995790133,,,,,,
raw,1,1664,1.6921195983886719,0.375,0.375,0.375,0.4020284255333396,0.37561073532566935,0.38837085408505345,,,,,,1.4380369505408646,0.28374325134973005,0.3547418967587035,0.3152950995790133,,,,,,
raw,1,1665,2.070443630218506,0.4375,0.375,0.40384615384615385,0.4030925727673394,0.3755924132658993,0.38885689307173205,,,,,,1.437836194654658,0.28374325134973005,0.3547418967587035,0.3152950995790133,,,,,,
raw,1,1666,1.5760345458984375,0.375,0.375,0.375,0.40224979558431917,0.37557464086792236,0.38845481174350294,,,,,,1.4376548034213694,0.28374325134973005,0.3547418967587035,0.3152950995790133,,,,,,
raw,1,1667,1.496228814125061,0.4375,0.375,0.40384615384615385,0.4033073017167896,0.37555740164188467,0.3889380059021781,,,,,,1.437442960527899,0.28374325134973005,0.3547418967587035,0.3152950995790133,,,,,,
raw,1,1668,1.7860392332077026,0.4375,0.375,0.40384615384615385,0.4043330826652859,0.37554067959262816,0.3894053832668554,,,,,,1.4372377870503632,0.28374325134973005,0.3547418967587035,0.3152950995790133,,,,,,
raw,1,1669,2.0252761840820312,0.375,0.5,0.42857142857142855,0.40345309018532727,0.3792744592048493,0.3909903330061215,,,,,,1.437029163750755,0.28374325134973005,0.3547418967587035,0.3152950995790133,,,,,,
raw,1,1670,1.7730116844177246,0.4375,0.375,0.40384615384615385,0.40447449747976744,0.3791462254287038,0.39140102990752024,,,,,,1.436802331497004,0.28374325134973005,0.3547418967587035,0.3152950995790133,,,,,,
raw,1,1671,1.624746322631836,0.375,0.375,0.375,0.40359026255537445,0.3790218386658427,0.3909204141941298,,,,,,1.4366051888689433,0.28374325134973005,0.3547418967587035,0.3152950995790133,,,,,,
raw,1,1672,1.1884584426879883,0.375,0.375,0.375,0.40273255467871316,0.37890118350586743,0.39045356961823163,,,,,,1.4364150564593277,0.28374325134973005,0.3547418967587035,0.3152950995790133,,,,,,
raw,1,1673,1.9072680473327637,0.4375,0.4375,0.4375,0.40377557803835173,0.3806591480006914,0.3918767551142696,,,,,,1.4362123932456703,0.28374325134973005,0.3547418967587035,0.3152950995790133,,,,,,
raw,1,1674,1.611163854598999,0.375,0.375,0.375,0.40291231069720124,0.3804893735606707,0.39137994154885547,,,,,,1.4360035877538808,0.28374325134973005,0.3547418967587035,0.3152950995790133,,,,,,
raw,1,1675,1.8904876708984375,0.375,0.4375,0.40384615384615385,0.4020749413762852,0.38219969235385054,0.39188547554143294,,,,,,1.4358452211343335,0.28374325134973005,0.3547418967587035,0.3152950995790133,,,,,,
raw,1,1676,1.7741546630859375,0.4375,0.3125,0.3645833333333333,0.40313769313499664,0.380108701583235,0.39128464843283456,,,,,,1.4356400676610985,0.28374325134973005,0.3547418967587035,0.3152950995790133,,,,,,
raw,1,1677,1.4902349710464478,0.375,0.375,0.375,0.4022935623409467,0.37995544053573793,0.3908055546043104,,,,,,1.4354428825879566,0.28374325134973005,0.3547418967587035,0.3152950995790133,,,,,,
raw,1,1678,1.4133574962615967,0.375,0.375,0.375,0.4014747554707183,0.37980677731966583,0.3903402977053219,,,,,,1.4352529806912986,0.28374325134973005,0.3547418967587035,0.3152950995790133,,,,,,
raw,1,1679,1.759150505065918,0.4375,0.4375,0.4375,0.40255551280659674,0.3815375740000758,0.3917648461411695,,,,,,1.4350462995830882,0.28374325134973005,0.3547418967587035,0.3152950995790133,,,,,,
raw,1,1680,1.6595205068588257,0.3333333432674408,0.5,0.4000000071525573,0.400478847720422,0.38509144678007357,0.3926344464731457,,,,,,1.4345201619047656,0.28374325134973005,0.3547418967587035,0.3152950995790133,,,,,,
raw,1,1681,1.534581184387207,0.375,0.4375,0.40384615384615385,0.39971448228880935,0.38666370337667133,0.3930807970831136,,,,,,1.434353324390242,0.28374325134973005,0.3547418967587035,0.3152950995790133,,,,,,
raw,1,1682,1.6854593753814697,0.4375,0.3125,0.3645833333333333,0.40084804782014505,0.3844387922753712,0.39247197717250193,,,,,,1.4341736920927508,0.28374325134973005,0.3547418967587035,0.3152950995790133,,,,,,
raw,1,1683,1.6164708137512207,0.375,0.375,0.375,0.40007260638554065,0.38415562850711005,0.39195258909685377,,,,,,1.4339672669637549,0.28374325134973005,0.3547418967587035,0.3152950995790133,,,,,,
raw,1,1684,1.6114237308502197,0.4375,0.375,0.40384615384615385,0.4011954281939744,0.3838809596518967,0.39234726293485866,,,,,,1.4337495123515451,0.28374325134973005,0.3547418967587035,0.3152950995790133,,,,,,
raw,1,1685,1.8316125869750977,0.375,0.375,0.375,0.4004095653481552,0.3836145308623399,0.3918321600222517,,,,,,1.4335554062314566,0.28374325134973005,0.3547418967587035,0.3152950995790133,,,,,,
raw,1,1686,1.3827440738677979,0.5,0.375,0.42857142857142855,0.40339727838771056,0.3833560949364697,0.39312142939358347,,,,,,1.4333551223606185,0.28374325134973005,0.3547418967587035,0.3152950995790133,,,,,,
raw,1,1687,1.4369654655456543,0.375,0.3125,0.3409090909090909,0.4025453600360792,0.38123041208837566,0.3915980538026886,,,,,,1.4331613103734482,0.28374325134973005,0.3547418967587035,0.3152950995790133,,,,,,
raw,1,1688,1.5141417980194092,0.375,0.375,0.375,0.4017189992349969,0.3810434997257244,0.39110819329759416,,,,,,1.4329767321090032,0.28374325134973005,0.3547418967587035,0.3152950995790133,,,,,,
raw,1,1689,1.8312840461730957,0.4375,0.4375,0.4375,0.40279242925794695,0.3827371947339526,0.39250879846092324,,,,,,1.4327818151568954,0.28374325134973005,0.3547418967587035,0.3152950995790133,,,,,,
raw,1,1690,1.6336233615875244,0.375,0.375,0.375,0.40195865638020856,0.3825050788919341,0.391990657201429,,,,,,1.4325669756804724,0.28374325134973005,0.3547418967587035,0.3152950995790133,,,,,,
raw,1,1691,2.167715549468994,0.4375,0.375,0.40384615384615385,0.4030248966888023,0.38227992652517606,0.3923784073131352,,,,,,1.4323691710230653,0.28374325134973005,0.3547418967587035,0.3152950995790133,,,,,,
raw,1,1692,1.6678199768066406,0.3125,0.375,0.3409090909090909,0.40030914978813825,0.3820615287294208,0.39097254008094384,,,,,,1.4321762984633595,0.28374325134973005,0.3547418967587035,0.3152950995790133,,,,,,
raw,1,1693,1.8746604919433594,0.375,0.375,0.375,0.39954987529449415,0.3818496828675382,0.390499307498534,,,,,,1.431988233313647,0.28374325134973005,0.3547418967587035,0.3152950995790133,,,,,,
raw,1,1694,1.5139875411987305,0.5,0.375,0.42857142857142855,0.4025633790356593,0.38164419238151204,0.3918247700587621,,,,,,1.431793265643448,0.28374325134973005,0.3547418967587035,0.3152950995790133,,,,,,
raw,1,1695,2.1599044799804688,0.375,0.4375,0.40384615384615385,0.40173647766458953,0.3833198666100667,0.3923121547997146,,,,,,1.4316146175811224,0.28374325134973005,0.3547418967587035,0.3152950995790133,,,,,,
raw,1,1696,1.4842603206634521,0.4375,0.375,0.40384615384615385,0.4028093833346518,0.3830702706117647,0.39269193114772766,,,,,,1.431407244457548,0.28374325134973005,0.3547418967587035,0.3152950995790133,,,,,,
raw,1,1697,1.599130630493164,0.375,0.375,0.375,0.40197510183461227,0.3828281624934118,0.39216806707655694,,,,,,1.4311933645845623,0.28374325134973005,0.3547418967587035,0.3152950995790133,,,,,,
raw,1,1698,1.7382898330688477,0.4375,0.3125,0.3645833333333333,0.4030408487795739,0.3807183176186094,0.3915616951163773,,,,,,1.4309915707302692,0.28374325134973005,0.3547418967587035,0.3152950995790133,,,,,,
raw,1,1699,1.6393299102783203,0.375,0.375,0.375,0.40219962331618675,0.38054676809005117,0.39107370780730016,,,,,,1.4308039113596251,0.28374325134973005,0.3547418967587035,0.3152950995790133,,,,,,
raw,1,1700,1.7939672470092773,0.375,0.3125,0.3409090909090909,0.4013836346167011,0.37850536504734966,0.38960892950168774,,,,,,1.4306070904705934,0.28374325134973005,0.3547418967587035,0.3152950995790133,,,,,,
raw,1,1701,1.5629112720489502,0.4375,0.375,0.40384615384615385,0.4024671255782001,0.3784002040959292,0.39006278447901743,,,,,,1.430419215931804,0.28374325134973005,0.3547418967587035,0.3152950995790133,,,,,,
raw,1,1702,1.233421802520752,0.375,0.375,0.375,0.4016431118108541,0.3782981979730513,0.389621279243261,,,,,,1.4302040975323178,0.28374325134973005,0.3547418967587035,0.3152950995790133,,,,,,
raw,1,1703,1.6682966947555542,0.4375,0.375,0.40384615384615385,0.40271881845652846,0.37819925203385973,0.3900740978488946,,,,,,1.4300269797416298,0.28374325134973005,0.3547418967587035,0.3152950995790133,,,,,,
raw,1,1704,1.8420673608779907,0.4375,0.375,0.40384615384615385,0.4037622539028326,0.378103274472844,0.3905117306459476,,,,,,1.4298309870305168,0.28374325134973005,0.3547418967587035,0.3152950995790133,,,,,,
raw,1,1705,1.498681902885437,0.4375,0.4375,0.4375,0.40477438628574763,0.37988517623865864,0.3919350414244733,,,,,,1.4296439099120273,0.28374325134973005,0.3547418967587035,0.3152950995790133,,,,,,
raw,1,1706,1.5875015258789062,0.375,0.375,0.375,0.4038811546971752,0.3797386209514989,0.3914379842852906,,,,,,1.4294561699296628,0.28374325134973005,0.3547418967587035,0.3152950995790133,,,,,,
raw,1,1707,1.7070260047912598,0.375,0.375,0.375,0.40301472005625993,0.37959646232295396,0.390955216183722,,,,,,1.4292730254833086,0.28374325134973005,0.3547418967587035,0.3152950995790133,,,,,,
raw,1,1708,1.5886523723602295,0.4375,0.375,0.40384615384615385,0.4040492784545721,0.3794585684532653,0.3913680287747813,,,,,,1.4290644368852436,0.28374325134973005,0.3547418967587035,0.3152950995790133,,,,,,
raw,1,1709,1.8760528564453125,0.375,0.3125,0.3409090909090909,0.40317780010093496,0.3774498113996674,0.38988983317178827,,,,,,1.4288781826214187,0.28374325134973005,0.3547418967587035,0.3152950995790133,,,,,,
raw,1,1710,1.4920811653137207,0.4375,0.375,0.40384615384615385,0.4042074660979069,0.3773763170576774,0.39033134558494126,,,,,,1.4286851633333313,0.28374325134973005,0.3547418967587035,0.3152950995790133,,,,,,
raw,1,1711,1.9429969787597656,0.375,0.3125,0.3409090909090909,0.40333124211496973,0.37543002754594706,0.3888808168472364,,,,,,1.4285145510812418,0.28374325134973005,0.3547418967587035,0.3152950995790133,,,,,,
raw,1,1712,1.5999935865402222,0.3125,0.375,0.3409090909090909,0.40060630485152066,0.3754171267195686,0.3876029042283481,,,,,,1.4283578352803752,0.28374325134973005,0.3547418967587035,0.3152950995790133,,,,,,
raw,1,1713,2.071695327758789,0.4375,0.375,0.40384615384615385,0.401713115705975,0.37540461291798155,0.38811354097585304,,,,,,1.4281837427904294,0.28374325134973005,0.3547418967587035,0.3152950995790133,,,,,,
raw,1,1714,1.7595100402832031,0.4375,0.375,0.40384615384615385,0.4027867222347957,0.3753924745304421,0.38860741843588753,,,,,,1.4280049720536807,0.28374325134973005,0.3547418967587035,0.3152950995790133,,,,,,
raw,1,1715,1.9631775617599487,0.4375,0.375,0.40384615384615385,0.40382812056775186,0.37538070029452886,0.3890851300415101,,,,,,1.4278206832069953,0.28374325134973005,0.3547418967587035,0.3152950995790133,,,,,,
raw,1,1716,2.0118370056152344,0.375,0.375,0.375,0.4029632769507193,0.37536927928569297,0.3886771371327517,,,,,,1.4276160614219093,0.28374325134973005,0.3547418967587035,0.3152950995790133,,,,,,
raw,1,1717,1.8282523155212402,0.4375,0.375,0.40384615384615385,0.4039993786421977,0.37535820090712213,0.3891525120533817,,,,,,1.4274340394874805,0.28374325134973005,0.3547418967587035,0.3152950995790133,,,,,,
raw,1,1718,1.8550548553466797,0.375,0.375,0.375,0.40312939728293173,0.3753474548799085,0.38874269115909044,,,,,,1.427245456984871,0.28374325134973005,0.3547418967587035,0.3152950995790133,,,,,,
raw,1,1719,1.5667781829833984,0.375,0.375,0.375,0.4022855153644438,0.37533703123351125,0.3883443238772225,,,,,,1.4270694634671337,0.28374325134973005,0.3547418967587035,0.3152950995790133,,,,,,
raw,1,1720,1.9276249408721924,0.4375,0.375,0.40384615384615385,0.40334194990351047,0.37532692029650594,0.38883047127538545,,,,,,1.4268953443023302,0.28374325134973005,0.3547418967587035,0.3152950995790133,,,,,,
raw,1,1721,1.8362187147140503,0.375,0.375,0.375,0.40249169140640517,0.3753171126876108,0.38842969815791784,,,,,,1.426704604299826,0.28374325134973005,0.3547418967587035,0.3152950995790133,,,,,,
raw,1,1722,1.6633758544921875,0.4375,0.5,0.4666666666666667,0.403541940664213,0.37905759930698246,0.39091676249512597,,,,,,1.4265053491289215,0.28374325134973005,0.3547418967587035,0.3152950995790133,,,,,,
raw,1,1723,1.6824922561645508,0.375,0.375,0.375,0.4026856824442866,0.37893587132777296,0.3904499542312885,,,,,,1.4263276172954145,0.28374325134973005,0.3547418967587035,0.3152950995790133,,,,,,
raw,1,1724,2.2221031188964844,0.4375,0.5,0.4666666666666667,0.403730111970958,0.38256779518793976,0.39286417369669235,,,,,,1.4261472697215778,0.28374325134973005,0.3547418967587035,0.3152950995790133,,,,,,
raw,1,1725,1.6008281707763672,0.375,0.375,0.375,0.40286820861182926,0.38234076133230155,0.39233616398495047,,,,,,1.4259789940289835,0.28374325134973005,0.3547418967587035,0.3152950995790133,,,,,,
raw,1,1726,1.330854892730713,0.375,0.375,0.375,0.4020321623534744,0.3821205384923325,0.3918235471332126,,,,,,1.425791732271148,0.28374325134973005,0.3547418967587035,0.3152950995790133,,,,,,
raw,1,1727,1.6646728515625,0.4375,0.375,0.40384615384615385,0.4030961974828701,0.3819069223375625,0.3922155830969737,,,,,,1.425607088129704,0.28374325134973005,0.3547418967587035,0.3152950995790133,,,,,,
raw,1,1728,1.5115971565246582,0.375,0.375,0.375,0.40225331155838406,0.3816997146674357,0.3917070771065273,,,,,,1.4254391100694446,0.28374325134973005,0.3547418967587035,0.3152950995790133,,,,,,
raw,1,1729,1.846144199371338,0.4375,0.375,0.40384615384615385,0.4033107122116325,0.38149872322741263,0.3921016104670075,,,,,,1.4252404021399674,0.28374325134973005,0.3547418967587035,0.3152950995790133,,,,,,
raw,1,1730,1.6322016716003418,0.375,0.375,0.375,0.40246139084528354,0.3813037615305902,0.39159700258412133,,,,,,1.4250456375144527,0.28374325134973005,0.3547418967587035,0.3152950995790133,,,,,,
raw,1,1731,1.6494371891021729,0.375,0.375,0.375,0.401637549119925,0.3811146486846725,0.3911070549804442,,,,,,1.4248660080300428,0.28374325134973005,0.3547418967587035,0.3152950995790133,,,,,,
raw,1,1732,2.1903247833251953,0.4375,0.3125,0.3645833333333333,0.40271342264632726,0.3790562092241323,0.3905268692178802,,,,,,1.4246856407621227,0.28374325134973005,0.3547418967587035,0.3152950995790133,,,,,,
raw,1,1733,1.4307206869125366,0.375,0.375,0.375,0.4018820199669374,0.37893452294740837,0.39007106829194804,,,,,,1.4244887413156357,0.28374325134973005,0.3547418967587035,0.3152950995790133,,,,,,
raw,1,1734,1.5991010665893555,0.375,0.375,0.375,0.40107555936792927,0.3788164872589861,0.3896283727531692,,,,,,1.424309124625145,0.28374325134973005,0.3547418967587035,0.3152950995790133,,,,,,
raw,1,1735,1.710188627243042,0.375,0.375,0.375,0.4002932925868914,0.3787019926412165,0.38919842114109754,,,,,,1.4241126885302569,0.28374325134973005,0.3547418967587035,0.3152950995790133,,,,,,
raw,1,1736,1.5988209247589111,0.5,0.375,0.42857142857142855,0.40328449380928466,0.37859093286198,0.39054777145265596,,,,,,1.423918545794931,0.28374325134973005,0.3547418967587035,0.3152950995790133,,,,,,
raw,1,1737,1.3651055097579956,0.375,0.375,0.375,0.40243595899500617,0.3784832048761205,0.39009223634051116,,,,,,1.4237325046632103,0.28374325134973005,0.3547418967587035,0.3152950995790133,,,,,,
raw,1,1738,1.7255067825317383,0.375,0.375,0.375,0.40161288022515595,0.3783787087298369,0.38964974797345836,,,,,,1.4235491848101318,0.28374325134973005,0.3547418967587035,0.3152950995790133,,,,,,
raw,1,1739,1.4703139066696167,0.4375,0.4375,0.4375,0.40268949381840125,0.3801523474679418,0.3910965109483681,,,,,,1.423360712708456,0.28374325134973005,0.3547418967587035,0.3152950995790133,,,,,,
raw,1,1740,1.6234169006347656,0.375,0.375,0.375,0.4018588090038492,0.3799977770439036,0.3906226712980497,,,,,,1.4231996612069022,0.28374325134973005,0.3547418967587035,0.3152950995790133,,,,,,
raw,1,1741,1.5663468837738037,0.4375,0.375,0.40384615384615385,0.40292804473373367,0.3798478437325865,0.39104768357483993,,,,,,1.423027829925331,0.28374325134973005,0.3547418967587035,0.3152950995790133,,,,,,
raw,1,1742,1.56280517578125,0.3125,0.375,0.3409090909090909,0.4002152033917217,0.3797024084206089,0.3896890500042893,,,,,,1.422848723134327,0.28374325134973005,0.3547418967587035,0.3152950995790133,,,,,,
raw,1,1743,1.6734189987182617,0.4375,0.375,0.40384615384615385,0.40133374728997,0.3795613361679906,0.39014401959386485,,,,,,1.4226669229489441,0.28374325134973005,0.3547418967587035,0.3152950995790133,,,,,,
raw,1,1744,1.5345696210861206,0.375,0.375,0.375,0.40054373487127093,0.3794244960829509,0.38969819213478935,,,,,,1.4224854509174367,0.28374325134973005,0.3547418967587035,0.3152950995790133,,,,,,
raw,1,1745,1.9886435270309448,0.375,0.375,0.375,0.39977742282513284,0.3792917612004624,0.389265256284466,,,,,,1.4222780557020092,0.28374325134973005,0.3547418967587035,0.3152950995790133,,,,,,
raw,1,1746,1.6022369861602783,0.375,0.375,0.375,0.3990341001403789,0.3791630083644485,0.3888448522763642,,,,,,1.42209507176403,0.28374325134973005,0.3547418967587035,0.3152950995790133,,,,,,
raw,1,1747,2.14662766456604,0.375,0.375,0.375,0.3983130771361675,0.37903811811351507,0.3884366296734216,,,,,,1.4218965609044054,0.28374325134973005,0.3547418967587035,0.3152950995790133,,,,,,
raw,1,1748,1.340155839920044,0.4375,0.375,0.40384615384615385,0.39948868482208244,0.37891697457010964,0.3889309950443403,,,,,,1.4217149016018351,0.28374325134973005,0.3547418967587035,0.3152950995790133,,,,,,
raw,1,1749,1.8357186317443848,0.3125,0.375,0.3409090909090909,0.39687902427742,0.37879946533300635,0.38762854510424,,,,,,1.4215257630074347,0.28374325134973005,0.3547418967587035,0.3152950995790133,,,,,,
raw,1,1750,1.8791446685791016,0.375,0.375,0.375,0.39622265354909736,0.37868548137301616,0.38725562302998595,,,,,,1.4213397012571471,0.28374325134973005,0.3547418967587035,0.3152950995790133,,,,,,
raw,1,1751,1.558939814567566,0.375,0.375,0.375,0.3955859739426244,0.37857491693182566,0.38689354884761706,,,,,,1.4211375761850396,0.28374325134973005,0.3547418967587035,0.3152950995790133,,,,,,
raw,1,1752,1.7479915618896484,0.3125,0.3125,0.3125,0.3930933947243457,0.3765926694238709,0.38466615870448123,,,,,,1.4209665789954362,0.28374325134973005,0.3547418967587035,0.3152950995790133,,,,,,
raw,1,1753,1.5911823511123657,0.4375,0.4375,0.4375,0.3944255928826153,0.3784198893411547,0.386257001289534,,,,,,1.4207826856816883,0.28374325134973005,0.3547418967587035,0.3152950995790133,,,,,,
raw,1,1754,1.3472743034362793,0.375,0.25,0.3,0.3938428250961369,0.3745672926609201,0.38396329595657114,,,,,,1.4205889277080987,0.28374325134973005,0.3547418967587035,0.3152950995790133,,,,,,
raw,1,1755,1.6623833179473877,0.375,0.4375,0.40384615384615385,0.3932775403432528,0.37645527388109246,0.38468258446378445,,,,,,1.420428006894589,0.28374325134973005,0.3547418967587035,0.3152950995790133,,,,,,
raw,1,1756,1.5442018508911133,0.375,0.375,0.375,0.39272921413295525,0.37641161566465964,0.3843973230478374,,,,,,1.42024881571754,0.28374325134973005,0.3547418967587035,0.3152950995790133,,,,,,
raw,1,1757,1.7548844814300537,0.375,0.375,0.375,0.3921973377089666,0.37636926719471986,0.38412031864887447,,,,,,1.4200727168468998,0.28374325134973005,0.3547418967587035,0.3152950995790133,,,,,,
raw,1,1758,1.7575042247772217,0.4375,0.375,0.40384615384615385,0.3935564175776976,0.3763281891788782,0.38474953952045965,,,,,,1.41990195136519,0.28374325134973005,0.3547418967587035,0.3152950995790133,,,,,,
raw,1,1759,1.7534043788909912,0.375,0.3125,0.3409090909090909,0.3929997250503666,0.3744133435035119,0.38348145759193036,,,,,,1.4197102812393454,0.28374325134973005,0.3547418967587035,0.3152950995790133,,,,,,
raw,1,1760,1.5538108348846436,0.4375,0.375,0.40384615384615385,0.3943347332988556,0.37443094319840653,0.3841251779026543,,,,,,1.4195340215340944,0.28374325134973005,0.3547418967587035,0.3152950995790133,,,,,,
raw,1,1761,1.4293749332427979,0.375,0.375,0.375,0.39375469129988994,0.3744480149024544,0.38385874281712484,,,,,,1.4193569348665513,0.28374325134973005,0.3547418967587035,0.3152950995790133,,,,,,
raw,1,1762,1.5953247547149658,0.4375,0.375,0.40384615384615385,0.39506705056089325,0.3744645744553807,0.38449002005992583,,,,,,1.4191780148694708,0.28374325134973005,0.3547418967587035,0.3152950995790133,,,,,,
raw,1,1763,1.7591056823730469,0.375,0.375,0.375,0.3944650390440665,0.3744806372217193,0.3842131472805192,,,,,,1.4189795549064104,0.28374325134973005,0.3547418967587035,0.3152950995790133,,,,,,
raw,1,1764,1.783416748046875,0.375,0.375,0.375,0.39388108787274445,0.3744962181050677,0.38394412912479253,,,,,,1.4188257996031755,0.28374325134973005,0.3547418967587035,0.3152950995790133,,,,,,
raw,1,1765,1.417641282081604,0.4375,0.4375,0.4375,0.39518965523656213,0.3763863315619157,0.38555887469462463,,,,,,1.418645638470253,0.28374325134973005,0.3547418967587035,0.3152950995790133,,,,,,
raw,1,1766,1.5407028198242188,0.375,0.375,0.375,0.3945839655794653,0.37634474161505826,0.3852485948067801,,,,,,1.4184518762740688,0.28374325134973005,0.3547418967587035,0.3152950995790133,,,,,,
raw,1,1767,1.312309980392456,0.4375,0.375,0.40384615384615385,0.39587144661208135,0.37630439936660653,0.3858400070904587,,,,,,1.418275868138085,0.28374325134973005,0.3547418967587035,0.3152950995790133,,,,,,
raw,1,1768,1.483572006225586,0.375,0.3125,0.3409090909090909,0.39524530321371887,0.3743902673856084,0.3845352278555911,,,,,,1.4180999813348427,0.28374325134973005,0.3547418967587035,0.3152950995790133,,,,,,
raw,1,1769,1.9209157228469849,0.4375,0.3125,0.3645833333333333,0.3965129441173073,0.37253355936404015,0.3841494051068602,,,,,,1.417923819163374,0.28374325134973005,0.3547418967587035,0.3152950995790133,,,,,,
raw,1,1770,1.9047245979309082,0.4375,0.375,0.40384615384615385,0.3977425557937881,0.37260755258311895,0.384765001421841,,,,,,1.4177523005084778,0.28374325134973005,0.3547418967587035,0.3152950995790133,,,,,,
raw,1,1771,1.618298053741455,0.375,0.3125,0.3409090909090909,0.39706027911997444,0.3708043260056254,0.383483411528273,,,,,,1.4175752134952047,0.28374325134973005,0.3547418967587035,0.3152950995790133,,,,,,
raw,1,1772,1.8293018341064453,0.4375,0.4375,0.4375,0.3982734707463752,0.37280519622545666,0.38511873242738826,,,,,,1.4174099709367924,0.28374325134973005,0.3547418967587035,0.3152950995790133,,,,,,
raw,1,1773,1.619537353515625,0.375,0.375,0.375,0.3975752666239839,0.372871040338693,0.3848270851305401,,,,,,1.4172396007896217,0.28374325134973005,0.3547418967587035,0.3152950995790133,,,,,,
raw,1,1774,2.0163803100585938,0.375,0.375,0.375,0.39689800862526436,0.3729349091285322,0.3845435012361899,,,,,,1.4170567621195016,0.28374325134973005,0.3547418967587035,0.3152950995790133,,,,,,
raw,1,1775,1.7601568698883057,0.3125,0.375,0.3409090909090909,0.39436606836650645,0.3729968618546763,0.383383924684177,,,,,,1.41688182366197,0.28374325134973005,0.3547418967587035,0.3152950995790133,,,,,,
raw,1,1776,2.0484442710876465,0.4375,0.375,0.40384615384615385,0.39566008631551125,0.373056955999036,0.38402621325203623,,,,,,1.4167030580518027,0.28374325134973005,0.3547418967587035,0.3152950995790133,,,,,,
raw,1,1777,1.8035917282104492,0.5,0.375,0.42857142857142855,0.3987902837260459,0.37311524731906487,0.3855257654117987,,,,,,1.416524709060212,0.28374325134973005,0.3547418967587035,0.3152950995790133,,,,,,
raw,1,1778,2.0023040771484375,0.4375,0.375,0.40384615384615385,0.3999515752142645,0.37317178989949296,0.386097877597757,,,,,,1.416350691732282,0.28374325134973005,0.3547418967587035,0.3152950995790133,,,,,,
raw,1,1779,1.645670771598816,0.4375,0.375,0.40384615384615385,0.40107802795783654,0.3732266362025082,0.3866514310404311,,,,,,1.4161608582911727,0.28374325134973005,0.3547418967587035,0.3152950995790133,,,,,,
raw,1,1780,1.3386996984481812,0.375,0.375,0.375,0.40029568711910146,0.373279837116433,0.3863160201038973,,,,,,1.4159995757865218,0.28374325134973005,0.3547418967587035,0.3152950995790133,,,,,,
raw,1,1781,1.8497631549835205,0.4375,0.375,0.40384615384615385,0.40141181650552843,0.37333144200294,0.386862746199399,,,,,,1.4158163787759672,0.28374325134973005,0.3547418967587035,0.3152950995790133,,,,,,
raw,1,1782,1.7665739059448242,0.375,0.375,0.375,0.4006194620103626,0.37338149874285176,0.3865212131143028,,,,,,1.4156297199775563,0.28374325134973005,0.3547418967587035,0.3152950995790133,,,,,,
raw,1,1783,1.9124813079833984,0.4375,0.375,0.40384615384615385,0.4017258781500517,0.37343005378056615,0.3870615191165087,,,,,,1.4154671642736982,0.28374325134973005,0.3547418967587035,0.3152950995790133,,,,,,
raw,1,1784,1.740013599395752,0.4375,0.375,0.40384615384615385,0.4027991018055501,0.37347715216714916,0.38758434427935784,,,,,,1.4152891409753363,0.28374325134973005,0.3547418967587035,0.3152950995790133,,,,,,
raw,1,1785,1.8597309589385986,0.3333333432674408,0.5,0.4000000071525573,0.4007151290494068,0.3772728376021347,0.3886408023950527,,,,,,1.414806767114846,0.28374325134973005,0.3547418967587035,0.3152950995790133,,,,,,
raw,1,1786,1.9710376262664795,0.375,0.375,0.375,0.3999436751779246,0.37720465247407065,0.38824149685939124,,,,,,1.4146279861702113,0.28374325134973005,0.3547418967587035,0.3152950995790133,,,,,,
raw,1,1787,1.5826630592346191,0.375,0.375,0.375,0.3991953649225869,0.37713851289984857,0.38785360418820036,,,,,,1.4144585476776754,0.28374325134973005,0.3547418967587035,0.3152950995790133,,,,,,
raw,1,1788,1.6340703964233398,0.4375,0.375,0.40384615384615385,0.4003445039749093,0.3770743575128531,0.388361163070436,,,,,,1.4142596201901556,0.28374325134973005,0.3547418967587035,0.3152950995790133,,,,,,
raw,1,1789,1.90035879611969,0.5,0.375,0.42857142857142855,0.40333416885566203,0.37701212678746754,0.38972921036552244,,,,,,1.4140730072107324,0.28374325134973005,0.3547418967587035,0.3152950995790133,,,,,,
raw,1,1790,1.8501081466674805,0.375,0.3125,0.3409090909090909,0.4024841437899922,0.3750767629838435,0.3882974272238807,,,,,,1.413890209217878,0.28374325134973005,0.3547418967587035,0.3152950995790133,,,,,,
raw,1,1791,1.7963327169418335,0.375,0.375,0.375,0.4016596194762925,0.3750744600943282,0.3879120766789181,,,,,,1.4137109440535995,0.28374325134973005,0.3547418967587035,0.3152950995790133,,,,,,
raw,1,1792,1.647719144821167,0.4375,0.375,0.40384615384615385,0.4027348308920037,0.3750722262914984,0.3884116201639368,,,,,,1.4135219311942007,0.28374325134973005,0.3547418967587035,0.3152950995790133,,,,,,
raw,1,1793,1.7133595943450928,0.3125,0.375,0.3409090909090909,0.4000277859652436,0.3750700595027534,0.3871471101668377,,,,,,1.413368144004467,0.28374325134973005,0.3547418967587035,0.3152950995790133,,,,,,
raw,1,1794,1.7812904119491577,0.4375,0.375,0.40384615384615385,0.40115195238628626,0.37506795771767076,0.3876716934401492,,,,,,1.4131961822185113,0.28374325134973005,0.3547418967587035,0.3152950995790133,,,,,,
raw,1,1795,1.6829895973205566,0.375,0.375,0.375,0.40036739381469766,0.3750659189861406,0.38730387775270547,,,,,,1.4130113135376028,0.28374325134973005,0.3547418967587035,0.3152950995790133,,,,,,
raw,1,1796,1.6260662078857422,0.4375,0.375,0.40384615384615385,0.40148137200025674,0.3750639414165564,0.3878233071169616,,,,,,1.4128404168151452,0.28374325134973005,0.3547418967587035,0.3152950995790133,,,,,,
raw,1,1797,1.5817451477050781,0.375,0.375,0.375,0.4006869308402491,0.3750620231740597,0.3874512499505771,,,,,,1.4126412747356722,0.28374325134973005,0.3547418967587035,0.3152950995790133,,,,,,
raw,1,1798,1.6062073707580566,0.3125,0.375,0.3409090909090909,0.39804132291504163,0.3750601624788379,0.3862091745167121,,,,,,1.4124335126807566,0.28374325134973005,0.3547418967587035,0.3152950995790133,,,,,,
raw,1,1799,1.8199373483657837,0.5,0.375,0.42857142857142855,0.4011000832275904,0.3750583576044727,0.3876423434604046,,,,,,1.412258997053919,0.28374325134973005,0.3547418967587035,0.3152950995790133,,,,,,
raw,1,1800,1.7786927223205566,0.375,0.375,0.375,0.40031708073076266,0.37505660687633857,0.3872753702459946,,,,,,1.45095756905556,0.28374325134973005,0.3547418967587035,0.3152950995790133,,,,0.40671865626874626,0.3739495798319328,0.38964636599327795
raw,1,1801,1.768962025642395,0.5,0.375,0.42857142857142855,0.4033075683088398,0.3750549086700484,0.38866848716838637,,,,,,1.4507912018878422,0.28374325134973005,0.3547418967587035,0.3152950995790133,,,,,,
raw,1,1802,1.8418645858764648,0.375,0.375,0.375,0.4024583412595746,0.375053261409947,0.3882728256473332,,,,,,1.4506052548834676,0.28374325134973005,0.3547418967587035,0.3152950995790133,,,,,,
raw,1,1803,1.7221585512161255,0.375,0.375,0.375,0.40163459102178733,0.37505166356764863,0.38788821256701655,,,,,,1.4504189534109808,0.28374325134973005,0.3547418967587035,0.3152950995790133,,,,,,
raw,1,1804,2.198683023452759,0.4375,0.375,0.40384615384615385,0.4027105532911337,0.37505011366061913,0.3883884727061926,,,,,,1.4502229874722863,0.28374325134973005,0.3547418967587035,0.3152950995790133,,,,,,
raw,1,1805,1.5037288665771484,0.375,0.375,0.375,0.40187923669239967,0.3750486102508006,0.388000635588381,,,,,,1.4500457566204965,0.28374325134973005,0.3547418967587035,0.3152950995790133,,,,,,
raw,1,1806,1.531058669090271,0.4375,0.375,0.40384615384615385,0.40294785959162766,0.37504715194327654,0.38849721368605244,,,,,,1.4498529952380963,0.28374325134973005,0.3547418967587035,0.3152950995790133,,,,,,
raw,1,1807,1.6069252490997314,0.375,0.4375,0.40384615384615385,0.4021094238038788,0.3769207373849782,0.3891078627772509,,,,,,1.449657197011624,0.28374325134973005,0.3547418967587035,0.3152950995790133,,,,,,
raw,1,1808,1.5030909776687622,0.375,0.375,0.375,0.4012961410897624,0.37686311526342886,0.3886960481149589,,,,,,1.449454851216816,0.28374325134973005,0.3547418967587035,0.3152950995790133,,,,,,
raw,1,1809,1.5086055994033813,0.4375,0.375,0.40384615384615385,0.4023822568570695,0.37680722180552595,0.38917501958674316,,,,,,1.4492661150912112,0.28374325134973005,0.3547418967587035,0.3152950995790133,,,,,,
raw,1,1810,1.6523456573486328,0.375,0.375,0.375,0.4015607891513574,0.3767530051513601,0.388761538523839,,,,,,1.4490981088950265,0.28374325134973005,0.3547418967587035,0.3152950995790133,,,,,,
raw,1,1811,1.9332313537597656,0.4375,0.375,0.40384615384615385,0.40263896547681666,0.3767004149968193,0.389238037212564,,,,,,1.4489172349530643,0.28374325134973005,0.3547418967587035,0.3152950995790133,,,,,,
raw,1,1812,1.663116455078125,0.375,0.375,0.375,0.40180979651251214,0.3766494025469147,0.3888229979857475,,,,,,1.448726330187638,0.28374325134973005,0.3547418967587035,0.3152950995790133,,,,,,
raw,1,1813,1.8510735034942627,0.5,0.3125,0.38461538461538464,0.4047555026171368,0.37472492047050726,0.3891617262879043,,,,,,1.448546182570328,0.28374325134973005,0.3547418967587035,0.3152950995790133,,,,,,
raw,1,1814,1.782801866531372,0.375,0.375,0.375,0.4038628375386226,0.37473317285639207,0.388753090149671,,,,,,1.448369200220512,0.28374325134973005,0.3547418967587035,0.3152950995790133,,,,,,
raw,1,1815,2.150092124938965,0.375,0.375,0.375,0.4029969524124639,0.37474117767070036,0.3883557889301409,,,,,,1.4481862180165324,0.28374325134973005,0.3547418967587035,0.3152950995790133,,,,,,
raw,1,1816,2.217589855194092,0.4375,0.375,0.40384615384615385,0.40403204384009,0.3747489423405793,0.3888399531769014,,,,,,1.4479799410792953,0.28374325134973005,0.3547418967587035,0.3152950995790133,,,,,,
raw,1,1817,1.6480886936187744,0.375,0.3125,0.3409090909090909,0.40316108252488725,0.37288147407036193,0.38743055380683,,,,,,1.4477845813979129,0.28374325134973005,0.3547418967587035,0.3152950995790133,,,,,,
raw,1,1818,1.2744638919830322,0.4375,0.375,0.40384615384615385,0.40419125004914064,0.37294502984825106,0.38793998353514414,,,,,,1.4476031589108909,0.28374325134973005,0.3547418967587035,0.3152950995790133,,,,,,
raw,1,1819,1.5226869583129883,0.375,0.375,0.375,0.4033155125476664,0.3730066789528035,0.38756944359605294,,,,,,1.4474216216602553,0.28374325134973005,0.3547418967587035,0.3152950995790133,,,,,,
raw,1,1820,1.736135482788086,0.4375,0.4375,0.4375,0.40434104717123637,0.3749414785842194,0.3890866920997775,,,,,,1.4472239657142871,0.28374325134973005,0.3547418967587035,0.3152950995790133,,,,,,
raw,1,1821,1.9371448755264282,0.4375,0.375,0.40384615384615385,0.4053358157560993,0.37494323422669285,0.3895476155892137,,,,,,1.4470356667215822,0.28374325134973005,0.3547418967587035,0.3152950995790133,,,,,,
raw,1,1822,1.576560378074646,0.375,0.375,0.375,0.40442574128341635,0.3749449371998921,0.38912776257537357,,,,,,1.4468425060373207,0.28374325134973005,0.3547418967587035,0.3152950995790133,,,,,,
raw,1,1823,1.5614672899246216,0.4375,0.375,0.40384615384615385,0.40541796904491384,0.37494658908389533,0.38958736160752055,,,,,,1.446657935655512,0.28374325134973005,0.3547418967587035,0.3152950995790133,,,,,,
raw,1,1824,1.6556806564331055,0.375,0.375,0.375,0.4045054299735664,0.3749481914113785,0.38916639867599495,,,,,,1.446487445833331,0.28374325134973005,0.3547418967587035,0.3152950995790133,,,,,,
raw,1,1825,1.8826093673706055,0.375,0.375,0.375,0.4036202670743594,0.37494974566903716,0.3887571162756254,,,,,,1.4463021957260327,0.28374325134973005,0.3547418967587035,0.3152950995790133,,,,,,
raw,1,1826,1.5386619567871094,0.4375,0.375,0.40384615384615385,0.4046366590621286,0.37495125329896606,0.3892287708426585,,,,,,1.4461188404709768,0.28374325134973005,0.3547418967587035,0.3152950995790133,,,,,,
raw,1,1827,1.7629446983337402,0.375,0.375,0.375,0.40374755929026473,0.3749527156999971,0.3888177484334998,,,,,,1.445948149589492,0.28374325134973005,0.3547418967587035,0.3152950995790133,,,,,,
raw,1,1828,1.8643019199371338,0.4375,0.375,0.40384615384615385,0.4047601325115568,0.37495413422899715,0.389287439078717,,,,,,1.445778574945296,0.28374325134973005,0.3547418967587035,0.3152950995790133,,,,,,
raw,1,1829,1.5310707092285156,0.375,0.375,0.375,0.4038673285362101,0.37495551020212725,0.3888747804842991,,,,,,1.4455750634773128,0.28374325134973005,0.3547418967587035,0.3152950995790133,,,,,,
raw,1,1830,1.6251527070999146,0.4375,0.375,0.40384615384615385,0.4048763086801238,0.3749568448960634,0.3893426243285062,,,,,,1.4454018448633899,0.28374325134973005,0.3547418967587035,0.3152950995790133,,,,,,
raw,1,1831,1.974318504333496,0.375,0.4375,0.40384615384615385,0.40398001941972006,0.37683313954918146,0.3899346656352537,,,,,,1.4452083877662516,0.28374325134973005,0.3547418967587035,0.3152950995790133,,,,,,
raw,1,1832,1.5229218006134033,0.375,0.375,0.375,0.4031106188371285,0.37677814536270604,0.3894998320620714,,,,,,1.4450146371179022,0.28374325134973005,0.3547418967587035,0.3152950995790133,,,,,,
raw,1,1833,1.4628255367279053,0.4375,0.375,0.40384615384615385,0.40414230027201464,0.3767248010018248,0.3899522143986504,,,,,,1.444830219967271,0.28374325134973005,0.3547418967587035,0.3152950995790133,,,,,,
raw,1,1834,1.32082998752594,0.375,0.375,0.375,0.40326803126385424,0.3766730569717701,0.38951711714219495,,,,,,1.4446537547437333,0.28374325134973005,0.3547418967587035,0.3152950995790133,,,,,,
raw,1,1835,1.579171895980835,0.4375,0.375,0.40384615384615385,0.40429499032593863,0.376622865262617,0.389968641588091,,,,,,1.44445702016349,0.28374325134973005,0.3547418967587035,0.3152950995790133,,,,,,
raw,1,1836,1.7716310024261475,0.375,0.375,0.375,0.4034161406161605,0.37657417930473847,0.38953330109589523,,,,,,1.4442667158496723,0.28374325134973005,0.3547418967587035,0.3152950995790133,,,,,,
raw,1,1837,1.4574198722839355,0.3125,0.375,0.3409090909090909,0.4006886563976757,0.3765269539255963,0.38823224150941704,,,,,,1.444084171910723,0.28374325134973005,0.3547418967587035,0.3152950995790133,,,,,,
raw,1,1838,1.6888028383255005,0.5,0.375,0.42857142857142855,0.40366799670574544,0.3764811453078284,0.3896008635775736,,,,,,1.4439041578346021,0.28374325134973005,0.3547418967587035,0.3152950995790133,,,,,,
raw,1,1839,1.7851524353027344,0.4375,0.375,0.40384615384615385,0.40468295680457306,0.37643671094859354,0.39004912441816486,,,,,,1.4437339011419246,0.28374325134973005,0.3547418967587035,0.3152950995790133,,,,,,
raw,1,1840,1.989232063293457,0.4375,0.375,0.40384615384615385,0.40566746810043586,0.3763936096201357,0.3904826540372599,,,,,,1.4435433026630484,0.28374325134973005,0.3547418967587035,0.3152950995790133,,,,,,
raw,1,1841,1.63232421875,0.375,0.375,0.375,0.4047474440574228,0.37635180133153157,0.3900334830806084,,,,,,1.4433461574144495,0.28374325134973005,0.3547418967587035,0.3152950995790133,,,,,,
raw,1,1842,1.6032183170318604,0.4375,0.375,0.40384615384615385,0.4057300207357001,0.3763112472915856,0.3904672973379842,,,,,,1.4431489811074947,0.28374325134973005,0.3547418967587035,0.3152950995790133,,,,,,
raw,1,1843,1.5014210939407349,0.4375,0.375,0.40384615384615385,0.40668312011362906,0.376271909872838,0.3908869052692462,,,,,,1.4429545393922987,0.28374325134973005,0.3547418967587035,0.3152950995790133,,,,,,
raw,1,1844,1.4851253032684326,0.375,0.4375,0.40384615384615385,0.40573262651022024,0.37810875257665283,0.39143393391184017,,,,,,1.4427681440347067,0.28374325134973005,0.3547418967587035,0.3152950995790133,,,,,,
raw,1,1845,1.6133942604064941,0.4375,0.3125,0.3645833333333333,0.4066856477149136,0.37614048999935323,0.39081714684142715,,,,,,1.4425699570189738,0.28374325134973005,0.3547418967587035,0.3152950995790133,,,,,,
raw,1,1846,2.1876227855682373,0.375,0.375,0.375,0.4057350782834662,0.3761062752993727,0.3903592675219767,,,,,,1.4423951853737853,0.28374325134973005,0.3547418967587035,0.3152950995790133,,,,,,
raw,1,1847,1.6920714378356934,0.4375,0.375,0.40384615384615385,0.4066880259349622,0.37607308704039155,0.39078185883396,,,,,,1.4421992737953486,0.28374325134973005,0.3547418967587035,0.3152950995790133,,,,,,
raw,1,1848,1.8861920833587646,0.375,0.375,0.375,0.4057373851569134,0.37604089442917976,0.39032511698468125,,,,,,1.4420228324675344,0.28374325134973005,0.3547418967587035,0.3152950995790133,,,,,,
raw,1,1849,1.946852207183838,0.375,0.4375,0.40384615384615385,0.404815263602206,0.37788466759630435,0.3908866609710546,,,,,,1.4418292851270949,0.28374325134973005,0.3547418967587035,0.3152950995790133,,,,,,
raw,1,1850,1.3769702911376953,0.4375,0.375,0.40384615384615385,0.4057958056941398,0.37779812756841524,0.39129679048955585,,,,,,1.441629075783783,0.28374325134973005,0.3547418967587035,0.3152950995790133,,,,,,
raw,1,1851,1.467783808708191,0.375,0.375,0.375,0.4048719315233156,0.3777141837413628,0.39082183583948976,,,,,,1.4414343580767184,0.28374325134973005,0.3547418967587035,0.3152950995790133,,,,,,
raw,1,1852,2.1007208824157715,0.4375,0.375,0.40384615384615385,0.4058507735776161,0.3776327582291219,0.3912336145779852,,,,,,1.441236691252701,0.28374325134973005,0.3547418967587035,0.3152950995790133,,,,,,
raw,1,1853,1.2854728698730469,0.375,0.375,0.375,0.4049252503702876,0.3775537754822482,0.3907607795591145,,,,,,1.44105765957906,0.28374325134973005,0.3547418967587035,0.3152950995790133,,,,,,
raw,1,1854,1.8907852172851562,0.375,0.375,0.375,0.40402749285917894,0.3774771622177808,0.39030132570977155,,,,,,1.4408735239482255,0.28374325134973005,0.3547418967587035,0.3152950995790133,,,,,,
raw,1,1855,1.9916191101074219,0.4375,0.3125,0.3645833333333333,0.4050316680734036,0.3755278473512474,0.38972216061690634,,,,,,1.4406906807547195,0.28374325134973005,0.3547418967587035,0.3152950995790133,,,,,,
raw,1,1856,1.8039555549621582,0.375,0.375,0.375,0.4041307180312015,0.37551201193070993,0.3892961049436394,,,,,,1.440492034806037,0.28374325134973005,0.3547418967587035,0.3152950995790133,,,,,,
raw,1,1857,1.6585168838500977,0.4375,0.375,0.40384615384615385,0.40513179649026543,0.37549665157278866,0.38975170173525475,,,,,,1.4403036722670963,0.28374325134973005,0.3547418967587035,0.3152950995790133,,,,,,
raw,1,1858,1.789541244506836,0.4375,0.375,0.40384615384615385,0.40610284259555746,0.37548175202560496,0.39019245745054165,,,,,,1.4401126791173358,0.28374325134973005,0.3547418967587035,0.3152950995790133,,,,,,
raw,1,1859,1.6518168449401855,0.375,0.375,0.375,0.4051697573176908,0.3754672994648368,0.38975345401077205,,,,,,1.4399301218397036,0.28374325134973005,0.3547418967587035,0.3152950995790133,,,,,,
raw,1,1860,2.1344151496887207,0.375,0.375,0.375,0.40426466459816,0.37545328048089166,0.3893266673258318,,,,,,1.4397502880645177,0.28374325134973005,0.3547418967587035,0.3152950995790133,,,,,,
raw,1,1861,1.534740924835205,0.375,0.375,0.375,0.4033867246602152,0.37543968206646494,0.3889117840592492,,,,,,1.4395759553465917,0.28374325134973005,0.3547418967587035,0.3152950995790133,,,,,,
raw,1,1862,1.5779225826263428,0.5,0.375,0.42857142857142855,0.40628512292040875,0.37542649160447095,0.39024672386838555,,,,,,1.439396010687437,0.28374325134973005,0.3547418967587035,0.3152950995790133,,,,,,
raw,1,1863,1.564021110534668,0.4375,0.375,0.40384615384615385,0.40722156923279645,0.37541369685633685,0.39067126506898786,,,,,,1.4392164241009149,0.28374325134973005,0.3547418967587035,0.3152950995790133,,,,,,
raw,1,1864,1.8184192180633545,0.4375,0.375,0.40384615384615385,0.40812992215581256,0.3754012859506467,0.39108205525723544,,,,,,1.4390393324034378,0.28374325134973005,0.3547418967587035,0.3152950995790133,,,,,,
raw,1,1865,1.7050633430480957,0.375,0.375,0.375,0.40713602449113817,0.3753892473721273,0.3906186580987863,,,,,,1.4388824463270768,0.28374325134973005,0.3547418967587035,0.3152950995790133,,,,,,
raw,1,1866,1.6701769828796387,0.4375,0.375,0.40384615384615385,0.408046943756404,0.3753775699509635,0.3910310884921087,,,,,,1.4386981471061138,0.28374325134973005,0.3547418967587035,0.3152950995790133,,,,,,
raw,1,1867,1.5412781238555908,0.4375,0.375,0.40384615384615385,0.4089305354437119,0.3753662428524346,0.3914301905220376,,,,,,1.438504336047134,0.28374325134973005,0.3547418967587035,0.3152950995790133,,,,,,
raw,1,1868,2.3510396480560303,0.375,0.375,0.375,0.4079126193804006,0.37535525556686156,0.39095729671483664,,,,,,1.4383315617237684,0.28374325134973005,0.3547418967587035,0.3152950995790133,,,,,,
raw,1,1869,1.4596749544143677,0.4375,0.375,0.40384615384615385,0.4088002407989885,0.37534459789985575,0.39135872464242666,,,,,,1.438151935848051,0.28374325134973005,0.3547418967587035,0.3152950995790133,,,,,,
raw,1,1870,1.5075664520263672,0.375,0.375,0.375,0.40778623357501886,0.3753342599628601,0.3908878530568515,,,,,,1.4379632611229924,0.28374325134973005,0.3547418967587035,0.3152950995790133,,,,,,
raw,1,1871,1.8061110973358154,0.375,0.375,0.375,0.4068026465677683,0.37532423216397426,0.3904299803962833,,,,,,1.4378174370390198,0.28374325134973005,0.3547418967587035,0.3152950995790133,,,,,,
raw,1,1872,1.6689691543579102,0.4375,0.375,0.40384615384615385,0.40772356717073527,0.37531450519905507,0.39084834893803794,,,,,,1.4376208444978653,0.28374325134973005,0.3547418967587035,0.3152950995790133,,,,,,
raw,1,1873,1.841231346130371,0.375,0.4375,0.40384615384615385,0.4067418601556132,0.3771800700430834,0.391403575772049,,,,,,1.437470822690871,0.28374325134973005,0.3547418967587035,0.3152950995790133,,,,,,
raw,1,1874,2.0158309936523438,0.4375,0.375,0.40384615384615385,0.4076646043509448,0.37711466794179094,0.3917950112323607,,,,,,1.43728594946638,0.28374325134973005,0.3547418967587035,0.3152950995790133,,,,,,
raw,1,1875,1.8881340026855469,0.375,0.375,0.375,0.40668466622041644,0.3770512279035372,0.39130771964795624,,,,,,1.4371010757333367,0.28374325134973005,0.3547418967587035,0.3152950995790133,,,,,,
raw,1,1876,1.7950981855392456,0.375,0.375,0.375,0.4057341262338039,0.3769896910664311,0.3908341091026723,,,,,,1.436938949626871,0.28374325134973005,0.3547418967587035,0.3152950995790133,,,,,,
raw,1,1877,1.7757859230041504,0.4375,0.375,0.40384615384615385,0.40668710244678974,0.37693000033443813,0.3912435527943721,,,,,,1.4367739026105522,0.28374325134973005,0.3547418967587035,0.3152950995790133,,,,,,
raw,1,1878,1.8293081521987915,0.375,0.375,0.375,0.405736489373386,0.376872100324405,0.39077200261102685,,,,,,1.4365977405218304,0.28374325134973005,0.3547418967587035,0.3152950995790133,,,,,,
raw,1,1879,1.698540210723877,0.4375,0.375,0.40384615384615385,0.4066893946921844,0.3768159373146729,0.3911831590586577,,,,,,1.4364354790846205,0.28374325134973005,0.3547418967587035,0.3152950995790133,,,,,,
raw,1,1880,1.4853477478027344,0.375,0.375,0.375,0.4057387128514188,0.37676145919523274,0.3907135486144849,,,,,,1.4362672424468133,0.28374325134973005,0.3547418967587035,0.3152950995790133,,,,,,
raw,1,1881,1.5111820697784424,0.4375,0.375,0.40384615384615385,0.40669155146587627,0.3767086154193757,0.39112631763814404,,,,,,1.4361015695374832,0.28374325134973005,0.3547418967587035,0.3152950995790133,,,,,,
raw,1,1882,1.9698266983032227,0.375,0.375,0.375,0.4057408049219,0.3766573569567945,0.39065853330851696,,,,,,1.435935846068013,0.28374325134973005,0.3547418967587035,0.3152950995790133,,,,,,
raw,1,1883,1.6132274866104126,0.375,0.375,0.375,0.40481858077424304,0.3766076362480907,0.39020387464255524,,,,,,1.4357568672862506,0.28374325134973005,0.3547418967587035,0.3152950995790133,,,,,,
raw,1,1884,1.649622917175293,0.4375,0.375,0.40384615384615385,0.40579902335101575,0.37655940716064795,0.3906328191785243,,,,,,1.4355957347664574,0.28374325134973005,0.3547418967587035,0.3152950995790133,,,,,,
raw,1,1885,2.137333393096924,0.375,0.4375,0.40384615384615385,0.4048750526504853,0.3783876249458285,0.3911834789380634,,,,,,1.4354193792572962,0.28374325134973005,0.3547418967587035,0.3152950995790133,,,,,,
raw,1,1886,1.7579360008239746,0.4375,0.375,0.40384615384615385,0.40585380107097074,0.3782859961974536,0.39158530145639286,,,,,,1.4352407198303274,0.28374325134973005,0.3547418967587035,0.3152950995790133,,,,,,
raw,1,1887,2.033647060394287,0.375,0.375,0.375,0.4049281870388416,0.37818741631152997,0.3911012478688056,,,,,,1.435052554213037,0.28374325134973005,0.3547418967587035,0.3152950995790133,,,,,,
raw,1,1888,1.595938801765442,0.375,0.3125,0.3409090909090909,0.40403034142767635,0.3762167938221841,0.3896278314693881,,,,,,1.4348799517478856,0.28374325134973005,0.3547418967587035,0.3152950995790133,,,,,,
raw,1,1889,1.8944826126098633,0.4375,0.375,0.40384615384615385,0.40503443118484606,0.3761802900075185,0.39007449719736514,,,,,,1.4346901110111194,0.28374325134973005,0.3547418967587035,0.3152950995790133,,,,,,
raw,1,1890,1.3014397621154785,0.3333333432674408,0.5,0.4000000071525573,0.4028833985473239,0.379894881307293,0.3910515782329591,,,,,,1.4342223392592612,0.28374325134973005,0.3547418967587035,0.3152950995790133,,,,,,
raw,1,1891,1.514756679534912,0.375,0.375,0.375,0.4020468965909042,0.3797480348680742,0.3905794544364216,,,,,,1.4340415641459592,0.28374325134973005,0.3547418967587035,0.3152950995790133,,,,,,
raw,1,1892,1.5424690246582031,0.4375,0.375,0.40384615384615385,0.4031104896931771,0.37960559382203196,0.39100511676887034,,,,,,1.4338870418076144,0.28374325134973005,0.3547418967587035,0.3152950995790133,,,,,,
raw,1,1893,1.6358485221862793,0.375,0.375,0.375,0.40226717500238174,0.37946742600737104,0.39053481646645466,,,,,,1.4337176807712644,0.28374325134973005,0.3547418967587035,0.3152950995790133,,,,,,
raw,1,1894,1.886277675628662,0.4375,0.375,0.40384615384615385,0.4033241597523103,0.3793334032271499,0.3909610878610769,,,,,,1.4335261342133094,0.28374325134973005,0.3547418967587035,0.3152950995790133,,,,,,
raw,1,1895,1.492875099182129,0.4375,0.375,0.40384615384615385,0.40434943495974096,0.37920340113033546,0.3913729206749662,,,,,,1.4333486796306056,0.28374325134973005,0.3547418967587035,0.3152950995790133,,,,,,
raw,1,1896,2.0156314373016357,0.4375,0.375,0.40384615384615385,0.40534395191094874,0.3790772990964254,0.39177085092517283,,,,,,1.4331826146624482,0.28374325134973005,0.3547418967587035,0.3152950995790133,,,,,,
raw,1,1897,1.387140154838562,0.375,0.375,0.375,0.40443363335362026,0.3789549801235327,0.3912799774010988,,,,,,1.43300301070111,0.28374325134973005,0.3547418967587035,0.3152950995790133,,,,,,
raw,1,1898,1.4823557138442993,0.4375,0.375,0.40384615384615385,0.40542562435301166,0.3788363307198267,0.3916802413179027,,,,,,1.4328292503688116,0.28374325134973005,0.3547418967587035,0.3152950995790133,,,,,,
raw,1,1899,1.77018141746521,0.375,0.375,0.375,0.40451285562242134,0.3787212407982319,0.3911923939477764,,,,,,1.4326573531858855,0.28374325134973005,0.3547418967587035,0.3152950995790133,,,,,,
raw,1,1900,1.4327363967895508,0.4375,0.375,0.40384615384615385,0.40550246995374867,0.37860960357428497,0.3915948614508695,,,,,,1.4324640490526355,0.28374325134973005,0.3547418967587035,0.3152950995790133,,,,,,
raw,1,1901,2.235382318496704,0.375,0.3125,0.3409090909090909,0.40458739585513626,0.37662631546705644,0.3901064663277183,,,,,,1.432315626459756,0.28374325134973005,0.3547418967587035,0.3152950995790133,,,,,,
raw,1,1902,1.7956106662750244,0.4375,0.375,0.40384615384615385,0.40557477397948216,0.3765775260030447,0.390538632943608,,,,,,1.4321467372239767,0.28374325134973005,0.3547418967587035,0.3152950995790133,,,,,,
raw,1,1903,1.7761917114257812,0.375,0.375,0.375,0.4046575307600977,0.37653020022295336,0.3900874912284849,,,,,,1.4319745631108778,0.28374325134973005,0.3547418967587035,0.3152950995790133,,,,,,
raw,1,1904,1.6456996202468872,0.4375,0.375,0.40384615384615385,0.40564280483729476,0.3764842942162647,0.3905200197458365,,,,,,1.4317990759978982,0.28374325134973005,0.3547418967587035,0.3152950995790133,,,,,,
raw,1,1905,1.6984025239944458,0.375,0.3125,0.3409090909090909,0.4047235206921759,0.3745647653897768,0.3890605653473073,,,,,,1.4316363530183773,0.28374325134973005,0.3547418967587035,0.3152950995790133,,,,,,
raw,1,1906,1.1944812536239624,0.4375,0.375,0.40384615384615385,0.4057068150714106,0.37457782242808346,0.3895213824039453,,,,,,1.4314673794333688,0.28374325134973005,0.3547418967587035,0.3152950995790133,,,,,,
raw,1,1907,1.7645084857940674,0.375,0.375,0.375,0.4047856106192683,0.37459048775524095,0.38910312911678074,,,,,,1.4313120413738862,0.28374325134973005,0.3547418967587035,0.3152950995790133,,,,,,
raw,1,1908,1.4439395666122437,0.5,0.375,0.42857142857142855,0.4076420423006903,0.3746027731225837,0.39042467646030704,,,,,,1.4311232375262033,0.28374325134973005,0.3547418967587035,0.3152950995790133,,,,,,
raw,1,1909,2.1038131713867188,0.375,0.375,0.375,0.40666278103166953,0.37461468992890623,0.3899814273013715,,,,,,1.4309593063383994,0.28374325134973005,0.3547418967587035,0.3152950995790133,,,,,,
raw,1,1910,1.7373313903808594,0.4375,0.375,0.40384615384615385,0.40758789760071945,0.37462624923103904,0.39041258951550045,,,,,,1.430789698376962,0.28374325134973005,0.3547418967587035,0.3152950995790133,,,,,,
raw,1,1911,1.9345855712890625,0.375,0.375,0.375,0.4066102606726979,0.37463746175410784,0.3899696129888365,,,,,,1.4306207750392494,0.28374325134973005,0.3547418967587035,0.3152950995790133,,,,,,
raw,1,1912,1.9749491214752197,0.4375,0.375,0.40384615384615385,0.40753695285251695,0.37464833790148455,0.3904012101082842,,,,,,1.4304419128138115,0.28374325134973005,0.3547418967587035,0.3152950995790133,,,,,,
raw,1,1913,1.4677902460098267,0.375,0.375,0.375,0.4065608442669414,0.37465888776444,0.38995849048908876,,,,,,1.4302616457396775,0.28374325134973005,0.3547418967587035,0.3152950995790133,,,,,,
raw,1,1914,1.4209226369857788,0.4375,0.375,0.40384615384615385,0.40748901893893313,0.37466912113150685,0.3903904972026257,,,,,,1.430100409926859,0.28374325134973005,0.3547418967587035,0.3152950995790133,,,,,,
raw,1,1915,1.6183929443359375,0.4375,0.375,0.40384615384615385,0.4083893483707651,0.37467904749756165,0.39080860078903673,,,,,,1.429959024229765,0.28374325134973005,0.3547418967587035,0.3152950995790133,,,,,,
raw,1,1916,2.1059436798095703,0.4375,0.375,0.40384615384615385,0.40926266791964216,0.3746886760726348,0.39121327716041465,,,,,,1.4298012213465556,0.28374325134973005,0.3547418967587035,0.3152950995790133,,,,,,
raw,1,1917,1.637389063835144,0.375,0.375,0.375,0.4082347878820529,0.3746980157904557,0.3907481313301215,,,,,,1.429625027125722,0.28374325134973005,0.3547418967587035,0.3152950995790133,,,,,,
raw,1,1918,2.0198001861572266,0.4375,0.375,0.40384615384615385,0.4091127442455913,0.3747070753167421,0.39115479360210487,,,,,,1.4294545623044836,0.28374325134973005,0.3547418967587035,0.3152950995790133,,,,,,
raw,1,1919,1.8735122680664062,0.375,0.375,0.375,0.40808936191822354,0.3747158630572398,0.3906912028096352,,,,,,1.4292879831683147,0.28374325134973005,0.3547418967587035,0.3152950995790133,,,,,,
raw,1,1920,1.987960934638977,0.4375,0.375,0.40384615384615385,0.40897168106067683,0.3747243871655226,0.3910997356421148,,,,,,1.4291166120312482,0.28374325134973005,0.3547418967587035,0.3152950995790133,,,,,,
raw,1,1921,1.9228649139404297,0.375,0.375,0.375,0.4079525306288565,0.3747326555505569,0.3906376097070489,,,,,,1.4289572693909451,0.28374325134973005,0.3547418967587035,0.3152950995790133,,,,,,
raw,1,1922,1.4090137481689453,0.4375,0.375,0.40384615384615385,0.4088389547099908,0.37474067588404014,0.39104790434534176,,,,,,1.4287833509885552,0.28374325134973005,0.3547418967587035,0.3152950995790133,,,,,,
raw,1,1923,1.5771230459213257,0.375,0.375,0.375,0.4078237860686911,0.3747484556075189,0.390587158220435,,,,,,1.4286152195007804,0.28374325134973005,0.3547418967587035,0.3152950995790133,,,,,,
raw,1,1924,1.5845873355865479,0.4375,0.375,0.40384615384615385,0.40871407248663033,0.37475600193929337,0.39099911213238814,,,,,,1.4284311499480258,0.28374325134973005,0.3547418967587035,0.3152950995790133,,,,,,
raw,1,1925,1.5128319263458252,0.375,0.375,0.375,0.40770265031203146,0.3747633218811146,0.39053966562256015,,,,,,1.428249863116887,0.28374325134973005,0.3547418967587035,0.3152950995790133,,,,,,
raw,1,1926,1.7726870775222778,0.4375,0.375,0.40384615384615385,0.4085965708026705,0.37477042222468115,0.3909531821541198,,,,,,1.4280787629802734,0.28374325134973005,0.3547418967587035,0.3152950995790133,,,,,,
raw,1,1927,1.7246804237365723,0.4375,0.375,0.40384615384615385,0.4094636736785903,0.37477730955794075,0.3913534162666657,,,,,,1.4279096526206587,0.28374325134973005,0.3547418967587035,0.3152950995790133,,,,,,
raw,1,1928,2.3998985290527344,0.375,0.375,0.375,0.40842976346823257,0.37478399027120257,0.3908841890666619,,,,,,1.4277530553423214,0.28374325134973005,0.3547418967587035,0.3152950995790133,,,,,,
raw,1,1929,1.5725059509277344,0.375,0.375,0.375,0.4074268705641856,0.37479047056306647,0.3904278274340822,,,,,,1.4275905079834115,0.28374325134973005,0.3547418967587035,0.3152950995790133,,,,,,
raw,1,1930,1.6073930263519287,0.5,0.375,0.42857142857142855,0.41020406444726004,0.3747967564461745,0.39170189060666355,,,,,,1.4274289019170976,0.28374325134973005,0.3547418967587035,0.3152950995790133,,,,,,
raw,1,1931,1.806196928024292,0.375,0.375,0.375,0.40914794251384223,0.3748028537527892,0.39122306448710853,,,,,,1.4272554009321647,0.28374325134973005,0.3547418967587035,0.3152950995790133,,,,,,
raw,1,1932,1.4838980436325073,0.4375,0.4375,0.4375,0.40999850423842693,0.37668376814020554,0.39263572329248164,,,,,,1.4270669325569412,0.28374325134973005,0.3547418967587035,0.3152950995790133,,,,,,
raw,1,1933,1.618811845779419,0.375,0.375,0.375,0.4089485491112741,0.37663325509599943,0.3921262493445601,,,,,,1.4268881530263873,0.28374325134973005,0.3547418967587035,0.3152950995790133,,,,,,
raw,1,1934,2.193178176879883,0.375,0.375,0.375,0.4079300926379359,0.3765842574431194,0.3916309523436713,,,,,,1.4267412185108583,0.28374325134973005,0.3547418967587035,0.3152950995790133,,,,,,
raw,1,1935,1.8082561492919922,0.4375,0.375,0.40384615384615385,0.4088171898587978,0.3765367297198259,0.3920135467211356,,,,,,1.4265661444444449,0.28374325134973005,0.3547418967587035,0.3152950995790133,,,,,,
raw,1,1936,1.8653655052185059,0.4375,0.375,0.40384615384615385,0.40967767416303386,0.37649062782823106,0.39238367754634773,,,,,,1.4264079398243823,0.28374325134973005,0.3547418967587035,0.3152950995790133,,,,,,
raw,1,1937,1.472081184387207,0.4375,0.375,0.40384615384615385,0.41051234393814284,0.37644590899338415,0.3927417798622287,,,,,,1.4262465399070754,0.28374325134973005,0.3547418967587035,0.3152950995790133,,,,,,
raw,1,1938,1.5030796527862549,0.375,0.375,0.375,0.4094469736199986,0.3764025317235826,0.39223000441985384,,,,,,1.426079942156866,0.28374325134973005,0.3547418967587035,0.3152950995790133,,,,,,
raw,1,1939,1.6397209167480469,0.4375,0.375,0.40384615384615385,0.4102885644113986,0.37636045577187516,0.3925928518003781,,,,,,1.4259226743166609,0.28374325134973005,0.3547418967587035,0.3152950995790133,,,,,,
raw,1,1940,1.9310731887817383,0.375,0.375,0.375,0.40922990747905663,0.37631964209871893,0.3920853939802638,,,,,,1.4257684929381436,0.28374325134973005,0.3547418967587035,0.3152950995790133,,,,,,
raw,1,1941,1.5860182046890259,0.5,0.375,0.42857142857142855,0.41195301025468495,0.3762800528357574,0.39330930843406203,,,,,,1.425587889438436,0.28374325134973005,0.3547418967587035,0.3152950995790133,,,,,,
raw,1,1942,1.8397197723388672,0.4375,0.4375,0.4375,0.41271941994704436,0.37811665125068467,0.39466101929355085,,,,,,1.4254203702368742,0.28374325134973005,0.3547418967587035,0.3152950995790133,,,,,,
raw,1,1943,1.5084148645401,0.4375,0.375,0.40384615384615385,0.41346283734863304,0.37802315171316414,0.3949495684088332,,,,,,1.4252487070509563,0.28374325134973005,0.3547418967587035,0.3152950995790133,,,,,,
raw,1,1944,1.516613245010376,0.375,0.375,0.375,0.4123089522281741,0.37793245716176926,0.3943729943124173,,,,,,1.4250856636316873,0.28374325134973005,0.3547418967587035,0.3152950995790133,,,,,,
raw,1,1945,1.7579646110534668,0.4375,0.375,0.40384615384615385,0.41306468366132887,0.37784448344691624,0.39467038319665376,,,,,,1.4249091310025723,0.28374325134973005,0.3547418967587035,0.3152950995790133,,,,,,
raw,1,1946,1.7895785570144653,0.375,0.375,0.375,0.411922743151489,0.3777591489435087,0.3941019452036837,,,,,,1.4247426628982536,0.28374325134973005,0.3547418967587035,0.3152950995790133,,,,,,
raw,1,1947,1.3606541156768799,0.4375,0.375,0.40384615384615385,0.4126900608569443,0.3776763744752034,0.3944076544720702,,,,,,1.424575487416539,0.28374325134973005,0.3547418967587035,0.3152950995790133,,,,,,
raw,1,1948,1.7284948825836182,0.375,0.375,0.375,0.41155935903123597,0.3775960832409473,0.3938468739286733,,,,,,1.4244034991786478,0.28374325134973005,0.3547418967587035,0.3152950995790133,,,,,,
raw,1,1949,1.7416369915008545,0.375,0.375,0.375,0.41046257826029886,0.3775182007437189,0.3933017102607927,,,,,,1.424230477424318,0.28374325134973005,0.3547418967587035,0.3152950995790133,,,,,,
raw,1,1950,1.665658950805664,0.375,0.375,0.375,0.40939870091248987,0.37744265472140737,0.39277176118283,,,,,,1.4240652668717966,0.28374325134973005,0.3547418967587035,0.3152950995790133,,,,,,
raw,1,1951,1.9682809114456177,0.4375,0.375,0.40384615384615385,0.41024173988511514,0.3773693750797651,0.39311956388270264,,,,,,1.4239007269605366,0.28374325134973005,0.3547418967587035,0.3152950995790133,,,,,,
raw,1,1952,1.8483572006225586,0.375,0.375,0.375,0.40918448768856164,0.3772982938273721,0.3925950133782907,,,,,,1.423746072694671,0.28374325134973005,0.3547418967587035,0.3152950995790133,,,,,,
raw,1,1953,1.5052103996276855,0.5,0.375,0.42857142857142855,0.4119089530579048,0.377229345012551,0.39380713101055465,,,,,,1.4235676760368678,0.28374325134973005,0.3547418967587035,0.3152950995790133,,,,,,
raw,1,1954,1.8077821731567383,0.375,0.375,0.375,0.4108016844661677,0.3771624646621745,0.3932640234255037,,,,,,1.4234019328045069,0.28374325134973005,0.3547418967587035,0.3152950995790133,,,,,,
raw,1,1955,1.769489049911499,0.4375,0.375,0.40384615384615385,0.41160263393218266,0.3770975907223093,0.39359532744846853,,,,,,1.4232382972890054,0.28374325134973005,0.3547418967587035,0.3152950995790133,,,,,,
raw,1,1956,1.7677850723266602,0.375,0.375,0.375,0.4105045549142172,0.37703466300064004,0.39305838490710604,,,,,,1.4230753364519473,0.28374325134973005,0.3547418967587035,0.3152950995790133,,,,,,
raw,1,1957,1.8724498748779297,0.4375,0.375,0.40384615384615385,0.4113144182667907,0.3769736231106209,0.39339601351997,,,,,,1.4229107876341351,0.28374325134973005,0.3547418967587035,0.3152950995790133,,,,,,
raw,1,1958,1.4326231479644775,0.375,0.375,0.375,0.41022498571878696,0.3769144144173022,0.3928648730956942,,,,,,1.4227490086312589,0.28374325134973005,0.3547418967587035,0.3152950995790133,,,,,,
raw,1,1959,1.8676750659942627,0.375,0.3125,0.3409090909090909,0.4091682361472233,0.37498198198478316,0.3913299074792186,,,,,,1.4225588160285871,0.28374325134973005,0.3547418967587035,0.3152950995790133,,,,,,
raw,1,1960,1.8858598470687866,0.3125,0.375,0.3409090909090909,0.4062681890628066,0.37498252252523967,0.38999892888894533,,,,,,1.4223895620408202,0.28374325134973005,0.3547418967587035,0.3152950995790133,,,,,,
raw,1,1961,1.649559736251831,0.4375,0.375,0.40384615384615385,0.4072051433909224,0.37498304684948247,0.3904304034929952,,,,,,1.4222104778684328,0.28374325134973005,0.3547418967587035,0.3152950995790133,,,,,,
raw,1,1962,1.8633098602294922,0.375,0.375,0.375,0.40623898908919476,0.374983555443998,0.38998603292910833,,,,,,1.4220358950560648,0.28374325134973005,0.3547418967587035,0.3152950995790133,,,,,,
raw,1,1963,1.4819707870483398,0.4375,0.4375,0.4375,0.4071768194165189,0.376859048780678,0.3914317573344914,,,,,,1.4218696315843078,0.28374325134973005,0.3547418967587035,0.3152950995790133,,,,,,
raw,1,1964,1.4218552112579346,0.375,0.375,0.375,0.4062115148340233,0.3768032773172576,0.39095514314088653,,,,,,1.4217038241344209,0.28374325134973005,0.3547418967587035,0.3152950995790133,,,,,,
raw,1,1965,1.3696348667144775,0.4375,0.375,0.40384615384615385,0.40715016938900256,0.37674917899773985,0.39136017235319764,,,,,,1.4215372800000048,0.28374325134973005,0.3547418967587035,0.3152950995790133,,,,,,
raw,1,1966,1.2127323150634766,0.375,0.375,0.375,0.4061856643073325,0.3766967036278076,0.39088580116833027,,,,,,1.421383891810782,0.28374325134973005,0.3547418967587035,0.3152950995790133,,,,,,
raw,1,1967,1.7218294143676758,0.4375,0.375,0.40384615384615385,0.4071250943781125,0.3766458025189734,0.3912928089183484,,,,,,1.421222248551092,0.28374325134973005,0.3547418967587035,0.3152950995790133,,,,,,
raw,1,1968,1.9349684715270996,0.375,0.375,0.375,0.4061613415467691,0.37659642844340424,0.390820548738124,,,,,,1.421061589481709,0.28374325134973005,0.3547418967587035,0.3152950995790133,,,,,,
raw,1,1969,1.8961563110351562,0.4375,0.4375,0.4375,0.407101501300366,0.3784235355901021,0.3922390305367298,,,,,,1.420899443473848,0.28374325134973005,0.3547418967587035,0.3152950995790133,,,,,,
raw,1,1970,1.3826179504394531,0.3125,0.375,0.3409090909090909,0.404263456261355,0.3783208295223991,0.39086214455537654,,,,,,1.420739205126907,0.28374325134973005,0.3547418967587035,0.3152950995790133,,,,,,
raw,1,1971,1.5149667263031006,0.4375,0.375,0.40384615384615385,0.40526055257351434,0.37822120463672715,0.39127429062772484,,,,,,1.4205881039573856,0.28374325134973005,0.3547418967587035,0.3152950995790133,,,,,,
raw,1,1972,1.672210693359375,0.3125,0.375,0.3409090909090909,0.4024777359963089,0.3781245684976253,0.38992126817296124,,,,,,1.420446459482762,0.28374325134973005,0.3547418967587035,0.3152950995790133,,,,,,
raw,1,1973,1.6156001091003418,0.4375,0.375,0.40384615384615385,0.40352840391641964,0.37803083144269656,0.39036370153869515,,,,,,1.4202882094779572,0.28374325134973005,0.3547418967587035,0.3152950995790133,,,,,,
raw,1,1974,1.940425157546997,0.375,0.375,0.375,0.402672551798927,0.37793990649941567,0.3899144190153407,,,,,,1.4201458699088185,0.28374325134973005,0.3547418967587035,0.3152950995790133,,,,,,
raw,1,1975,1.5399107933044434,0.5625,0.375,0.45,0.40746737524495924,0.37785170930443324,0.39210111469643094,,,,,,1.4199841122025303,0.28374325134973005,0.3547418967587035,0.3152950995790133,,,,,,
raw,1,1976,1.8670711517333984,0.4375,0.375,0.40384615384615385,0.40836835398761046,0.3777661580253002,0.39247162359024346,,,,,,1.4198296116396796,0.28374325134973005,0.3547418967587035,0.3152950995790133,,,,,,
raw,1,1977,1.568174958229065,0.375,0.375,0.375,0.4073673033679821,0.37768317328454126,0.3919640339164715,,,,,,1.4196802717754187,0.28374325134973005,0.3547418967587035,0.3152950995790133,,,,,,
raw,1,1978,1.515315055847168,0.4375,0.3125,0.3645833333333333,0.40827128426694265,0.37572767808600505,0.3913240425891054,,,,,,1.4195194114762366,0.28374325134973005,0.3547418967587035,0.3152950995790133,,,,,,
raw,1,1979,1.57313072681427,0.3125,0.375,0.3409090909090909,0.4053981457389344,0.37570584774342486,0.3899876464321231,,,,,,1.419381227134915,0.28374325134973005,0.3547418967587035,0.3152950995790133,,,,,,
raw,1,1980,1.5179214477539062,0.4375,0.375,0.40384615384615385,0.40636120136676634,0.3756846723111221,0.3904212781213577,,,,,,1.4192130970202061,0.28374325134973005,0.3547418967587035,0.3152950995790133,,,,,,
raw,1,1981,1.345154047012329,0.375,0.375,0.375,0.4054203653257633,0.3756641321417885,0.38997545127705396,,,,,,1.4190617937405339,0.28374325134973005,0.3547418967587035,0.3152950995790133,,,,,,
raw,1,1982,1.5508060455322266,0.4375,0.375,0.40384615384615385,0.4063827543659904,0.37564420817753486,0.39040937280297877,,,,,,1.4188794679112007,0.28374325134973005,0.3547418967587035,0.3152950995790133,,,,,,
raw,1,1983,1.741471290588379,0.3125,0.375,0.3409090909090909,0.4035662717350107,0.3756248819322088,0.3890945949754112,,,,,,1.4187102357539063,0.28374325134973005,0.3547418967587035,0.3152950995790133,,,,,,
raw,1,1984,1.451063632965088,0.4375,0.3125,0.3645833333333333,0.40458428358296034,0.3737311354742425,0.3885461857652848,,,,,,1.418548610786289,0.28374325134973005,0.3547418967587035,0.3152950995790133,,,,,,
raw,1,1985,1.6554677486419678,0.375,0.375,0.375,0.40369675507547154,0.37376920141001524,0.3881569668682727,,,,,,1.418397998690181,0.28374325134973005,0.3547418967587035,0.3152950995790133,,,,,,
raw,1,1986,1.8544459342956543,0.375,0.4375,0.40384615384615385,0.4028358524232074,0.37568112536771475,0.388784909498676,,,,,,1.418248890835851,0.28374325134973005,0.3547418967587035,0.3152950995790133,,,,,,
raw,1,1987,1.770833969116211,0.375,0.375,0.375,0.40200077685051117,0.37566069160668336,0.3883846531773986,,,,,,1.4180850730749879,0.28374325134973005,0.3547418967587035,0.3152950995790133,,,,,,
raw,1,1988,1.1678978204727173,0.4375,0.375,0.40384615384615385,0.4030657535449958,0.37564087085848286,0.38887038052580486,,,,,,1.4179401563380316,0.28374325134973005,0.3547418967587035,0.3152950995790133,,,,,,
raw,1,1989,1.5067548751831055,0.375,0.375,0.375,0.40222378093864597,0.3756216447327284,0.3884678193392657,,,,,,1.4177826344896947,0.28374325134973005,0.3547418967587035,0.3152950995790133,,,,,,
raw,1,1990,2.1752583980560303,0.5,0.375,0.42857142857142855,0.4051570675104866,0.3756029953907466,0.38982067703409257,,,,,,1.4176084738190962,0.28374325134973005,0.3547418967587035,0.3152950995790133,,,,,,
raw,1,1991,1.795156478881836,0.375,0.375,0.375,0.404252355485172,0.37558490552902424,0.38939171115605337,,,,,,1.4174623947764993,0.28374325134973005,0.3547418967587035,0.3152950995790133,,,,,,
raw,1,1992,1.6942968368530273,0.4375,0.4375,0.4375,0.40524978482061685,0.3774423583631535,0.39085210153423144,,,,,,1.4173113680722913,0.28374325134973005,0.3547418967587035,0.3152950995790133,,,,,,
raw,1,1993,2.323945999145508,0.375,0.375,0.375,0.4043422912759983,0.37736908761225885,0.3903903298910155,,,,,,1.4171526533868561,0.28374325134973005,0.3547418967587035,0.3152950995790133,,,,,,
raw,1,1994,1.339616060256958,0.4375,0.375,0.40384615384615385,0.40533702253771836,0.37729801498389104,0.3908152502020821,,,,,,1.4169907693079258,0.28374325134973005,0.3547418967587035,0.3152950995790133,,,,,,
raw,1,1995,1.9491729736328125,0.3333333432674408,0.5,0.4000000071525573,0.40317691215961005,0.3809790745343743,0.3917638058615955,,,,,,1.4165602062155438,0.28374325134973005,0.3547418967587035,0.3152950995790133,,,,,,
raw,1,1996,1.8765267133712769,0.4375,0.375,0.40384615384615385,0.40420660479482173,0.38079970229834303,0.392154186232862,,,,,,1.416411228056117,0.28374325134973005,0.3547418967587035,0.3152950995790133,,,,,,
raw,1,1997,1.4203397035598755,0.375,0.375,0.375,0.4033304066509771,0.3806257112293927,0.39164927574529085,,,,,,1.4162659229344008,0.28374325134973005,0.3547418967587035,0.3152950995790133,,,,,,
raw,1,1998,1.8355941772460938,0.375,0.375,0.375,0.40248049445144773,0.38045693989251095,0.3911589625644373,,,,,,1.416100180030028,0.28374325134973005,0.3547418967587035,0.3152950995790133,,,,,,
raw,1,1999,2.08419132232666,0.375,0.375,0.375,0.4016560796179043,0.3802932316957356,0.39068283925341457,,,,,,1.4159412077538784,0.28374325134973005,0.3547418967587035,0.3152950995790133,,,,,,
raw,1,2000,1.3970091342926025,0.4375,0.375,0.40384615384615385,0.4027313972293671,0.3801344347448635,0.391106791961343,,,,,,1.4506701918000036,0.28374325134973005,0.3547418967587035,0.3152950995790133,,,,0.40431913617276544,0.3745498199279712,0.3888655683623258
raw,1,2001,1.7308812141418457,0.375,0.375,0.375,0.40189945531248616,0.37998040170251757,0.39063269146408264,,,,,,1.450479535032488,0.28374325134973005,0.3547418967587035,0.3152950995790133,,,,,,
raw,1,2002,1.7829179763793945,0.4375,0.375,0.40384615384615385,0.4029674716531116,0.379830989651442,0.3910573183811914,,,,,,1.4503137724275768,0.28374325134973005,0.3547418967587035,0.3152950995790133,,,,,,
raw,1,2003,1.4888267517089844,0.3125,0.4375,0.3645833333333333,0.40025344750351827,0.38156105996189876,0.3906837957713445,,,,,,1.4501493322016985,0.28374325134973005,0.3547418967587035,0.3152950995790133,,,,,,
raw,1,2004,1.9552772045135498,0.375,0.375,0.375,0.39949584407841277,0.38136422816304183,0.39021952753705824,,,,,,1.4499748789920144,0.28374325134973005,0.3547418967587035,0.3152950995790133,,,,,,
raw,1,2005,1.4426157474517822,0.3125,0.3125,0.3125,0.3968859687560604,0.37929830131815057,0.3878928743345683,,,,,,1.4498191169576102,0.28374325134973005,0.3547418967587035,0.3152950995790133,,,,,,
raw,1,2006,1.7810783386230469,0.4375,0.375,0.40384615384615385,0.3981043896933786,0.37916935227860604,0.3884062343244545,,,,,,1.4496493075772705,0.28374325134973005,0.3547418967587035,0.3152950995790133,,,,,,
raw,1,2007,1.7191438674926758,0.375,0.375,0.375,0.39741125800257726,0.3790442717102479,0.38801053014524545,,,,,,1.449459705181863,0.28374325134973005,0.3547418967587035,0.3152950995790133,,,,,,
raw,1,2008,1.5521314144134521,0.4375,0.375,0.40384615384615385,0.3986139202624999,0.3789229435589405,0.38851909674631757,,,,,,1.4492782896912364,0.28374325134973005,0.3547418967587035,0.3152950995790133,,,,,,
raw,1,2009,1.655752420425415,0.375,0.375,0.375,0.3979055026546249,0.37880525525217235,0.38812052997833224,,,,,,1.4490861911896482,0.28374325134973005,0.3547418967587035,0.3152950995790133,,,,,,
raw,1,2010,1.5355024337768555,0.4375,0.375,0.40384615384615385,0.3990933375749861,0.3786910975946072,0.3886246296919339,,,,,,1.4489064816915458,0.28374325134973005,0.3547418967587035,0.3152950995790133,,,,,,
raw,1,2011,1.7818102836608887,0.375,0.3125,0.3409090909090909,0.39837053744773654,0.37670536466676896,0.3872351550921423,,,,,,1.4487316815514648,0.28374325134973005,0.3547418967587035,0.3152950995790133,,,,,,
raw,1,2012,1.6686959266662598,0.4375,0.375,0.40384615384615385,0.39954442132430446,0.37665420372676595,0.3877617944955154,,,,,,1.4485829273359865,0.28374325134973005,0.3547418967587035,0.3152950995790133,,,,,,
raw,1,2013,1.6751556396484375,0.375,0.375,0.375,0.3988080886845753,0.376604577614963,0.3873884405454536,,,,,,1.4484145873323397,0.28374325134973005,0.3547418967587035,0.3152950995790133,,,,,,
raw,1,2014,1.6960585117340088,0.375,0.375,0.375,0.3980938460240381,0.37655644028651414,0.3870257436364868,,,,,,1.448233564448862,0.28374325134973005,0.3547418967587035,0.3152950995790133,,,,,,
raw,1,2015,1.6748478412628174,0.4375,0.375,0.40384615384615385,0.3992760306433169,0.37650974707791873,0.3875588380941147,,,,,,1.4480708122580637,0.28374325134973005,0.3547418967587035,0.3152950995790133,,,,,,
raw,1,2016,1.5694447755813599,0.375,0.375,0.375,0.3985477497240174,0.3764644546655812,0.3871914801037691,,,,,,1.4478935910714326,0.28374325134973005,0.3547418967587035,0.3152950995790133,,,,,,
raw,1,2017,1.7207765579223633,0.375,0.375,0.375,0.3978413172322969,0.37642052102561374,0.38683460431176075,,,,,,1.4477356967278117,0.28374325134973005,0.3547418967587035,0.3152950995790133,,,,,,
raw,1,2018,1.7203422784805298,0.375,0.375,0.375,0.397156077715328,0.3763779053948453,0.386487926604867,,,,,,1.4475707464321108,0.28374325134973005,0.3547418967587035,0.3152950995790133,,,,,,
raw,1,2019,2.0358076095581055,0.4375,0.375,0.40384615384615385,0.39836639538386814,0.3763365682329999,0.3870382564129667,,,,,,1.4474005122337814,0.28374325134973005,0.3547418967587035,0.3152950995790133,,,,,,
raw,1,2020,1.9069976806640625,0.375,0.375,0.375,0.39766540352235213,0.37629647118600984,0.38668594138337353,,,,,,1.4472322374257467,0.28374325134973005,0.3547418967587035,0.3152950995790133,,,,,,
raw,1,2021,1.4870543479919434,0.4375,0.375,0.40384615384615385,0.39886044141668153,0.3762575770504295,0.38722945330440195,,,,,,1.4470622517070784,0.28374325134973005,0.3547418967587035,0.3152950995790133,,,,,,
raw,1,2022,1.6604771614074707,0.375,0.375,0.375,0.39814462817418106,0.37621984973891665,0.3868718580421693,,,,,,1.4468953885262121,0.28374325134973005,0.3547418967587035,0.3152950995790133,,,,,,
raw,1,2023,1.8586437702178955,0.4375,0.375,0.40384615384615385,0.3993252893289556,0.37618325424674914,0.3874089797906316,,,,,,1.4467060798813658,0.28374325134973005,0.3547418967587035,0.3152950995790133,,,,,,
raw,1,2024,1.2656193971633911,0.375,0.375,0.375,0.3985955306490869,0.37614775661934663,0.38704643748711554,,,,,,1.446516488932808,0.28374325134973005,0.3547418967587035,0.3152950995790133,,,,,,
raw,1,2025,2.0762505531311035,0.4375,0.375,0.40384615384615385,0.3997626647296143,0.37611332392076624,0.38757756860711523,,,,,,1.4463490671111143,0.28374325134973005,0.3547418967587035,0.3152950995790133,,,,,,
raw,1,2026,2.056180000305176,0.4375,0.375,0.40384615384615385,0.4008947847877259,0.3760799242031433,0.38809108850459423,,,,,,1.4461773948667358,0.28374325134973005,0.3547418967587035,0.3152950995790133,,,,,,
raw,1,2027,1.6850528717041016,0.4375,0.375,0.40384615384615385,0.4019929412440941,0.376047526477049,0.3885876313319359,,,,,,1.445998723236309,0.28374325134973005,0.3547418967587035,0.3152950995790133,,,,,,
raw,1,2028,1.788384199142456,0.375,0.375,0.375,0.4011831530067713,0.3760161006827375,0.3881921505639462,,,,,,1.445826666321497,0.28374325134973005,0.3547418967587035,0.3152950995790133,,,,,,
raw,1,2029,1.5717062950134277,0.4375,0.375,0.40384615384615385,0.4022726584165682,0.37598561766225536,0.3886851925441577,,,,,,1.4456740448989662,0.28374325134973005,0.3547418967587035,0.3152950995790133,,,,,,
raw,1,2030,1.752547264099121,0.375,0.375,0.375,0.40145447866407113,0.37595604913238767,0.3882871000804425,,,,,,1.4454940821674898,0.28374325134973005,0.3547418967587035,0.3152950995790133,,,,,,
raw,1,2031,1.4241082668304443,0.4375,0.375,0.40384615384615385,0.402535844304149,0.37592736765841606,0.38877685679177265,,,,,,1.445322481979323,0.28374325134973005,0.3547418967587035,0.3152950995790133,,,,,,
raw,1,2032,1.522477388381958,0.375,0.375,0.375,0.40170976897502453,0.37589954662866354,0.38837631443956616,,,,,,1.4451606446850425,0.28374325134973005,0.3547418967587035,0.3152950995790133,,,,,,
raw,1,2033,1.9095382690429688,0.4375,0.375,0.40384615384615385,0.4027834759057738,0.37587256022980364,0.38886298771490446,,,,,,1.445004884407279,0.28374325134973005,0.3547418967587035,0.3152950995790133,,,,,,
raw,1,2034,1.4274535179138184,0.4375,0.375,0.40384615384615385,0.40382497162860054,0.37584638342290955,0.3893336702422298,,,,,,1.444838544001971,0.28374325134973005,0.3547418967587035,0.3152950995790133,,,,,,
raw,1,2035,1.6240195035934448,0.375,0.375,0.375,0.4029602224797425,0.3758209919202222,0.3889177286676398,,,,,,1.4446872490417717,0.28374325134973005,0.3547418967587035,0.3152950995790133,,,,,,
raw,1,2036,1.6759741306304932,0.5,0.375,0.42857142857142855,0.40587141580535024,0.3757963621626156,0.39025531271596486,,,,,,1.4445389798133614,0.28374325134973005,0.3547418967587035,0.3152950995790133,,,,,,
raw,1,2037,1.5635738372802734,0.375,0.4375,0.40384615384615385,0.4049452733311897,0.3776474712977371,0.39082028178016454,,,,,,1.4443538211094742,0.28374325134973005,0.3547418967587035,0.3152950995790133,,,,,,
raw,1,2038,1.585146188735962,0.4375,0.375,0.40384615384615385,0.405921915131254,0.377568047158805,0.39123192937175005,,,,,,1.4441717298822376,0.28374325134973005,0.3547418967587035,0.3152950995790133,,,,,,
raw,1,2039,1.858734130859375,0.375,0.375,0.375,0.40499425767731634,0.3774910057440408,0.3907592814788814,,,,,,1.4440022020107883,0.28374325134973005,0.3547418967587035,0.3152950995790133,,,,,,
raw,1,2040,1.7065563201904297,0.4375,0.375,0.40384615384615385,0.40596942994699686,0.37741627557171964,0.39117249438478296,,,,,,1.4438469599019657,0.28374325134973005,0.3547418967587035,0.3152950995790133,,,,,,
raw,1,2041,1.7597577571868896,0.4375,0.375,0.40384615384615385,0.40691534704858695,0.3773437873045681,0.391572049190883,,,,,,1.443692703968645,0.28374325134973005,0.3547418967587035,0.3152950995790133,,,,,,
raw,1,2042,1.9454784393310547,0.4375,0.375,0.40384615384615385,0.40783288663712935,0.37727347368543107,0.3919584341707059,,,,,,1.443526835798235,0.28374325134973005,0.3547418967587035,0.3152950995790133,,,,,,
raw,1,2043,1.527968406677246,0.375,0.375,0.375,0.4068479000380155,0.3772052694748681,0.3914662365677793,,,,,,1.4433520444933956,0.28374325134973005,0.3547418967587035,0.3152950995790133,,,,,,
raw,1,2044,1.503318190574646,0.4375,0.375,0.40384615384615385,0.40776746303687506,0.37713911139062206,0.39185570276540144,,,,,,1.4431933769080267,0.28374325134973005,0.3547418967587035,0.3152950995790133,,,,,,
raw,1,2045,1.672245740890503,0.375,0.375,0.375,0.4067844391457688,0.37707493804890335,0.39136667022879684,,,,,,1.4430203844009828,0.28374325134973005,0.3547418967587035,0.3152950995790133,,,,,,
raw,1,2046,1.4874821901321411,0.4375,0.375,0.40384615384615385,0.4077059059713957,0.3770126899074363,0.39175903593638933,,,,,,1.442864244770287,0.28374325134973005,0.3547418967587035,0.3152950995790133,,,,,,
raw,1,2047,1.517716884613037,0.375,0.375,0.375,0.40672472879225385,0.37695230921021317,0.39127298184448045,,,,,,1.442695674548121,0.28374325134973005,0.3547418967587035,0.3152950995790133,,,,,,
raw,1,2048,1.3696815967559814,0.4375,0.375,0.40384615384615385,0.40764798692848625,0.37689373993390674,0.39166807604856346,,,,,,1.4425359581054735,0.28374325134973005,0.3547418967587035,0.3152950995790133,,,,,,
raw,1,2049,1.5831348896026611,0.375,0.375,0.375,0.4066685473206316,0.3768369277358895,0.3911848247596966,,,,,,1.442380244460717,0.28374325134973005,0.3547418967587035,0.3152950995790133,,,,,,
raw,1,2050,1.3349158763885498,0.4375,0.375,0.40384615384615385,0.40759349090101266,0.37678181990381276,0.3915824865141508,,,,,,1.4421986945365874,0.28374325134973005,0.3547418967587035,0.3152950995790133,,,,,,
raw,1,2051,1.846224069595337,0.375,0.375,0.375,0.40661568617398225,0.3767283653066984,0.3911018727233259,,,,,,1.4420176837152645,0.28374325134973005,0.3547418967587035,0.3152950995790133,,,,,,
raw,1,2052,1.886175513267517,0.4375,0.375,0.40384615384615385,0.40754221558876275,0.3766765143474975,0.39150195055889225,,,,,,1.4418556399610134,0.28374325134973005,0.3547418967587035,0.3152950995790133,,,,,,
raw,1,2053,1.810974359512329,0.5,0.375,0.42857142857142855,0.41031594912109987,0.3766262189170726,0.39274993958985216,,,,,,1.4416855059425215,0.28374325134973005,0.3547418967587035,0.3152950995790133,,,,,,
raw,1,2054,1.9783058166503906,0.375,0.375,0.375,0.40925647064746684,0.3765774323495604,0.39223746977851964,,,,,,1.4415127092502416,0.28374325134973005,0.3547418967587035,0.3152950995790133,,,,,,
raw,1,2055,1.7138137817382812,0.4375,0.375,0.40384615384615385,0.4101037765280428,0.3765301093790736,0.392600478060535,,,,,,1.441339944525549,0.28374325134973005,0.3547418967587035,0.3152950995790133,,,,,,
raw,1,2056,1.3484129905700684,0.375,0.375,0.375,0.4090506632322015,0.3764842060977014,0.3920923697049466,,,,,,1.441174446789883,0.28374325134973005,0.3547418967587035,0.3152950995790133,,,,,,
raw,1,2057,1.85432767868042,0.4375,0.375,0.40384615384615385,0.40990414333523545,0.37643967991477034,0.3924598374159177,,,,,,1.4410148772970375,0.28374325134973005,0.3547418967587035,0.3152950995790133,,,,,,
raw,1,2058,1.995463252067566,0.375,0.375,0.375,0.40885701903517835,0.3763964895173272,0.3919558333793047,,,,,,1.4408416693877548,0.28374325134973005,0.3547418967587035,0.3152950995790133,,,,,,
raw,1,2059,1.5169696807861328,0.4375,0.375,0.40384615384615385,0.409716308464123,0.37635459483180733,0.3923274977395977,,,,,,1.440684188440994,0.28374325134973005,0.3547418967587035,0.3152950995790133,,,,,,
raw,1,2060,1.2262213230133057,0.375,0.375,0.375,0.4086748192101993,0.3763139569868531,0.39182735601119384,,,,,,1.4405360503398061,0.28374325134973005,0.3547418967587035,0.3152950995790133,,,,,,
raw,1,2061,1.542438268661499,0.4375,0.375,0.40384615384615385,0.40953957463389334,0.37627453827724755,0.39220296968388496,,,,,,1.440357040514314,0.28374325134973005,0.3547418967587035,0.3152950995790133,,,,,,
raw,1,2062,1.811598777770996,0.3125,0.375,0.3409090909090909,0.40662838739487656,0.3762363021289301,0.39084240957950644,,,,,,1.4401922826382167,0.28374325134973005,0.3547418967587035,0.3152950995790133,,,,,,
raw,1,2063,1.5081233978271484,0.5,0.375,0.42857142857142855,0.40942953577303026,0.3761992130650622,0.392111590598502,,,,,,1.4400286526417867,0.28374325134973005,0.3547418967587035,0.3152950995790133,,,,,,
raw,1,2064,1.2979987859725952,0.375,0.375,0.375,0.40839664969983935,0.37616323667311036,0.3916177930221611,,,,,,1.4398491420058144,0.28374325134973005,0.3547418967587035,0.3152950995790133,,,,,,
raw,1,2065,1.758040428161621,0.4375,0.3125,0.3645833333333333,0.40926975020884415,0.37425333957291707,0.3909790861287748,,,,,,1.4396871662953996,0.28374325134973005,0.3547418967587035,0.3152950995790133,,,,,,
raw,1,2066,1.5749914646148682,0.3125,0.375,0.3409090909090909,0.40636665770257885,0.37427573938572956,0.3896615962459317,,,,,,1.4395270887221718,0.28374325134973005,0.3547418967587035,0.3152950995790133,,,,,,
raw,1,2067,1.7144553661346436,0.4375,0.375,0.40384615384615385,0.40730065797150145,0.3742974672041577,0.3901022782905406,,,,,,1.4393498373971976,0.28374325134973005,0.3547418967587035,0.3152950995790133,,,,,,
raw,1,2068,1.6452338695526123,0.375,0.375,0.375,0.4063316382323564,0.3743185431880329,0.3896686902643175,,,,,,1.439206086073499,0.28374325134973005,0.3547418967587035,0.3152950995790133,,,,,,
raw,1,2069,1.959512710571289,0.4375,0.375,0.40384615384615385,0.4072666890853857,0.374338986892392,0.39010924427211213,,,,,,1.4390500656839094,0.28374325134973005,0.3547418967587035,0.3152950995790133,,,,,,
raw,1,2070,1.5112330913543701,0.4375,0.375,0.40384615384615385,0.40817368841282414,0.37435881728562026,0.3905356470909803,,,,,,1.4388987989855087,0.28374325134973005,0.3547418967587035,0.3152950995790133,,,,,,
raw,1,2071,1.4631977081298828,0.375,0.4375,0.40384615384615385,0.4071784777604395,0.3762530527670516,0.3911053852408879,,,,,,1.4387409609850335,0.28374325134973005,0.3547418967587035,0.3152950995790133,,,,,,
raw,1,2072,1.482804298400879,0.4375,0.375,0.40384615384615385,0.4080881234276263,0.37621546118404003,0.39150416897576973,,,,,,1.4385604699324372,0.28374325134973005,0.3547418967587035,0.3152950995790133,,,,,,
raw,1,2073,1.636723279953003,0.375,0.375,0.375,0.40709547972479754,0.3761789973485188,0.391027089150651,,,,,,1.4383934563917071,0.28374325134973005,0.3547418967587035,0.3152950995790133,,,,,,
raw,1,2074,1.996681571006775,0.4375,0.375,0.40384615384615385,0.4080076153330536,0.3761436274280632,0.39142822476250655,,,,,,1.4382380871745404,0.28374325134973005,0.3547418967587035,0.3152950995790133,,,,,,
raw,1,2075,1.8119163513183594,0.4375,0.375,0.40384615384615385,0.40889238687306195,0.37610931860522123,0.3918163131021231,,,,,,1.438075209927713,0.28374325134973005,0.3547418967587035,0.3152950995790133,,,,,,
raw,1,2076,1.6274795532226562,0.4375,0.375,0.40384615384615385,0.40975061526687007,0.37607603904706455,0.39219180856418456,,,,,,1.4379133454238957,0.28374325134973005,0.3547418967587035,0.3152950995790133,,,,,,
raw,1,2077,1.5091266632080078,0.375,0.375,0.375,0.408708096808864,0.3760437578756526,0.3916961207055651,,,,,,1.4377578405873865,0.28374325134973005,0.3547418967587035,0.3152950995790133,,,,,,
raw,1,2078,1.624883770942688,0.5,0.375,0.42857142857142855,0.41144685390459806,0.37601244513938303,0.39293240366683035,,,,,,1.4375839598171325,0.28374325134973005,0.3547418967587035,0.3152950995790133,,,,,,
raw,1,2079,1.57499361038208,0.375,0.375,0.375,0.4103534482874601,0.3759820717852015,0.3924165593767505,,,,,,1.4374319071669082,0.28374325134973005,0.3547418967587035,0.3152950995790133,,,,,,
raw,1,2080,1.826310157775879,0.4375,0.375,0.40384615384615385,0.4111678448388363,0.37595260963164545,0.3927724743673955,,,,,,1.4372988602884595,0.28374325134973005,0.3547418967587035,0.3152950995790133,,,,,,
raw,1,2081,1.9641180038452148,0.375,0.375,0.375,0.41008280949367115,0.37592403134269614,0.3922611736181902,,,,,,1.4371496655934684,0.28374325134973005,0.3547418967587035,0.3152950995790133,,,,,,
raw,1,2082,2.110776901245117,0.4375,0.375,0.40384615384615385,0.410905325208861,0.3758963104024152,0.39262194860770766,,,,,,1.436994811863593,0.28374325134973005,0.3547418967587035,0.3152950995790133,,,,,,
raw,1,2083,1.8124780654907227,0.375,0.375,0.375,0.40982816545259515,0.3758694210903427,0.39211492547143223,,,,,,1.436828781805087,0.28374325134973005,0.3547418967587035,0.3152950995790133,,,,,,
raw,1,2084,2.0391626358032227,0.4375,0.375,0.40384615384615385,0.4106583204890173,0.3758433384576324,0.3924802761247985,,,,,,1.4366655999040348,0.28374325134973005,0.3547418967587035,0.3152950995790133,,,,,,
raw,1,2085,1.7609939575195312,0.375,0.375,0.375,0.40958857087434675,0.3758180383039035,0.3919772800963566,,,,,,1.4364884248441248,0.28374325134973005,0.3547418967587035,0.3152950995790133,,,,,,
raw,1,2086,1.5106945037841797,0.4375,0.375,0.40384615384615385,0.4104259137481163,0.3757934971547864,0.3923469385555561,,,,,,1.4363233348513917,0.28374325134973005,0.3547418967587035,0.3152950995790133,,,,,,
raw,1,2087,1.9985672235488892,0.375,0.4375,0.40384615384615385,0.4093631363356728,0.3776446922401428,0.39286474676039934,,,,,,1.4361650861523698,0.28374325134973005,0.3547418967587035,0.3152950995790133,,,,,,
raw,1,2088,1.3856837749481201,0.4375,0.375,0.40384615384615385,0.41020724224560257,0.37756535147293846,0.39321002743728856,,,,,,1.4359986988026854,0.28374325134973005,0.3547418967587035,0.3152950995790133,,,,,,
raw,1,2089,1.7667655944824219,0.4375,0.375,0.40384615384615385,0.4110260249782345,0.3774883909287503,0.39354398516710654,,,,,,1.4358594853997124,0.28374325134973005,0.3547418967587035,0.3152950995790133,,,,,,
raw,1,2090,1.9710636138916016,0.3125,0.3125,0.3125,0.40807024422888744,0.3755387392008878,0.3911292194542541,,,,,,1.4357051241148373,0.28374325134973005,0.3547418967587035,0.3152950995790133,,,,,,
raw,1,2091,1.8326339721679688,0.4375,0.375,0.40384615384615385,0.4089531369020208,0.37552257702486114,0.39152553259580314,,,,,,1.4355361588713533,0.28374325134973005,0.3547418967587035,0.3152950995790133,,,,,,
raw,1,2092,1.9058022499084473,0.375,0.375,0.375,0.4079345427949601,0.3755068997141153,0.3910496104485974,,,,,,1.4353632556405334,0.28374325134973005,0.3547418967587035,0.3152950995790133,,,,,,
raw,1,2093,1.570585012435913,0.4375,0.375,0.40384615384615385,0.40882150651111127,0.3754916927226919,0.39144841538115493,,,,,,1.4352085363115168,0.28374325134973005,0.3547418967587035,0.3152950995790133,,,,,,
raw,1,2094,1.524911880493164,0.375,0.375,0.375,0.4078068613157779,0.3754769419410111,0.39097469538562973,,,,,,1.4350690951766993,0.28374325134973005,0.3547418967587035,0.3152950995790133,,,,,,
raw,1,2095,1.5242509841918945,0.4375,0.4375,0.4375,0.4086976554763046,0.3773376336827808,0.39239206772539004,,,,,,1.4349148598090684,0.28374325134973005,0.3547418967587035,0.3152950995790133,,,,,,
raw,1,2096,1.901707410812378,0.4375,0.375,0.40384615384615385,0.40956172581201544,0.3772675046722973,0.39275188139940176,,,,,,1.4347488725667923,0.28374325134973005,0.3547418967587035,0.3152950995790133,,,,,,
raw,1,2097,1.5419073104858398,0.4375,0.375,0.40384615384615385,0.410399874037655,0.3771994795321284,0.3930999135167233,,,,,,1.43458138264187,0.28374325134973005,0.3547418967587035,0.3152950995790133,,,,,,
raw,1,2098,1.6876144409179688,0.375,0.4375,0.40384615384615385,0.4093378778165253,0.3790084951461645,0.3935897681485452,,,,,,1.4344268957101995,0.28374325134973005,0.3547418967587035,0.3152950995790133,,,,,,
raw,1,2099,1.9244415760040283,0.375,0.375,0.375,0.40830774148202953,0.3788882402917796,0.39304825037099594,,,,,,1.4342576418770852,0.28374325134973005,0.3547418967587035,0.3152950995790133,,,,,,
raw,1,2100,1.497348427772522,0.3333333432674408,0.5,0.4000000071525573,0.40605850953559186,0.3825215930830262,0.393938795657375,,,,,,1.4338287093809534,0.28374325134973005,0.3547418967587035,0.3152950995790133,,,,,,
raw,1,2101,1.4606742858886719,0.4375,0.375,0.40384615384615385,0.4070017542495241,0.38229594529053545,0.39426219148084835,,,,,,1.433681100618755,0.28374325134973005,0.3547418967587035,0.3152950995790133,,,,,,
raw,1,2102,1.7399452924728394,0.375,0.375,0.375,0.40604170162203834,0.3820770669318194,0.39369503328139965,,,,,,1.4335219915318729,0.28374325134973005,0.3547418967587035,0.3152950995790133,,,,,,
raw,1,2103,1.8233251571655273,0.4375,0.375,0.40384615384615385,0.4069854505733772,0.38186475492386485,0.39402512227988445,,,,,,1.4333560649548307,0.28374325134973005,0.3547418967587035,0.3152950995790133,,,,,,
raw,1,2104,1.3386743068695068,0.375,0.375,0.375,0.4060258870561759,0.38165881227614895,0.3934654511851848,,,,,,1.4332090360741458,0.28374325134973005,0.3547418967587035,0.3152950995790133,,,,,,
raw,1,2105,1.911643624305725,0.375,0.375,0.375,0.40509511044449065,0.38145904790786445,0.39292194568263306,,,,,,1.4330494018052284,0.28374325134973005,0.3547418967587035,0.3152950995790133,,,,,,
raw,1,2106,1.7502250671386719,0.375,0.375,0.375,0.4041922571311559,0.38126527647062847,0.3923941551766343,,,,,,1.4328942154320996,0.28374325134973005,0.3547418967587035,0.3152950995790133,,,,,,
raw,1,2107,1.804208755493164,0.4375,0.375,0.40384615384615385,0.4051914894172212,0.3810773181765096,0.392764623609091,,,,,,1.4327446062648341,0.28374325134973005,0.3547418967587035,0.3152950995790133,,,,,,
raw,1,2108,1.677199363708496,0.375,0.375,0.375,0.4042857447347046,0.38089499863121434,0.39224196336557476,,,,,,1.4326075778937397,0.28374325134973005,0.3547418967587035,0.3152950995790133,,,,,,
raw,1,2109,1.6629725694656372,0.5,0.375,0.42857142857142855,0.40715717239266347,0.38071814867227793,0.3934940484807934,,,,,,1.4324509412517827,0.28374325134973005,0.3547418967587035,0.3152950995790133,,,,,,
raw,1,2110,1.3732514381408691,0.375,0.375,0.375,0.4061924572208836,0.3805466042121096,0.3929515333087223,,,,,,1.4322895584834126,0.28374325134973005,0.3547418967587035,0.3152950995790133,,,,,,
raw,1,2111,1.7383172512054443,0.4375,0.375,0.40384615384615385,0.4071316835042571,0.3803802060857463,0.39330157607147315,,,,,,1.4321300967314106,0.28374325134973005,0.3547418967587035,0.3152950995790133,,,,,,
raw,1,2112,1.848144292831421,0.375,0.375,0.375,0.40616773299912934,0.38021879990317387,0.39276513912403854,,,,,,1.4319744416193179,0.28374325134973005,0.3547418967587035,0.3152950995790133,,,,,,
raw,1,2113,2.091130256652832,0.4375,0.375,0.40384615384615385,0.40710770100915544,0.3800622359060787,0.3931203564670296,,,,,,1.4318054784666376,0.28374325134973005,0.3547418967587035,0.3152950995790133,,,,,,
raw,1,2114,1.7121238708496094,0.375,0.375,0.375,0.40614446997888076,0.3799103688288963,0.3925896458357037,,,,,,1.4316444176915828,0.28374325134973005,0.3547418967587035,0.3152950995790133,,,,,,
raw,1,2115,2.0848159790039062,0.4375,0.375,0.40384615384615385,0.40708513587951434,0.3797630577640294,0.39294973851569764,,,,,,1.4314909126241122,0.28374325134973005,0.3547418967587035,0.3152950995790133,,,,,,
raw,1,2116,1.5904414653778076,0.375,0.375,0.375,0.4061225818031289,0.3796201660311085,0.39242442226297425,,,,,,1.4313476931474485,0.28374325134973005,0.3547418967587035,0.3152950995790133,,,,,,
raw,1,2117,1.3607583045959473,0.4375,0.375,0.40384615384615385,0.407063904349035,0.3794815610501753,0.39278910797902394,,,,,,1.4311825304676418,0.28374325134973005,0.3547418967587035,0.3152950995790133,,,,,,
raw,1,2118,1.7686538696289062,0.375,0.375,0.375,0.40610198721856394,0.37934711421867007,0.39226887305094216,,,,,,1.4310452291784688,0.28374325134973005,0.3547418967587035,0.3152950995790133,,,,,,
raw,1,2119,1.6705386638641357,0.4375,0.375,0.40384615384615385,0.407043927602007,0.37921670079211,0.3926378855264846,,,,,,1.4308808776781494,0.28374325134973005,0.3547418967587035,0.3152950995790133,,,,,,
raw,1,2120,1.7314772605895996,0.375,0.375,0.375,0.40608260977394683,0.3790901997683467,0.3921224367191104,,,,,,1.430733802028305,0.28374325134973005,0.3547418967587035,0.3152950995790133,,,,,,
raw,1,2121,1.7605648040771484,0.4375,0.375,0.40384615384615385,0.40702513148072844,0.37896749377529626,0.3924955248290474,,,,,,1.4305715310231064,0.28374325134973005,0.3547418967587035,0.3152950995790133,,,,,,
raw,1,2122,1.5583387613296509,0.375,0.375,0.375,0.40606437753630664,0.3788484689620374,0.39198458380685214,,,,,,1.4304209861922734,0.28374325134973005,0.3547418967587035,0.3152950995790133,,,,,,
raw,1,2123,1.573259949684143,0.4375,0.375,0.40384615384615385,0.40700744621021745,0.37873301489317623,0.39236151074797215,,,,,,1.4302808897315147,0.28374325134973005,0.3547418967587035,0.3152950995790133,,,,,,
raw,1,2124,1.4969151020050049,0.375,0.4375,0.40384615384615385,0.4060472228239109,0.3804960244463809,0.39285660275689566,,,,,,1.4301225159604538,0.28374325134973005,0.3547418967587035,0.3152950995790133,,,,,,
raw,1,2125,1.6210501194000244,0.4375,0.375,0.40384615384615385,0.4069908061391936,0.3803311437129895,0.3932096109060661,,,,,,1.4299580333647044,0.28374325134973005,0.3547418967587035,0.3152950995790133,,,,,,
raw,1,2126,1.780303955078125,0.375,0.3125,0.3409090909090909,0.4060310819550178,0.3782962094015998,0.3916732743983398,,,,,,1.4298123656632171,0.28374325134973005,0.3547418967587035,0.3152950995790133,,,,,,
raw,1,2127,1.4622576236724854,0.4375,0.375,0.40384615384615385,0.40697514949636726,0.3781973231195518,0.392058859636045,,,,,,1.4296793179125562,0.28374325134973005,0.3547418967587035,0.3152950995790133,,,,,,
raw,1,2128,1.5902613401412964,0.375,0.375,0.375,0.4060158950114763,0.3781014034259652,0.39156177276794585,,,,,,1.4295192069078992,0.28374325134973005,0.3547418967587035,0.3152950995790133,,,,,,
raw,1,2129,1.596405029296875,0.4375,0.375,0.40384615384615385,0.406960418161132,0.37800836132318627,0.39195046940223277,,,,,,1.42935780986379,0.28374325134973005,0.3547418967587035,0.3152950995790133,,,,,,
raw,1,2130,1.7521991729736328,0.375,0.375,0.375,0.40600160561629806,0.37791811048349067,0.3914568201222362,,,,,,1.429215100751176,0.28374325134973005,0.3547418967587035,0.3152950995790133,,,,,,
raw,1,2131,1.7311058044433594,0.4375,0.375,0.40384615384615385,0.4069465574478091,0.377830567168986,0.3918484466097331,,,,,,1.4290849718442085,0.28374325134973005,0.3547418967587035,0.3152950995790133,,,,,,
raw,1,2132,1.48384690284729,0.375,0.375,0.375,0.4059881607243748,0.37774565015391637,0.3913580340645467,,,,,,1.428943026454035,0.28374325134973005,0.3547418967587035,0.3152950995790133,,,,,,
raw,1,2133,1.6335036754608154,0.4375,0.375,0.40384615384615385,0.4069335159026436,0.3776632806492989,0.39175241932503024,,,,,,1.428780138209098,0.28374325134973005,0.3547418967587035,0.3152950995790133,,,,,,
raw,1,2134,1.7609496116638184,0.375,0.375,0.375,0.40597551042556423,0.3775833822298199,0.3912650542692012,,,,,,1.4286308123711384,0.28374325134973005,0.3547418967587035,0.3152950995790133,,,,,,
raw,1,2135,2.058581829071045,0.4375,0.375,0.40384615384615385,0.4069212451127973,0.37750588076292535,0.3916620370973508,,,,,,1.4284707024824355,0.28374325134973005,0.3547418967587035,0.3152950995790133,,,,,,
raw,1,2136,1.93316650390625,0.4375,0.375,0.40384615384615385,0.4078386077594134,0.37743070434003756,0.39204591497955044,,,,,,1.4283168620786524,0.28374325134973005,0.3547418967587035,0.3152950995790133,,,,,,
raw,1,2137,1.4402227401733398,0.4375,0.375,0.40384615384615385,0.40872844952663095,0.3773577832098365,0.3924171553322963,,,,,,1.4281487979878338,0.28374325134973005,0.3547418967587035,0.3152950995790133,,,,,,
raw,1,2138,1.4581470489501953,0.375,0.4375,0.40384615384615385,0.407716596040832,0.3791620497135414,0.3929212238536862,,,,,,1.4279878938727804,0.28374325134973005,0.3547418967587035,0.3152950995790133,,,,,,
raw,1,2139,1.7211804389953613,0.4375,0.375,0.40384615384615385,0.408610098159607,0.37903718822213517,0.39326847273749005,,,,,,1.4278301842449785,0.28374325134973005,0.3547418967587035,0.3152950995790133,,,,,,
raw,1,2140,1.4024134874343872,0.375,0.375,0.375,0.40760179521481876,0.3789160725754711,0.3927358239207629,,,,,,1.4276751685514053,0.28374325134973005,0.3547418967587035,0.3152950995790133,,,,,,
raw,1,2141,1.4309895038604736,0.4375,0.375,0.40384615384615385,0.40849874135837416,0.37879859039820696,0.39308845886914917,,,,,,1.4275168333489043,0.28374325134973005,0.3547418967587035,0.3152950995790133,,,,,,
raw,1,2142,2.0573415756225586,0.375,0.375,0.375,0.40749377911762297,0.37868463268626074,0.3925613569393893,,,,,,1.4273634483193325,0.28374325134973005,0.3547418967587035,0.3152950995790133,,,,,,
raw,1,2143,1.814223289489746,0.4375,0.375,0.40384615384615385,0.40839396574409426,0.37857409370567296,0.3929190609452043,,,,,,1.4272132544097056,0.28374325134973005,0.3547418967587035,0.3152950995790133,,,,,,
raw,1,2144,1.9277000427246094,0.375,0.375,0.375,0.4073921467717714,0.3784668708945028,0.39239717951848424,,,,,,1.4270557721548534,0.28374325134973005,0.3547418967587035,0.3152950995790133,,,,,,
raw,1,2145,1.6985132694244385,0.5,0.375,0.42857142857142855,0.41017038236861825,0.3783628647676678,0.3936251045328905,,,,,,1.4269082583216823,0.28374325134973005,0.3547418967587035,0.3152950995790133,,,,,,
raw,1,2146,1.504279613494873,0.375,0.375,0.375,0.4091152708975597,0.37826197882463775,0.3930841334104803,,,,,,1.4267628209226473,0.28374325134973005,0.3547418967587035,0.3152950995790133,,,,,,
raw,1,2147,1.578460931777954,0.4375,0.375,0.40384615384615385,0.4099668127706329,0.3781641194598986,0.39342381429038803,,,,,,1.4266206760596205,0.28374325134973005,0.3547418967587035,0.3152950995790133,,,,,,
raw,1,2148,1.7818372249603271,0.375,0.375,0.375,0.4089178083875139,0.37806919587610166,0.3928888943754385,,,,,,1.426470619134078,0.28374325134973005,0.3547418967587035,0.3152950995790133,,,,,,
raw,1,2149,2.314617872238159,0.4375,0.375,0.40384615384615385,0.4097752741358885,0.37797711999981864,0.39323442015039295,,,,,,1.426332843275946,0.28374325134973005,0.3547418967587035,0.3152950995790133,,,,,,
raw,1,2150,1.6583822965621948,0.375,0.3125,0.3409090909090909,0.40873201591181185,0.3760128063998241,0.3916903125674285,,,,,,1.4261779616744228,0.28374325134973005,0.3547418967587035,0.3152950995790133,,,,,,
raw,1,2151,1.647634744644165,0.4375,0.375,0.40384615384615385,0.4095950554344575,0.3759824222078294,0.3920696441776599,,,,,,1.4260337968386783,0.28374325134973005,0.3547418967587035,0.3152950995790133,,,,,,
raw,1,2152,1.508936882019043,0.4375,0.375,0.40384615384615385,0.41043220377142375,0.3759529495415945,0.3924367008828906,,,,,,1.4258860391263959,0.28374325134973005,0.3547418967587035,0.3152950995790133,,,,,,
raw,1,2153,1.3624072074890137,0.4375,0.375,0.40384615384615385,0.41124423765828105,0.37592436105534666,0.39279190641501893,,,,,,1.4257297679052479,0.28374325134973005,0.3547418967587035,0.3152950995790133,,,,,,
raw,1,2154,1.679337501525879,0.375,0.375,0.375,0.41015691052853265,0.37589663022368625,0.39228015023784035,,,,,,1.4255824242804114,0.28374325134973005,0.3547418967587035,0.3152950995790133,,,,,,
raw,1,2155,1.8220844268798828,0.4375,0.375,0.40384615384615385,0.41097720321267667,0.37586973131697565,0.3926402561161139,,,,,,1.4254368893271476,0.28374325134973005,0.3547418967587035,0.3152950995790133,,,,,,
raw,1,2156,1.3308337926864624,0.375,0.375,0.375,0.4098978871162964,0.37584363937746634,0.3921328031480734,,,,,,1.4252989152133617,0.28374325134973005,0.3547418967587035,0.3152950995790133,,,,,,
raw,1,2157,2.6715164184570312,0.4375,0.375,0.40384615384615385,0.41072595050280747,0.3758183301961423,0.39249752283246014,,,,,,1.4251482517385274,0.28374325134973005,0.3547418967587035,0.3152950995790133,,,,,,
raw,1,2158,2.021993637084961,0.375,0.375,0.375,0.40965417198772325,0.375793780290258,0.3919941212055221,,,,,,1.425018379842448,0.28374325134973005,0.3547418967587035,0.3152950995790133,,,,,,
raw,1,2159,1.7651023864746094,0.4375,0.375,0.40384615384615385,0.4104895468280915,0.3757699668815503,0.39236318474304016,,,,,,1.4248573835572034,0.28374325134973005,0.3547418967587035,0.3152950995790133,,,,,,
raw,1,2160,1.7367706298828125,0.375,0.375,0.375,0.40942486042324877,0.3757468678751038,0.391863597197123,,,,,,1.4247036035185172,0.28374325134973005,0.3547418967587035,0.3152950995790133,,,,,,
raw,1,2161,1.7864446640014648,0.4375,0.375,0.40384615384615385,0.4102671146105513,0.37572446183885067,0.39223675028061994,,,,,,1.4245387851920388,0.28374325134973005,0.3547418967587035,0.3152950995790133,,,,,,
raw,1,2162,1.6032423973083496,0.375,0.375,0.375,0.40920910117223475,0.3757027279836851,0.39174075333146824,,,,,,1.4243843121184134,0.28374325134973005,0.3547418967587035,0.3152950995790133,,,,,,
raw,1,2163,1.7192134857177734,0.5,0.375,0.42857142857142855,0.4119328281370677,0.37568164614417454,0.3929729786050088,,,,,,1.424231896578824,0.28374325134973005,0.3547418967587035,0.3152950995790133,,,,,,
raw,1,2164,1.3724956512451172,0.375,0.375,0.375,0.41082484329295565,0.3756611967598493,0.39245693993436287,,,,,,1.42406376284658,0.28374325134973005,0.3547418967587035,0.3152950995790133,,,,,,
raw,1,2165,1.508180022239685,0.4375,0.375,0.40384615384615385,0.41162509799416697,0.3756413608570538,0.39281087168142154,,,,,,1.4239307609237861,0.28374325134973005,0.3547418967587035,0.3152950995790133,,,,,,
raw,1,2166,1.7035739421844482,0.375,0.375,0.375,0.41052634505434193,0.3756221200313422,0.39229937577051255,,,,,,1.4237878015235443,0.28374325134973005,0.3547418967587035,0.3152950995790133,,,,,,
raw,1,2167,1.5299115180969238,0.4375,0.3125,0.3645833333333333,0.41133555470271166,0.373728456430402,0.3916312549141216,,,,,,1.4236492570373807,0.28374325134973005,0.3547418967587035,0.3152950995790133,,,,,,
raw,1,2168,1.381591796875,0.5,0.375,0.42857142857142855,0.41399548806163033,0.37376660273748996,0.3928538550629566,,,,,,1.4235002030442832,0.28374325134973005,0.3547418967587035,0.3152950995790133,,,,,,
raw,1,2169,1.3115413188934326,0.4375,0.375,0.40384615384615385,0.4147006234197814,0.3738036046553652,0.39319151976029215,,,,,,1.4233551609497457,0.28374325134973005,0.3547418967587035,0.3152950995790133,,,,,,
raw,1,2170,1.767207145690918,0.375,0.4375,0.40384615384615385,0.413509604717188,0.37571449651570427,0.393707066720408,,,,,,1.4231930136866358,0.28374325134973005,0.3547418967587035,0.3152950995790133,,,,,,
raw,1,2171,1.6495332717895508,0.375,0.375,0.375,0.41235431657567234,0.3756930616202332,0.3931709182797916,,,,,,1.4230491373560588,0.28374325134973005,0.3547418967587035,0.3152950995790133,,,,,,
raw,1,2172,1.636335849761963,0.4375,0.375,0.40384615384615385,0.41310868707840215,0.37567226977162615,0.3935020915233045,,,,,,1.4229036325506454,0.28374325134973005,0.3547418967587035,0.3152950995790133,,,,,,
raw,1,2173,2.118946075439453,0.375,0.375,0.375,0.41196542646605006,0.3756521016784774,0.3929716461120818,,,,,,1.4227495389783702,0.28374325134973005,0.3547418967587035,0.3152950995790133,,,,,,
raw,1,2174,1.503898024559021,0.4375,0.375,0.40384615384615385,0.41273146367206853,0.37563253862812307,0.39330909838221156,,,,,,1.4226100558877637,0.28374325134973005,0.3547418967587035,0.3152950995790133,,,,,,
raw,1,2175,1.6955642700195312,0.375,0.375,0.375,0.41159951976190645,0.37561356246927935,0.39278402612473656,,,,,,1.422462899816094,0.28374325134973005,0.3547418967587035,0.3152950995790133,,,,,,
raw,1,2176,1.865675449371338,0.4375,0.375,0.40384615384615385,0.41237653416904924,0.37559515559520096,0.3931273941107545,,,,,,1.4223228524356608,0.28374325134973005,0.3547418967587035,0.3152950995790133,,,,,,
raw,1,2177,1.4770091772079468,0.375,0.375,0.375,0.4112552381439778,0.375577300927345,0.3926073838193079,,,,,,1.4221689612310564,0.28374325134973005,0.3547418967587035,0.3152950995790133,,,,,,
raw,1,2178,1.4961166381835938,0.5,0.375,0.42857142857142855,0.4139175809996585,0.37555998189952466,0.39380695926877907,,,,,,1.4220153757116611,0.28374325134973005,0.3547418967587035,0.3152950995790133,,,,,,
raw,1,2179,1.7006397247314453,0.375,0.375,0.375,0.41275005356966876,0.3755431824425389,0.39326854929015626,,,,,,1.4218599403854988,0.28374325134973005,0.3547418967587035,0.3152950995790133,,,,,,
raw,1,2180,1.459445595741272,0.4375,0.3125,0.3645833333333333,0.41349255196257867,0.37365188696926277,0.3925639683060297,,,,,,1.4217127727522927,0.28374325134973005,0.3547418967587035,0.3152950995790133,,,,,,
raw,1,2181,1.3111809492111206,0.375,0.375,0.375,0.4123377754037013,0.3736923303601849,0.39206504447154,,,,,,1.4215597388353949,0.28374325134973005,0.3547418967587035,0.3152950995790133,,,,,,
raw,1,2182,1.7202281951904297,0.4375,0.375,0.40384615384615385,0.41309264214159025,0.3737315604493794,0.39242757721318083,,,,,,1.4214143033455549,0.28374325134973005,0.3547418967587035,0.3152950995790133,,,,,,
raw,1,2183,1.5493594408035278,0.3125,0.375,0.3409090909090909,0.41007486287734257,0.373769613635898,0.391081464887682,,,,,,1.4212725736142935,0.28374325134973005,0.3547418967587035,0.3152950995790133,,,,,,
raw,1,2184,1.6318578720092773,0.4375,0.375,0.40384615384615385,0.4108976169910223,0.373806525226821,0.39147546742210276,,,,,,1.4211333376373618,0.28374325134973005,0.3547418967587035,0.3152950995790133,,,,,,
raw,1,2185,1.6215654611587524,0.375,0.375,0.375,0.4098206884812916,0.3738423294700164,0.39100561679528273,,,,,,1.4209731848512588,0.28374325134973005,0.3547418967587035,0.3152950995790133,,,,,,
raw,1,2186,1.5077323913574219,0.4375,0.375,0.40384615384615385,0.41065106782685284,0.3738770595859159,0.39140219041283897,,,,,,1.4208162745654196,0.28374325134973005,0.3547418967587035,0.3152950995790133,,,,,,
raw,1,2187,1.9022865295410156,0.375,0.375,0.375,0.40958153579204726,0.37391074779833844,0.3909341330857635,,,,,,1.4206789366712391,0.28374325134973005,0.3547418967587035,0.3152950995790133,,,,,,
raw,1,2188,1.7115020751953125,0.4375,0.375,0.40384615384615385,0.41041908971828583,0.3739434253643883,0.39133313306797546,,,,,,1.4205531618830007,0.28374325134973005,0.3547418967587035,0.3152950995790133,,,,,,
raw,1,2189,1.4433972835540771,0.375,0.375,0.375,0.40935651702673725,0.37397512260345667,0.39086676931847286,,,,,,1.4203951751941515,0.28374325134973005,0.3547418967587035,0.3152950995790133,,,,,,
raw,1,2190,2.062234401702881,0.4375,0.375,0.40384615384615385,0.4102008215159351,0.3740058689253529,0.39126805867629094,,,,,,1.420241132374432,0.28374325134973005,0.3547418967587035,0.3152950995790133,,,,,,
raw,1,2191,1.6965885162353516,0.375,0.375,0.375,0.409144796870457,0.3740356928575923,0.3908032939626978,,,,,,1.4200943639890506,0.28374325134973005,0.3547418967587035,0.3152950995790133,,,,,,
raw,1,2192,1.5214319229125977,0.4375,0.375,0.40384615384615385,0.4099954529643433,0.3740646220718645,0.39120674307311876,,,,,,1.4199482801551133,0.28374325134973005,0.3547418967587035,0.3152950995790133,,,,,,
raw,1,2193,1.7570902109146118,0.375,0.375,0.375,0.40894558937541303,0.3740926834097086,0.3907434878090416,,,,,,1.4197885380756987,0.28374325134973005,0.3547418967587035,0.3152950995790133,,,,,,
raw,1,2194,1.5890161991119385,0.4375,0.375,0.40384615384615385,0.40980222169415065,0.37411990290741737,0.39114897406265375,,,,,,1.4196371046946215,0.28374325134973005,0.3547418967587035,0.3152950995790133,,,,,,
raw,1,2195,1.4000964164733887,0.4375,0.3125,0.3645833333333333,0.4106331550433261,0.37227130582019485,0.39051237662495303,,,,,,1.4194869061959017,0.28374325134973005,0.3547418967587035,0.3152950995790133,,,,,,
raw,1,2196,1.9728840589523315,0.4375,0.375,0.40384615384615385,0.41143916039202627,0.37235316664558904,0.39092159739048093,,,,,,1.419332097859747,0.28374325134973005,0.3547418967587035,0.3152950995790133,,,,,,
raw,1,2197,1.340866208076477,0.375,0.4375,0.40384615384615385,0.41034598558026547,0.37430757164622136,0.3914991730624114,,,,,,1.4191875446062858,0.28374325134973005,0.3547418967587035,0.3152950995790133,,,,,,
raw,1,2198,1.6498898267745972,0.4375,0.375,0.40384615384615385,0.4111606060128575,0.3743283444968347,0.3918809268322334,,,,,,1.4190461145131927,0.28374325134973005,0.3547418967587035,0.3152950995790133,,,,,,
raw,1,2199,1.7588179111480713,0.375,0.375,0.375,0.4100757878324718,0.3743484941619297,0.3913985254945191,,,,,,1.418909019918149,0.28374325134973005,0.3547418967587035,0.3152950995790133,,,,,,
raw,1,2200,1.8684253692626953,0.4375,0.375,0.40384615384615385,0.4108985141974976,0.37436803933707186,0.3917835808344059,,,,,,1.4506069644090893,0.28374325134973005,0.3547418967587035,0.3152950995790133,,,,0.4097180563887223,0.3745498199279712,0.39134542896836955
raw,1,2201,1.838819980621338,0.375,0.375,0.375,0.40982155877157267,0.37438699815695975,0.3913037209627844,,,,,,1.450471672694231,0.28374325134973005,0.3547418967587035,0.3152950995790133,,,,,,
raw,1,2202,1.5686562061309814,0.4375,0.375,0.40384615384615385,0.4106519120084255,0.374405388212251,0.39169188922235126,,,,,,1.450328436058133,0.28374325134973005,0.3547418967587035,0.3152950995790133,,,,,,
raw,1,2203,1.8488473892211914,0.375,0.375,0.375,0.4095823546481727,0.37442322656588345,0.39121442613799423,,,,,,1.4501675384929673,0.28374325134973005,0.3547418967587035,0.3152950995790133,,,,,,
raw,1,2204,1.2910335063934326,0.4375,0.375,0.40384615384615385,0.41041988400872753,0.37444052976890696,0.3916055290806425,,,,,,1.4500053159255892,0.28374325134973005,0.3547418967587035,0.3152950995790133,,,,,,
raw,1,2205,1.7242425680160522,0.3333333432674408,0.5,0.4000000071525573,0.4081072877864889,0.3782073138758398,0.3925888207101241,,,,,,1.4495968519274371,0.28374325134973005,0.3547418967587035,0.3152950995790133,,,,,,
raw,1,2206,1.7584080696105957,0.4375,0.375,0.40384615384615385,0.40898906915289424,0.3781110944595646,0.39294440964070354,,,,,,1.4494639882592963,0.28374325134973005,0.3547418967587035,0.3152950995790133,,,,,,
raw,1,2207,1.7020924091339111,0.375,0.375,0.375,0.40796939707830737,0.3780177616257776,0.39242289543160774,,,,,,1.4492927533303144,0.28374325134973005,0.3547418967587035,0.3152950995790133,,,,,,
raw,1,2208,1.7757816314697266,0.375,0.375,0.375,0.4069803151659581,0.37792722877700424,0.3919160769045668,,,,,,1.449145285643114,0.28374325134973005,0.3547418967587035,0.3152950995790133,,,,,,
raw,1,2209,1.7651288509368896,0.3125,0.375,0.3409090909090909,0.40414590571097936,0.3778394119136941,0.39055017504677914,,,,,,1.4489778547306509,0.28374325134973005,0.3547418967587035,0.3152950995790133,,,,,,
raw,1,2210,1.6168098449707031,0.4375,0.375,0.40384615384615385,0.40514652853964994,0.37775422955628324,0.3909711752435029,,,,,,1.448823387149322,0.28374325134973005,0.3547418967587035,0.3152950995790133,,,,,,
raw,1,2211,1.4527298212051392,0.375,0.375,0.375,0.40424213268346043,0.37767160266959476,0.39050541565995767,,,,,,1.4486609200814118,0.28374325134973005,0.3547418967587035,0.3152950995790133,,,,,,
raw,1,2212,1.5110082626342773,0.4375,0.375,0.40384615384615385,0.4052398687029566,0.37759145458950694,0.3909274116361442,,,,,,1.4485123972875227,0.28374325134973005,0.3547418967587035,0.3152950995790133,,,,,,
raw,1,2213,1.5634427070617676,0.4375,0.375,0.40384615384615385,0.40620767264186786,0.37751371095182173,0.39133541364653174,,,,,,1.4483590589697257,0.28374325134973005,0.3547418967587035,0.3152950995790133,,,,,,
raw,1,2214,2.092806339263916,0.375,0.375,0.375,0.4052714424626118,0.37743829962326714,0.39085999804043225,,,,,,1.4482048791327915,0.28374325134973005,0.3547418967587035,0.3152950995790133,,,,,,
raw,1,2215,1.5703871250152588,0.4375,0.375,0.40384615384615385,0.40623829918873344,0.3773651506345691,0.39126978576078436,,,,,,1.4480504647855574,0.28374325134973005,0.3547418967587035,0.3152950995790133,,,,,,
raw,1,2216,1.7487715482711792,0.375,0.375,0.375,0.40530115021307145,0.37729419611553205,0.3907965268940731,,,,,,1.4478874330324936,0.28374325134973005,0.3547418967587035,0.3152950995790133,,,,,,
raw,1,2217,1.4033126831054688,0.4375,0.375,0.40384615384615385,0.4062671157066793,0.37722537023206604,0.3912079972329112,,,,,,1.447729260577361,0.28374325134973005,0.3547418967587035,0.3152950995790133,,,,,,
raw,1,2218,1.5691299438476562,0.375,0.375,0.375,0.4053291022354789,0.377158609125104,0.3907367699647204,,,,,,1.4475690499098275,0.28374325134973005,0.3547418967587035,0.3152950995790133,,,,,,
raw,1,2219,2.0028791427612305,0.4375,0.3125,0.3645833333333333,0.4062942291684145,0.3752188508513509,0.39013871341027917,,,,,,1.4474161654799458,0.28374325134973005,0.3547418967587035,0.3152950995790133,,,,,,
raw,1,2220,1.8657206296920776,0.4375,0.375,0.40384615384615385,0.40723040229336205,0.3752122853258104,0.39056624163381715,,,,,,1.4472424742792795,0.28374325134973005,0.3547418967587035,0.3152950995790133,,,,,,
raw,1,2221,1.7997145652770996,0.375,0.375,0.375,0.4062634902245612,0.3752059167660361,0.3901175501809762,,,,,,1.4470867185502052,0.28374325134973005,0.3547418967587035,0.3152950995790133,,,,,,
raw,1,2222,1.8672077655792236,0.4375,0.375,0.40384615384615385,0.40720058551782434,0.37519973926305505,0.39054573132197856,,,,,,1.446942807155716,0.28374325134973005,0.3547418967587035,0.3152950995790133,,,,,,
raw,1,2223,1.8729057312011719,0.375,0.4375,0.40384615384615385,0.4062345679522896,0.3770687470851634,0.39110867174902336,,,,,,1.446770968780927,0.28374325134973005,0.3547418967587035,0.3152950995790133,,,,,,
raw,1,2224,1.8728184700012207,0.4375,0.375,0.40384615384615385,0.4071725309137209,0.37700668467260856,0.39150939713381816,,,,,,1.446614160341727,0.28374325134973005,0.3547418967587035,0.3152950995790133,,,,,,
raw,1,2225,1.7231299877166748,0.375,0.375,0.375,0.40620735498630933,0.37694648413243026,0.3910302845814382,,,,,,1.44644720894382,0.28374325134973005,0.3547418967587035,0.3152950995790133,,,,,,
raw,1,2226,1.7611274719238281,0.4375,0.375,0.40384615384615385,0.40714613433672003,0.3768880896084573,0.3914332412416845,,,,,,1.4462966511680155,0.28374325134973005,0.3547418967587035,0.3152950995790133,,,,,,
raw,1,2227,1.523784875869751,0.375,0.3125,0.3409090909090909,0.4061817503066184,0.37495644692020363,0.38994499677391886,,,,,,1.4461376940727437,0.28374325134973005,0.3547418967587035,0.3152950995790133,,,,,,
raw,1,2228,1.4070944786071777,0.4375,0.375,0.40384615384615385,0.40712129779741985,0.3749577535125975,0.3903781516038633,,,,,,1.4459812809694819,0.28374325134973005,0.3547418967587035,0.3152950995790133,,,,,,
raw,1,2229,1.6048285961151123,0.4375,0.375,0.40384615384615385,0.4080326588634972,0.37495902090721955,0.39079732318593235,,,,,,1.4458157008524006,0.28374325134973005,0.3547418967587035,0.3152950995790133,,,,,,
raw,1,2230,1.2662243843078613,0.375,0.375,0.375,0.40704167909759226,0.374960250280003,0.39034289848952547,,,,,,1.4456476126457387,0.28374325134973005,0.3547418967587035,0.3152950995790133,,,,,,
raw,1,2231,1.9263346195220947,0.4375,0.375,0.40384615384615385,0.4079554287246645,0.3749614427716029,0.3907632130822903,,,,,,1.4454942224562985,0.28374325134973005,0.3547418967587035,0.3152950995790133,,,,,,
raw,1,2232,1.7952041625976562,0.375,0.375,0.375,0.4069667658629246,0.3749625994884548,0.39030972155598265,,,,,,1.445337811783156,0.28374325134973005,0.3547418967587035,0.3152950995790133,,,,,,
raw,1,2233,1.3852133750915527,0.4375,0.375,0.40384615384615385,0.40788276288703684,0.3749637215038012,0.39073111206058525,,,,,,1.4452064259292425,0.28374325134973005,0.3547418967587035,0.3152950995790133,,,,,,
raw,1,2234,1.7399673461914062,0.375,0.375,0.375,0.40689628000042577,0.3749648098586872,0.3902784989340226,,,,,,1.445052257117281,0.28374325134973005,0.3547418967587035,0.3152950995790133,,,,,,
raw,1,2235,1.4326224327087402,0.4375,0.375,0.40384615384615385,0.407814391600413,0.37496586556292655,0.39070090216534087,,,,,,1.4449004391498874,0.28374325134973005,0.3547418967587035,0.3152950995790133,,,,,,
raw,1,2236,1.995640516281128,0.4375,0.4375,0.4375,0.4087049598524006,0.37684188959603876,0.39212721549629476,,,,,,1.4447411720482994,0.28374325134973005,0.3547418967587035,0.3152950995790133,,,,,,
raw,1,2237,1.7571994066238403,0.3125,0.375,0.3409090909090909,0.40581881105682854,0.3767866329081576,0.3907642211487998,,,,,,1.4445881505587832,0.28374325134973005,0.3547418967587035,0.3152950995790133,,,,,,
raw,1,2238,1.7357330322265625,0.4375,0.375,0.40384615384615385,0.40676924672512366,0.37673303392091284,0.39117540869982753,,,,,,1.4444254136282417,0.28374325134973005,0.3547418967587035,0.3152950995790133,,,,,,
raw,1,2239,1.7011590003967285,0.375,0.375,0.375,0.40581616932336995,0.3766810429032854,0.39070620444195375,,,,,,1.4442717686467208,0.28374325134973005,0.3547418967587035,0.3152950995790133,,,,,,
raw,1,2240,1.9028635025024414,0.4375,0.375,0.40384615384615385,0.40676668424366885,0.37663061161618683,0.39111900406454275,,,,,,1.4441218431250036,0.28374325134973005,0.3547418967587035,0.3152950995790133,,,,,,
raw,1,2241,1.4341228008270264,0.375,0.375,0.375,0.40581368371635873,0.3765816932677012,0.3906516031682105,,,,,,1.443956071887553,0.28374325134973005,0.3547418967587035,0.3152950995790133,,,,,,
raw,1,2242,1.7882801294326782,0.4375,0.375,0.40384615384615385,0.40676427320486797,0.37653424246967016,0.39106592036122134,,,,,,1.4438011876449597,0.28374325134973005,0.3547418967587035,0.3152950995790133,,,,,,
raw,1,2243,1.4747917652130127,0.375,0.375,0.375,0.40581134500872196,0.37648821519558007,0.39060021700268194,,,,,,1.4436588461881454,0.28374325134973005,0.3547418967587035,0.3152950995790133,,,,,,
raw,1,2244,1.5236384868621826,0.4375,0.375,0.40384615384615385,0.4067620046584603,0.37644356873971263,0.39101596276180844,,,,,,1.4434990450980407,0.28374325134973005,0.3547418967587035,0.3152950995790133,,,,,,
raw,1,2245,1.5722562074661255,0.4375,0.375,0.40384615384615385,0.4076841445187065,0.3764002616775213,0.3914181112797542,,,,,,1.4433532720712676,0.28374325134973005,0.3547418967587035,0.3152950995790133,,,,,,
raw,1,2246,1.6663360595703125,0.375,0.3125,0.3409090909090909,0.4067036201831453,0.37448325382719566,0.38992896602988253,,,,,,1.443219748708816,0.28374325134973005,0.3547418967587035,0.3152950995790133,,,,,,
raw,1,2247,1.769741177558899,0.4375,0.375,0.40384615384615385,0.4076275115776509,0.3744987562123798,0.39036151161402927,,,,,,1.4430899631508711,0.28374325134973005,0.3547418967587035,0.3152950995790133,,,,,,
raw,1,2248,1.8882591724395752,0.375,0.375,0.375,0.40664868623032135,0.37451379352600844,0.38992026898166215,,,,,,1.442942491814949,0.28374325134973005,0.3547418967587035,0.3152950995790133,,,,,,
raw,1,2249,1.5188751220703125,0.4375,0.375,0.40384615384615385,0.4075742256434117,0.37452837972022823,0.3903531667049739,,,,,,1.4427912797243265,0.28374325134973005,0.3547418967587035,0.3152950995790133,,,,,,
raw,1,2250,1.8682212829589844,0.375,0.375,0.375,0.4065969988741094,0.37454252832862134,0.38991207758870705,,,,,,1.4426534937333328,0.28374325134973005,0.3547418967587035,0.3152950995790133,,,,,,
raw,1,2251,1.5269079208374023,0.4375,0.375,0.40384615384615385,0.4075240889078861,0.3745562524787627,0.3903453071471506,,,,,,1.4425031877832082,0.28374325134973005,0.3547418967587035,0.3152950995790133,,,,,,
raw,1,2252,1.8531394004821777,0.4375,0.375,0.40384615384615385,0.4084233662406495,0.37456956490439974,0.39076460719978157,,,,,,1.4423596015097717,0.28374325134973005,0.3547418967587035,0.3152950995790133,,,,,,
raw,1,2253,1.8017642498016357,0.375,0.375,0.375,0.40742066525343,0.37458247795726773,0.3903120944886263,,,,,,1.4422003818464268,0.28374325134973005,0.3547418967587035,0.3152950995790133,,,,,,
raw,1,2254,1.8968613147735596,0.4375,0.375,0.40384615384615385,0.4083230452958271,0.3745950036185497,0.3907325239013757,,,,,,1.4420345908606953,0.28374325134973005,0.3547418967587035,0.3152950995790133,,,,,,
raw,1,2255,2.0470705032348633,0.375,0.375,0.375,0.4073233539369523,0.3746071535099932,0.39028082604084424,,,,,,1.4418639741019974,0.28374325134973005,0.3547418967587035,0.3152950995790133,,,,,,
raw,1,2256,1.8418550491333008,0.4375,0.375,0.40384615384615385,0.4082286533188437,0.37461893890469344,0.3907023192149742,,,,,,1.4417189528812098,0.28374325134973005,0.3547418967587035,0.3152950995790133,,,,,,
raw,1,2257,1.7117118835449219,0.375,0.375,0.375,0.4072317937192784,0.3746303707375527,0.39025138903647566,,,,,,1.4415849830305711,0.28374325134973005,0.3547418967587035,0.3152950995790133,,,,,,
raw,1,2258,1.4595240354537964,0.4375,0.375,0.40384615384615385,0.40813983990770003,0.37464145961542605,0.3906738841190462,,,,,,1.4414443879982297,0.28374325134973005,0.3547418967587035,0.3152950995790133,,,,,,
raw,1,2259,1.6449394226074219,0.4375,0.375,0.40384615384615385,0.409020644710469,0.3746522158269633,0.3910828065544085,,,,,,1.441281860424966,0.28374325134973005,0.3547418967587035,0.3152950995790133,,,,,,
raw,1,2260,1.873885154724121,0.375,0.375,0.375,0.4080000253691549,0.37466264935215443,0.39062133758962014,,,,,,1.4411311823893835,0.28374325134973005,0.3547418967587035,0.3152950995790133,,,,,,
raw,1,2261,1.9412660598754883,0.4375,0.375,0.40384615384615385,0.40888502460808024,0.3746727698715898,0.3910319974052594,,,,,,1.4409880913755013,0.28374325134973005,0.3547418967587035,0.3152950995790133,,,,,,
raw,1,2262,1.5758538246154785,0.375,0.375,0.375,0.4078684738698378,0.3746825867754421,0.39057186818630996,,,,,,1.4408450340406707,0.28374325134973005,0.3547418967587035,0.3152950995790133,,,,,,
raw,1,2263,1.3887476921081543,0.4375,0.375,0.40384615384615385,0.4087574196537427,0.37469210917217877,0.39098416445373657,,,,,,1.4406895953159518,0.28374325134973005,0.3547418967587035,0.3152950995790133,,,,,,
raw,1,2264,1.8308792114257812,0.375,0.375,0.375,0.4077446970641304,0.3747013458970134,0.3905252972948752,,,,,,1.4405328749558308,0.28374325134973005,0.3547418967587035,0.3152950995790133,,,,,,
raw,1,2265,2.0708603858947754,0.4375,0.375,0.40384615384615385,0.4086373561522065,0.374710305520103,0.39093913485063536,,,,,,1.4403778955408424,0.28374325134973005,0.3547418967587035,0.3152950995790133,,,,,,
raw,1,2266,1.6923446655273438,0.375,0.375,0.375,0.40762823546764027,0.3747189963544999,0.39048145648686955,,,,,,1.4402282955869394,0.28374325134973005,0.3547418967587035,0.3152950995790133,,,,,,
raw,1,2267,1.980867862701416,0.4375,0.375,0.40384615384615385,0.40852438840361105,0.3747274264638649,0.3908967456145918,,,,,,1.440086167093078,0.28374325134973005,0.3547418967587035,0.3152950995790133,,,,,,
raw,1,2268,1.586695671081543,0.375,0.375,0.375,0.4075186567515027,0.37473560366994896,0.390440186959839,,,,,,1.439940253527337,0.28374325134973005,0.3547418967587035,0.3152950995790133,,,,,,
raw,1,2269,1.704000473022461,0.375,0.4375,0.40384615384615385,0.40654309704895764,0.3766185355598505,0.3910091084071898,,,,,,1.4397838875275435,0.28374325134973005,0.3547418967587035,0.3152950995790133,,,,,,
raw,1,2270,1.8881464004516602,0.4375,0.375,0.40384615384615385,0.4074718041374889,0.37656997949305493,0.3914119174045374,,,,,,1.4396347002202625,0.28374325134973005,0.3547418967587035,0.3152950995790133,,,,,,
raw,1,2271,1.928112506866455,0.4375,0.375,0.40384615384615385,0.4083726500133642,0.3765228801082633,0.3918015594168278,,,,,,1.4394636011889048,0.28374325134973005,0.3547418967587035,0.3152950995790133,,,,,,
raw,1,2272,1.358656644821167,0.4375,0.375,0.40384615384615385,0.40924647051296326,0.3764771937050154,0.39217849676386857,,,,,,1.4393087178697166,0.28374325134973005,0.3547418967587035,0.3152950995790133,,,,,,
raw,1,2273,1.7682247161865234,0.375,0.375,0.375,0.4082190763975744,0.3764328778938649,0.39168214875162,,,,,,1.4391529268367833,0.28374325134973005,0.3547418967587035,0.3152950995790133,,,,,,
raw,1,2274,1.8273849487304688,0.5,0.375,0.42857142857142855,0.4109725041056472,0.37638989155704894,0.3929217272894003,,,,,,1.4389906018029939,0.28374325134973005,0.3547418967587035,0.3152950995790133,,,,,,
raw,1,2275,1.4179805517196655,0.4375,0.3125,0.3645833333333333,0.4117683289824777,0.3744731948103375,0.39223622006617703,,,,,,1.438843469186814,0.28374325134973005,0.3547418967587035,0.3152950995790133,,,,,,
raw,1,2276,1.9585012197494507,0.375,0.375,0.375,0.41066527911300343,0.3744889989660274,0.39174372114840084,,,,,,1.438705669639718,0.28374325134973005,0.3547418967587035,0.3152950995790133,,,,,,
raw,1,2277,1.4490985870361328,0.4375,0.375,0.40384615384615385,0.4114703207396133,0.37450432899704655,0.39211803185361926,,,,,,1.438556520992536,0.28374325134973005,0.3547418967587035,0.3152950995790133,,,,,,
raw,1,2278,1.5615549087524414,0.375,0.375,0.375,0.41037621111742495,0.37451919912713516,0.3916286626791148,,,,,,1.4384029866549601,0.28374325134973005,0.3547418967587035,0.3152950995790133,,,,,,
raw,1,2279,1.1788361072540283,0.4375,0.375,0.40384615384615385,0.4111899247839022,0.37453362315332106,0.3920067121260846,,,,,,1.438271297279511,0.28374325134973005,0.3547418967587035,0.3152950995790133,,,,,,
raw,1,2280,1.5204603672027588,0.375,0.375,0.375,0.4101042270403852,0.3745476144587214,0.39152029420831747,,,,,,1.4381375424122795,0.28374325134973005,0.3547418967587035,0.3152950995790133,,,,,,
raw,1,2281,1.899932861328125,0.4375,0.375,0.40384615384615385,0.41092610022917364,0.3745611860249598,0.391901868213442,,,,,,1.4379999106093813,0.28374325134973005,0.3547418967587035,0.3152950995790133,,,,,,
raw,1,2282,1.7572784423828125,0.4375,0.375,0.40384615384615385,0.41172331722229843,0.37457435044421106,0.3922712744880929,,,,,,1.4378574080631015,0.28374325134973005,0.3547418967587035,0.3152950995790133,,,,,,
raw,1,2283,1.808306336402893,0.375,0.375,0.375,0.41062161770562944,0.37458711993088467,0.39177752815306877,,,,,,1.4377227230836658,0.28374325134973005,0.3547418967587035,0.3152950995790133,,,,,,
raw,1,2284,1.291773796081543,0.4375,0.375,0.40384615384615385,0.41142796917446056,0.37459950633295813,0.3921509589593724,,,,,,1.4375781812609467,0.28374325134973005,0.3547418967587035,0.3152950995790133,,,,,,
raw,1,2285,1.7872745990753174,0.375,0.375,0.375,0.41033513009922673,0.37461152114296936,0.391660419269539,,,,,,1.4374403413129142,0.28374325134973005,0.3547418967587035,0.3152950995790133,,,,,,
raw,1,2286,1.6797964572906494,0.4375,0.375,0.40384615384615385,0.41115007619624994,0.3746231755086803,0.39203764399227536,,,,,,1.4372928968066492,0.28374325134973005,0.3547418967587035,0.3152950995790133,,,,,,
raw,1,2287,1.7997722625732422,0.375,0.375,0.375,0.41006557391036247,0.37463448024341983,0.39155012755363355,,,,,,1.4371594722780927,0.28374325134973005,0.3547418967587035,0.3152950995790133,,,,,,
raw,1,2288,1.8739066123962402,0.4375,0.375,0.40384615384615385,0.4108886066930516,0.37464544583611725,0.3919309283865406,,,,,,1.43701172521853,0.28374325134973005,0.3547418967587035,0.3152950995790133,,,,,,
raw,1,2289,1.5187993049621582,0.375,0.375,0.375,0.4098119484922601,0.37465608246103377,0.39144626194964627,,,,,,1.4368751173001306,0.28374325134973005,0.3547418967587035,0.3152950995790133,,,,,,
raw,1,2290,1.4605512619018555,0.4375,0.375,0.40384615384615385,0.41064259003749226,0.37466639998720275,0.3918304332309499,,,,,,1.4367416500000032,0.28374325134973005,0.3547418967587035,0.3152950995790133,,,,,,
raw,1,2291,1.6080702543258667,0.4375,0.375,0.40384615384615385,0.41144831233636747,0.3746764079875866,0.3922023357189862,,,,,,1.4365970717590608,0.28374325134973005,0.3547418967587035,0.3152950995790133,,,,,,
raw,1,2292,1.5745787620544434,0.375,0.375,0.375,0.41035486296627643,0.37468611574795907,0.3917101752699424,,,,,,1.4364706674520056,0.28374325134973005,0.3547418967587035,0.3152950995790133,,,,,,
raw,1,2293,1.6490426063537598,0.375,0.375,0.375,0.4092942170772882,0.3746955322755203,0.3912314278386106,,,,,,1.4363359758395127,0.28374325134973005,0.3547418967587035,0.3152950995790133,,,,,,
raw,1,2294,1.395888328552246,0.375,0.375,0.375,0.4082653905649696,0.37470466630725474,0.39076576580095995,,,,,,1.4361978391891912,0.28374325134973005,0.3547418967587035,0.3152950995790133,,,,,,
raw,1,2295,1.8447952270507812,0.4375,0.375,0.40384615384615385,0.4091424288480205,0.3747135263180371,0.39117187608146664,,,,,,1.4360515345969507,0.28374325134973005,0.3547418967587035,0.3152950995790133,,,,,,
raw,1,2296,1.8638269901275635,0.375,0.4375,0.40384615384615385,0.40811815598257983,0.376597120528496,0.39172455788496374,,,,,,1.4359052281794462,0.28374325134973005,0.3547418967587035,0.3152950995790133,,,,,,
raw,1,2297,1.7833409309387207,0.4375,0.375,0.40384615384615385,0.4089996113031024,0.37654920691264104,0.3921041587550698,,,,,,1.4357432433173731,0.28374325134973005,0.3547418967587035,0.3152950995790133,,,,,,
raw,1,2298,1.8588454723358154,0.4375,0.375,0.40384615384615385,0.4098546229640093,0.37650273070526186,0.3924713974329433,,,,,,1.4355952465622275,0.28374325134973005,0.3547418967587035,0.3152950995790133,,,,,,
raw,1,2299,1.520401120185852,0.375,0.375,0.375,0.40880898427508905,0.37645764878410404,0.3919669130024449,,,,,,1.435455853588515,0.28374325134973005,0.3547418967587035,0.3152950995790133,,,,,,
raw,1,2300,1.3181092739105225,0.4375,0.375,0.40384615384615385,0.4096697147468364,0.3764139193205809,0.3923383626673389,,,,,,1.435307092173917,0.28374325134973005,0.3547418967587035,0.3152950995790133,,,,,,
raw,1,2301,1.76898193359375,0.375,0.375,0.375,0.4086296233044313,0.37637150174096345,0.39183776958291444,,,,,,1.4351810009126496,0.28374325134973005,0.3547418967587035,0.3152950995790133,,,,,,
raw,1,2302,1.850968837738037,0.4375,0.375,0.40384615384615385,0.40949573460529837,0.3763303566887346,0.39221318195927796,,,,,,1.435028217767162,0.28374325134973005,0.3547418967587035,0.3152950995790133,,,,,,
raw,1,2303,1.9254150390625,0.375,0.3125,0.3409090909090909,0.4084608625671394,0.3744154459880726,0.3906978774437207,,,,,,1.434903321363441,0.28374325134973005,0.3547418967587035,0.3152950995790133,,,,,,
raw,1,2304,1.5805904865264893,0.375,0.375,0.375,0.40745703669012523,0.3744329826084304,0.39024760456603536,,,,,,1.4347492587673654,0.28374325134973005,0.3547418967587035,0.3152950995790133,,,,,,
raw,1,2305,2.0170907974243164,0.4375,0.375,0.40384615384615385,0.4083583255894215,0.37444999313017746,0.3906697682051122,,,,,,1.4345942248156196,0.28374325134973005,0.3547418967587035,0.3152950995790133,,,,,,
raw,1,2306,1.9817497730255127,0.375,0.375,0.375,0.4073575758217388,0.37446649333627213,0.39022017604602954,,,,,,1.434453744058977,0.28374325134973005,0.3547418967587035,0.3152950995790133,,,,,,
raw,1,2307,1.8948421478271484,0.4375,0.375,0.40384615384615385,0.40826184854708664,0.374482498536184,0.39064329923458285,,,,,,1.4342987977893404,0.28374325134973005,0.3547418967587035,0.3152950995790133,,,,,,
raw,1,2308,1.451075553894043,0.375,0.375,0.375,0.40726399309067407,0.3744980235800984,0.39019434875416226,,,,,,1.4341472904246104,0.28374325134973005,0.3547418967587035,0.3152950995790133,,,,,,
raw,1,2309,1.2842133045196533,0.4375,0.375,0.40384615384615385,0.4081710732979538,0.37451308287269547,0.3906183759951933,,,,,,1.433992496968389,0.28374325134973005,0.3547418967587035,0.3152950995790133,,,,,,
raw,1,2310,1.8472740650177002,0.3333333432674408,0.5,0.4000000071525573,0.4059259413970384,0.3782776903865146,0.391614426039856,,,,,,1.4336106487012996,0.28374325134973005,0.3547418967587035,0.3152950995790133,,,,,,
raw,1,2311,1.6924803256988525,0.4375,0.375,0.40384615384615385,0.4068731631551272,0.3781793596749191,0.3920018797117501,,,,,,1.4334856455214209,0.28374325134973005,0.3547418967587035,0.3152950995790133,,,,,,
raw,1,2312,1.9065738916397095,0.375,0.375,0.375,0.4059169682604734,0.3780839788846715,0.3915064210459688,,,,,,1.4333521211072706,0.28374325134973005,0.3547418967587035,0.3152950995790133,,,,,,
raw,1,2313,1.3731465339660645,0.4375,0.375,0.40384615384615385,0.4068644592126592,0.3779914595181313,0.39189687455641,,,,,,1.4332118416774795,0.28374325134973005,0.3547418967587035,0.3152950995790133,,,,,,
raw,1,2314,1.2238097190856934,0.375,0.375,0.375,0.4059085254362794,0.37790171573258735,0.3914047562433085,,,,,,1.4331004238548,0.28374325134973005,0.3547418967587035,0.3152950995790133,,,,,,
raw,1,2315,1.96547532081604,0.4375,0.375,0.40384615384615385,0.40685626967319105,0.3778146642606097,0.3917980347717815,,,,,,1.4329618949892042,0.28374325134973005,0.3547418967587035,0.3152950995790133,,,,,,
raw,1,2316,1.5664796829223633,0.375,0.375,0.375,0.40590058158299536,0.37773022433279146,0.39130906182019615,,,,,,1.432820414119172,0.28374325134973005,0.3547418967587035,0.3152950995790133,,,,,,
raw,1,2317,1.5242056846618652,0.4375,0.375,0.40384615384615385,0.40684856413550546,0.3776483176028077,0.39170500059716923,,,,,,1.4326838667242128,0.28374325134973005,0.3547418967587035,0.3152950995790133,,,,,,
raw,1,2318,1.7372509241104126,0.375,0.375,0.375,0.40589310721144034,0.37756886807472345,0.3912189892641045,,,,,,1.4325296737704938,0.28374325134973005,0.3547418967587035,0.3152950995790133,,,,,,
raw,1,2319,2.1009912490844727,0.4375,0.375,0.40384615384615385,0.4068413139950971,0.3774918020324818,0.3916174330088385,,,,,,1.4323852325140172,0.28374325134973005,0.3547418967587035,0.3152950995790133,,,,,,
raw,1,2320,1.5078086853027344,0.3125,0.375,0.3409090909090909,0.4040110745752442,0.3774170479715073,0.3902615294085798,,,,,,1.4322420690948312,0.28374325134973005,0.3547418967587035,0.3152950995790133,,,,,,
raw,1,2321,2.168729066848755,0.4375,0.375,0.40384615384615385,0.4050157423379869,0.3773445365323621,0.3906907896743183,,,,,,1.4320874344248178,0.28374325134973005,0.3547418967587035,0.3152950995790133,,,,,,
raw,1,2322,1.7188382148742676,0.4375,0.375,0.40384615384615385,0.40599027006784727,0.37727420043639126,0.3911058404735155,,,,,,1.4319424686907827,0.28374325134973005,0.3547418967587035,0.3152950995790133,,,,,,
raw,1,2323,1.4826741218566895,0.4375,0.375,0.40384615384615385,0.4069355619658118,0.3772059744232995,0.39150719112687604,,,,,,1.431802095436936,0.28374325134973005,0.3547418967587035,0.3152950995790133,,,,,,
raw,1,2324,1.7255098819732666,0.375,0.375,0.375,0.40597749510683745,0.3771397951906005,0.39102768194131543,,,,,,1.4316679367900167,0.28374325134973005,0.3547418967587035,0.3152950995790133,,,,,,
raw,1,2325,1.6542270183563232,0.4375,0.375,0.40384615384615385,0.40692317025363234,0.3770756013348825,0.3914312233157918,,,,,,1.4315203812042996,0.28374325134973005,0.3547418967587035,0.3152950995790133,,,,,,
raw,1,2326,1.4298869371414185,0.375,0.375,0.375,0.4059654751460233,0.377013333294836,0.3909541237577052,,,,,,1.4313871049441143,0.28374325134973005,0.3547418967587035,0.3152950995790133,,,,,,
raw,1,2327,1.49283766746521,0.4375,0.375,0.40384615384615385,0.4069115108916426,0.3769529332959909,0.3913597274627554,,,,,,1.4312575004297379,0.28374325134973005,0.3547418967587035,0.3152950995790133,,,,,,
raw,1,2328,1.4869191646575928,0.375,0.375,0.375,0.4059541655648934,0.3768943452971112,0.39088489619209543,,,,,,1.431114315549832,0.28374325134973005,0.3547418967587035,0.3152950995790133,,,,,,
raw,1,2329,1.5000784397125244,0.4375,0.375,0.40384615384615385,0.40690054059794656,0.37683751493819784,0.39129244130181945,,,,,,1.4309663242593382,0.28374325134973005,0.3547418967587035,0.3152950995790133,,,,,,
raw,1,2330,1.4256535768508911,0.4375,0.375,0.40384615384615385,0.40781852438000815,0.37678238949005194,0.39168661513859604,,,,,,1.4308312826609484,0.28374325134973005,0.3547418967587035,0.3152950995790133,,,,,,
raw,1,2331,2.190288543701172,0.375,0.375,0.375,0.4068339686486079,0.37672891780535034,0.3912031143513118,,,,,,1.4306863993564987,0.28374325134973005,0.3547418967587035,0.3152950995790133,,,,,,
raw,1,2332,1.9376251697540283,0.4375,0.375,0.40384615384615385,0.4077539495891496,0.3766770502711898,0.39159991126055405,,,,,,1.4305395659519717,0.28374325134973005,0.3547418967587035,0.3152950995790133,,,,,,
raw,1,2333,2.1170058250427246,0.375,0.375,0.375,0.4067713311014751,0.3766267387630541,0.3911190638535723,,,,,,1.4303947981568785,0.28374325134973005,0.3547418967587035,0.3152950995790133,,,,,,
raw,1,2334,1.6280421018600464,0.4375,0.375,0.40384615384615385,0.40769319116843084,0.3765779366001625,0.3915183289558589,,,,,,1.4302428395029998,0.28374325134973005,0.3547418967587035,0.3152950995790133,,,,,,
raw,1,2335,1.5595736503601074,0.375,0.375,0.375,0.4067123954333779,0.37653059850215764,0.39103997828643217,,,,,,1.4301112800856568,0.28374325134973005,0.3547418967587035,0.3152950995790133,,,,,,
raw,1,2336,1.5406265258789062,0.4375,0.375,0.40384615384615385,0.40763602357037654,0.37648468054709294,0.39144156583930534,,,,,,1.429976268707191,0.28374325134973005,0.3547418967587035,0.3152950995790133,,,,,,
raw,1,2337,1.6480295658111572,0.375,0.375,0.375,0.40665694286326526,0.37644014013068017,0.39096556450267134,,,,,,1.4298401210526341,0.28374325134973005,0.3547418967587035,0.3152950995790133,,,,,,
raw,1,2338,1.5031852722167969,0.4375,0.375,0.40384615384615385,0.4075822345773673,0.3763969359267597,0.391369337362504,,,,,,1.4297073338751105,0.28374325134973005,0.3547418967587035,0.3152950995790133,,,,,,
raw,1,2339,1.453341007232666,0.375,0.375,0.375,0.40660476754004626,0.3763550278489569,0.39089554664814674,,,,,,1.4295826020949118,0.28374325134973005,0.3547418967587035,0.3152950995790133,,,,,,
raw,1,2340,1.788512945175171,0.4375,0.375,0.40384615384615385,0.40753162451384484,0.37631437701348824,0.39130137576360297,,,,,,1.4294490150854704,0.28374325134973005,0.3547418967587035,0.3152950995790133,,,,,,
raw,1,2341,1.6913365125656128,0.375,0.375,0.375,0.40655567577842944,0.3762749457030836,0.3908296651433982,,,,,,1.4293225889790702,0.28374325134973005,0.3547418967587035,0.3152950995790133,,,,,,
raw,1,2342,1.4830553531646729,0.5,0.375,0.42857142857142855,0.40935900550507653,0.37623669733199105,0.39209959957299106,,,,,,1.4291855423142596,0.28374325134973005,0.3547418967587035,0.3152950995790133,,,,,,
raw,1,2343,1.301671028137207,0.375,0.375,0.375,0.40832823533992424,0.37619959641203127,0.3916060364499198,,,,,,1.4290580641485269,0.28374325134973005,0.3547418967587035,0.3152950995790133,,,,,,
raw,1,2344,2.020249366760254,0.4375,0.375,0.40384615384615385,0.4092033882797265,0.37616360851967034,0.391988519459253,,,,,,1.4289265194965868,0.28374325134973005,0.3547418967587035,0.3152950995790133,,,,,,
raw,1,2345,1.5037727355957031,0.375,0.375,0.375,0.4081772866313347,0.3761287002640802,0.3914982031583938,,,,,,1.4287855430703629,0.28374325134973005,0.3547418967587035,0.3152950995790133,,,,,,
raw,1,2346,1.6262352466583252,0.4375,0.375,0.40384615384615385,0.4090569680323946,0.37609483925615783,0.39188399800044077,,,,,,1.428643446973573,0.28374325134973005,0.3547418967587035,0.3152950995790133,,,,,,
raw,1,2347,2.074376344680786,0.375,0.375,0.375,0.4080352589914228,0.37606199407847307,0.39139673694778815,,,,,,1.4284957935236506,0.28374325134973005,0.3547418967587035,0.3152950995790133,,,,,,
raw,1,2348,2.307908535003662,0.4375,0.375,0.40384615384615385,0.4089192012216801,0.37603013425611886,0.3917856482844102,,,,,,1.4283503224446321,0.28374325134973005,0.3547418967587035,0.3152950995790133,,,,,,
raw,1,2349,1.693345308303833,0.4375,0.375,0.40384615384615385,0.40977662518502966,0.3759992302284353,0.3921619494253984,,,,,,1.4282235353767565,0.28374325134973005,0.3547418967587035,0.3152950995790133,,,,,,
raw,1,2350,1.9819660186767578,0.375,0.375,0.375,0.4087333264294788,0.37596925332158226,0.3916672826386994,,,,,,1.428083119361706,0.28374325134973005,0.3547418967587035,0.3152950995790133,,,,,,
raw,1,2351,1.7664940357208252,0.4375,0.375,0.40384615384615385,0.4095963266365944,0.37594017572193483,0.3920472557252091,,,,,,1.4279414958315595,0.28374325134973005,0.3547418967587035,0.3152950995790133,,,,,,
raw,1,2352,1.8418264389038086,0.375,0.375,0.375,0.4085584368374966,0.3759119704502768,0.39155589709664756,,,,,,1.4277836102466026,0.28374325134973005,0.3547418967587035,0.3152950995790133,,,,,,
raw,1,2353,1.4375553131103516,0.4375,0.375,0.40384615384615385,0.4094266837323717,0.37588461133676854,0.39193932610403925,,,,,,1.4276505035274123,0.28374325134973005,0.3547418967587035,0.3152950995790133,,,,,,
raw,1,2354,1.862208366394043,0.375,0.375,0.375,0.4083938832204005,0.3758580729966655,0.39145108087778774,,,,,,1.427520918734072,0.28374325134973005,0.3547418967587035,0.3152950995790133,,,,,,
raw,1,2355,1.8780937194824219,0.4375,0.375,0.40384615384615385,0.4092670667237885,0.3758323308067656,0.3918377624363503,,,,,,1.4273892422505339,0.28374325134973005,0.3547418967587035,0.3152950995790133,,,,,,
raw,1,2356,1.200465202331543,0.375,0.375,0.375,0.4082390547220748,0.3758073608825626,0.39135244728076923,,,,,,1.4272564914685935,0.28374325134973005,0.3547418967587035,0.3152950995790133,,,,,,
raw,1,2357,1.8951624631881714,0.4375,0.375,0.40384615384615385,0.4091168830804125,0.3757831400560857,0.3917421899404884,,,,,,1.4271289678404766,0.28374325134973005,0.3547418967587035,0.3152950995790133,,,,,,
raw,1,2358,1.496051549911499,0.375,0.375,0.375,0.40809337658800016,0.37575964585440313,0.3912596322826634,,,,,,1.426984357633589,0.28374325134973005,0.3547418967587035,0.3152950995790133,,,,,,
raw,1,2359,1.542982816696167,0.4375,0.3125,0.3645833333333333,0.40897557529036016,0.37386185647877107,0.3906312131421425,,,,,,1.4268461342518053,0.28374325134973005,0.3547418967587035,0.3152950995790133,,,,,,
raw,1,2360,1.9027605056762695,0.375,0.375,0.375,0.4079563080316494,0.373896000784408,0.3901842594767896,,,,,,1.4267059286016974,0.28374325134973005,0.3547418967587035,0.3152950995790133,,,,,,
raw,1,2361,1.5641560554504395,0.375,0.375,0.375,0.40696761879069987,0.3739291207608757,0.38974946664507837,,,,,,1.426564275688271,0.28374325134973005,0.3547418967587035,0.3152950995790133,,,,,,
raw,1,2362,1.7303335666656494,0.375,0.375,0.375,0.4060085902269789,0.37396124713804946,0.38932653924919586,,,,,,1.4264343702370914,0.28374325134973005,0.3547418967587035,0.3152950995790133,,,,,,
raw,1,2363,2.0029296875,0.4375,0.375,0.40384615384615385,0.4069533325201695,0.373992409723908,0.38977728987175925,,,,,,1.4262821304697424,0.28374325134973005,0.3547418967587035,0.3152950995790133,,,,,,
raw,1,2364,1.3639907836914062,0.375,0.375,0.375,0.4059947325445644,0.3740226374321908,0.3893534336406383,,,,,,1.426135072969547,0.28374325134973005,0.3547418967587035,0.3152950995790133,,,,,,
raw,1,2365,1.2314372062683105,0.4375,0.375,0.40384615384615385,0.4069398905682275,0.374051958309225,0.3898034613292665,,,,,,1.426005599534883,0.28374325134973005,0.3547418967587035,0.3152950995790133,,,,,,
raw,1,2366,1.5259983539581299,0.375,0.375,0.375,0.40598169385118066,0.3740803995599482,0.3893787315975417,,,,,,1.4258724528317837,0.28374325134973005,0.3547418967587035,0.3152950995790133,,,,,,
raw,1,2367,1.4829038381576538,0.4375,0.375,0.40384615384615385,0.4069272430356452,0.3741079875731498,0.3898280794890458,,,,,,1.4257442509928198,0.28374325134973005,0.3547418967587035,0.3152950995790133,,,,,,
raw,1,2368,1.5830901861190796,0.4375,0.375,0.40384615384615385,0.40784442574457586,0.37413474794595525,0.39026300587257556,,,,,,1.4256163137668938,0.28374325134973005,0.3547418967587035,0.3152950995790133,,,,,,
raw,1,2369,1.862346887588501,0.375,0.375,0.375,0.40685909297223855,0.37416070550757663,0.38982541944511223,,,,,,1.4254719284508242,0.28374325134973005,0.3547418967587035,0.3152950995790133,,,,,,
raw,1,2370,1.5854787826538086,0.4375,0.375,0.40384615384615385,0.40777832018307136,0.37418588434234934,0.3902605527728601,,,,,,1.4253369635865014,0.28374325134973005,0.3547418967587035,0.3152950995790133,,,,,,
raw,1,2371,1.377972960472107,0.375,0.375,0.375,0.4067949705775792,0.37421030781207887,0.38982289971231837,,,,,,1.4251937641079737,0.28374325134973005,0.3547418967587035,0.3152950995790133,,,,,,
raw,1,2372,1.7044401168823242,0.4375,0.375,0.40384615384615385,0.4077161214602518,0.37423399857771655,0.39025822877617633,,,,,,1.4250523751264785,0.28374325134973005,0.3547418967587035,0.3152950995790133,,,,,,
raw,1,2373,1.5825339555740356,0.375,0.375,0.375,0.40673463781644426,0.3742569786203851,0.3898205139357002,,,,,,1.4249181949852499,0.28374325134973005,0.3547418967587035,0.3152950995790133,,,,,,
raw,1,2374,1.338338017463684,0.4375,0.375,0.40384615384615385,0.4076575986819509,0.3742792692617736,0.3902560280727699,,,,,,1.4247777393428827,0.28374325134973005,0.3547418967587035,0.3152950995790133,,,,,,
raw,1,2375,1.4227652549743652,0.375,0.375,0.375,0.4066778707214924,0.3743008911839204,0.3898182559137752,,,,,,1.424644946357897,0.28374325134973005,0.3547418967587035,0.3152950995790133,,,,,,
raw,1,2376,1.796905279159546,0.4375,0.375,0.40384615384615385,0.40760253459984763,0.37432186444840276,0.39025394498757576,,,,,,1.4245033818602704,0.28374325134973005,0.3547418967587035,0.3152950995790133,,,,,,
raw,1,2377,1.0091984272003174,0.375,0.375,0.375,0.40662445856185225,0.3743422085149507,0.38981611961492413,,,,,,1.4243640275136713,0.28374325134973005,0.3547418967587035,0.3152950995790133,,,,,,
raw,1,2378,1.5220293998718262,0.4375,0.375,0.40384615384615385,0.40755072480499666,0.37436194225950215,0.3902519739961727,,,,,,1.4242196367115256,0.28374325134973005,0.3547418967587035,0.3152950995790133,,,,,,
raw,1,2379,1.637254238128662,0.375,0.375,0.375,0.4065742030608468,0.3743810839917171,0.3898140991898893,,,,,,1.424082965868014,0.28374325134973005,0.3547418967587035,0.3152950995790133,,,,,,
raw,1,2380,1.8366771936416626,0.4375,0.3125,0.3645833333333333,0.40750197696902135,0.3725246514719656,0.38922910169856195,,,,,,1.42394468092437,0.28374325134973005,0.3547418967587035,0.3152950995790133,,,,,,
raw,1,2381,1.9166170358657837,0.375,0.375,0.375,0.40652691765995075,0.3725989119278067,0.38882419613686187,,,,,,1.423797283662327,0.28374325134973005,0.3547418967587035,0.3152950995790133,,,,,,
raw,1,2382,1.7534387111663818,0.4375,0.4375,0.4375,0.4074561101301522,0.3745459445699725,0.3903085234169277,,,,,,1.423651961964734,0.28374325134973005,0.3547418967587035,0.3152950995790133,,,,,,
raw,1,2383,1.4601819515228271,0.375,0.375,0.375,0.4064824268262477,0.37455956623287334,0.3898686186564627,,,,,,1.4235330746118364,0.28374325134973005,0.3547418967587035,0.3152950995790133,,,,,,
raw,1,2384,1.5849689245224,0.4375,0.375,0.40384615384615385,0.40741295402146027,0.37457277924588717,0.3903032907031871,,,,,,1.4233924422399364,0.28374325134973005,0.3547418967587035,0.3152950995790133,,,,,,
raw,1,2385,1.610285758972168,0.4375,0.375,0.40384615384615385,0.4083155654008164,0.3745855958685106,0.39072398135180786,,,,,,1.4232690912369,0.28374325134973005,0.3547418967587035,0.3152950995790133,,,,,,
raw,1,2386,1.8709003925323486,0.375,0.375,0.375,0.4073160984387919,0.37459802799245523,0.39027254294827834,,,,,,1.4231190303017642,0.28374325134973005,0.3547418967587035,0.3152950995790133,,,,,,
raw,1,2387,1.596292495727539,0.4375,0.375,0.40384615384615385,0.40822161548562813,0.3746100871526816,0.3906942818981229,,,,,,1.4229833131545915,0.28374325134973005,0.3547418967587035,0.3152950995790133,,,,,,
raw,1,2388,1.771425724029541,0.375,0.375,0.375,0.40722496702105926,0.37462178453810113,0.3902435958189311,,,,,,1.422848606951423,0.28374325134973005,0.3547418967587035,0.3152950995790133,,,,,,
raw,1,2389,1.8344721794128418,0.375,0.375,0.375,0.4062582180104275,0.37463313100195805,0.38980528699930195,,,,,,1.4227112038509824,0.28374325134973005,0.3547418967587035,0.3152950995790133,,,,,,
raw,1,2390,1.1194592714309692,0.375,0.375,0.375,0.40532047147011463,0.37464413707189936,0.38937904773743803,,,,,,1.4225959880334749,0.28374325134973005,0.3547418967587035,0.3152950995790133,,,,,,
raw,1,2391,1.4387118816375732,0.4375,0.375,0.40384615384615385,0.4062858573260112,0.37465481295974234,0.38982974680769966,,,,,,1.4224559705562547,0.28374325134973005,0.3547418967587035,0.3152950995790133,,,,,,
raw,1,2392,1.2791095972061157,0.375,0.375,0.375,0.4053472816062309,0.3746651685709501,0.3894027782717507,,,,,,1.4223466688545159,0.28374325134973005,0.3547418967587035,0.3152950995790133,,,,,,
raw,1,2393,1.8705836534500122,0.4375,0.3125,0.3645833333333333,0.40631186315804396,0.37280021351382164,0.3888353264540978,,,,,,1.4222139055578809,0.28374325134973005,0.3547418967587035,0.3152950995790133,,,,,,
raw,1,2394,2.127389430999756,0.375,0.375,0.375,0.40537250726330265,0.372866207108407,0.3884404783725506,,,,,,1.422093853007518,0.28374325134973005,0.3547418967587035,0.3152950995790133,,,,,,
raw,1,2395,1.7345964908599854,0.4375,0.375,0.40384615384615385,0.40633633204540354,0.3729302208951548,0.38891723889753105,,,,,,1.4219690848434223,0.28374325134973005,0.3547418967587035,0.3152950995790133,,,,,,
raw,1,2396,1.5711321830749512,0.375,0.375,0.375,0.40539624208404146,0.37299231426830015,0.38851979849033863,,,,,,1.421835794657767,0.28374325134973005,0.3547418967587035,0.3152950995790133,,,,,,
raw,1,2397,1.9730236530303955,0.4375,0.375,0.40384615384615385,0.4063593548215202,0.3730525448402512,0.3889942955748949,,,,,,1.4217017138089303,0.28374325134973005,0.3547418967587035,0.3152950995790133,,,,,,
raw,1,2398,1.6530978679656982,0.4375,0.375,0.40384615384615385,0.40729357417687456,0.37311096849504366,0.38945365285201294,,,,,,1.4215716334028388,0.28374325134973005,0.3547418967587035,0.3152950995790133,,,,,,
raw,1,2399,2.1229324340820312,0.4375,0.375,0.40384615384615385,0.4081997669515683,0.3731676394401924,0.3898983812411033,,,,,,1.4214527198832871,0.28374325134973005,0.3547418967587035,0.3152950995790133,,,,,,
raw,1,2400,1.761350154876709,0.375,0.375,0.375,0.4072037739430212,0.37322261025698655,0.389473391710861,,,,,,1.4504685701666675,0.28374325134973005,0.3547418967587035,0.3152950995790133,,,,0.4091181763647271,0.37334933973589435,0.39041620994291076
raw,1,2401,1.6794710159301758,0.4375,0.375,0.40384615384615385,0.40811266072473057,0.373275931949277,0.3899177315885849,,,,,,1.4503183669304474,0.28374325134973005,0.3547418967587035,0.3152950995790133,,,,,,
raw,1,2402,1.6288995742797852,0.3125,0.375,0.3409090909090909,0.40524428090298864,0.3733276539907987,0.38863177543983723,,,,,,1.4501525880932589,0.28374325134973005,0.3547418967587035,0.3152950995790133,,,,,,
raw,1,2403,2.041165828704834,0.4375,0.375,0.40384615384615385,0.406211952475899,0.3733778243710747,0.389103447873327,,,,,,1.4500062808156466,0.28374325134973005,0.3547418967587035,0.3152950995790133,,,,,,
raw,1,2404,1.500152587890625,0.4375,0.375,0.40384615384615385,0.407150593901622,0.3734264896399424,0.38956003254841787,,,,,,1.4498696004991691,0.28374325134973005,0.3547418967587035,0.3152950995790133,,,,,,
raw,1,2405,1.7395477294921875,0.3125,0.375,0.3409090909090909,0.40431107608457334,0.3734736949507441,0.38828106982300503,,,,,,1.4497230624948025,0.28374325134973005,0.3547418967587035,0.3152950995790133,,,,,,
raw,1,2406,1.6896727085113525,0.4375,0.375,0.40384615384615385,0.40530674380203613,0.3735194841022218,0.3887644263225775,,,,,,1.4495823278886106,0.28374325134973005,0.3547418967587035,0.3152950995790133,,,,,,
raw,1,2407,1.7838687896728516,0.375,0.375,0.375,0.404397541487975,0.37356389957915515,0.3883696918738045,,,,,,1.4494474900290835,0.28374325134973005,0.3547418967587035,0.3152950995790133,,,,,,
raw,1,2408,1.6026737689971924,0.4375,0.375,0.40384615384615385,0.40539061524333575,0.3736069825917805,0.38885040198582405,,,,,,1.4493003461794007,0.28374325134973005,0.3547418967587035,0.3152950995790133,,,,,,
raw,1,2409,1.5057041645050049,0.375,0.375,0.375,0.40447889678603566,0.3736487731140271,0.388453076225982,,,,,,1.4491508571606486,0.28374325134973005,0.3547418967587035,0.3152950995790133,,,,,,
raw,1,2410,1.69185209274292,0.4375,0.375,0.40384615384615385,0.40546952988245455,0.37368930992060634,0.388931296355195,,,,,,1.44902133286307,0.28374325134973005,0.3547418967587035,0.3152950995790133,,,,,,
raw,1,2411,1.4906949996948242,0.375,0.375,0.375,0.40455544398598087,0.3737286306229881,0.38853153244313665,,,,,,1.44886503326421,0.28374325134973005,0.3547418967587035,0.3152950995790133,,,,,,
raw,1,2412,2.089029312133789,0.4375,0.375,0.40384615384615385,0.40554378066640145,0.3737667717042985,0.38900740975039294,,,,,,1.448709532711445,0.28374325134973005,0.3547418967587035,0.3152950995790133,,,,,,
raw,1,2413,1.7837557792663574,0.375,0.375,0.375,0.4046274672464094,0.37380376855316955,0.38860535179185524,,,,,,1.4485763204310005,0.28374325134973005,0.3547418967587035,0.3152950995790133,,,,,,
raw,1,2414,1.4270015954971313,0.375,0.375,0.375,0.4037386432290171,0.3738396554965745,0.3882143201340931,,,,,,1.4484259979701735,0.28374325134973005,0.3547418967587035,0.3152950995790133,,,,,,
raw,1,2415,1.4465446472167969,0.3333333432674408,0.5,0.4000000071525573,0.4016264842301698,0.37762446583167725,0.3892558271741222,,,,,,1.4480357768530048,0.28374325134973005,0.3547418967587035,0.3152950995790133,,,,,,
raw,1,2416,1.8483904600143433,0.375,0.375,0.375,0.40082768970326466,0.3775457318567269,0.38883851700426175,,,,,,1.4478958301324503,0.28374325134973005,0.3547418967587035,0.3152950995790133,,,,,,
raw,1,2417,1.8061109781265259,0.4375,0.375,0.40384615384615385,0.4019278590121667,0.37746935990102515,0.38931483968923397,,,,,,1.4477459925527503,0.28374325134973005,0.3547418967587035,0.3152950995790133,,,,,,
raw,1,2418,1.86904776096344,0.375,0.375,0.375,0.40112002324180174,0.3773952791039944,0.3888961531505031,,,,,,1.4475968578163778,0.28374325134973005,0.3547418967587035,0.3152950995790133,,,,,,
raw,1,2419,1.6752538681030273,0.4375,0.375,0.40384615384615385,0.40221142254454767,0.37732342073087455,0.38937012532721216,,,,,,1.447436928152131,0.28374325134973005,0.3547418967587035,0.3152950995790133,,,,,,
raw,1,2420,1.728200912475586,0.375,0.375,0.375,0.4013950798682112,0.37725371810894837,0.38895015751469214,,,,,,1.4472768117355357,0.28374325134973005,0.3547418967587035,0.3152950995790133,,,,,,
raw,1,2421,1.8433771133422852,0.4375,0.375,0.40384615384615385,0.4024782274721649,0.37718610656567997,0.38942193190105107,,,,,,1.4471265311028487,0.28374325134973005,0.3547418967587035,0.3152950995790133,,,,,,
raw,1,2422,1.738231897354126,0.375,0.375,0.375,0.4016538806479999,0.3771205233687096,0.3890007707027745,,,,,,1.446993337985138,0.28374325134973005,0.3547418967587035,0.3152950995790133,,,,,,
raw,1,2423,1.4414244890213013,0.4375,0.375,0.40384615384615385,0.40272926422855987,0.3770569076676483,0.3894704893984705,,,,,,1.4468472633924911,0.28374325134973005,0.3547418967587035,0.3152950995790133,,,,,,
raw,1,2424,1.3452913761138916,0.375,0.375,0.375,0.401897386301703,0.3769952004376189,0.38904821610498613,,,,,,1.4467116323432354,0.28374325134973005,0.3547418967587035,0.3152950995790133,,,,,,
raw,1,2425,1.8987388610839844,0.4375,0.375,0.40384615384615385,0.40296546471265193,0.3769353444244904,0.3895160114032622,,,,,,1.4465615413195907,0.28374325134973005,0.3547418967587035,0.3152950995790133,,,,,,
raw,1,2426,1.6412115097045898,0.375,0.375,0.375,0.4021265007712723,0.3768772840917557,0.3890927012598426,,,,,,1.4464119009480618,0.28374325134973005,0.3547418967587035,0.3152950995790133,,,,,,
raw,1,2427,1.909355640411377,0.4375,0.4375,0.4375,0.4031877057481341,0.37869596556900303,0.3905582457723701,,,,,,1.446289017140505,0.28374325134973005,0.3547418967587035,0.3152950995790133,,,,,,
raw,1,2428,2.0683937072753906,0.375,0.375,0.375,0.40234207457569005,0.3785850866019329,0.390102218796289,,,,,,1.446144102677099,0.28374325134973005,0.3547418967587035,0.3152950995790133,,,,,,
raw,1,2429,1.1315125226974487,0.4375,0.375,0.40384615384615385,0.40339681233841934,0.37847753400387496,0.3905400694449413,,,,,,1.4459944457389913,0.28374325134973005,0.3547418967587035,0.3152950995790133,,,,,,
raw,1,2430,1.9517384767532349,0.375,0.375,0.375,0.4025449079682668,0.37837320798375873,0.39008496556593414,,,,,,1.4458617500411508,0.28374325134973005,0.3547418967587035,0.3152950995790133,,,,,,
raw,1,2431,1.628147006034851,0.4375,0.375,0.40384615384615385,0.4035935607292188,0.37827201174424596,0.3905227535753824,,,,,,1.4457091074866337,0.28374325134973005,0.3547418967587035,0.3152950995790133,,,,,,
raw,1,2432,1.5739474296569824,0.4375,0.375,0.40384615384615385,0.40461075390734225,0.3781738513919186,0.39094587727930596,,,,,,1.445568673601973,0.28374325134973005,0.3547418967587035,0.3152950995790133,,,,,,
raw,1,2433,1.7697267532348633,0.4375,0.375,0.40384615384615385,0.405597431290122,0.3780786358501611,0.3913548721376189,,,,,,1.4454217504315652,0.28374325134973005,0.3547418967587035,0.3152950995790133,,,,,,
raw,1,2434,1.525031328201294,0.375,0.375,0.375,0.4046795083514183,0.37798627677465624,0.39087769915510273,,,,,,1.4452880388249834,0.28374325134973005,0.3547418967587035,0.3152950995790133,,,,,,
raw,1,2435,1.50664484500885,0.4375,0.375,0.40384615384615385,0.40566412310087574,0.37789668847141655,0.39128840158269823,,,,,,1.4451546895277214,0.28374325134973005,0.3547418967587035,0.3152950995790133,,,,,,
raw,1,2436,1.5959672927856445,0.375,0.375,0.375,0.40474419940784945,0.37780978781727403,0.3908134712616611,,,,,,1.445011872331695,0.28374325134973005,0.3547418967587035,0.3152950995790133,,,,,,
raw,1,2437,1.6487280130386353,0.4375,0.375,0.40384615384615385,0.405726873425614,0.3777254941827558,0.39122578501038463,,,,,,1.4448725369716902,0.28374325134973005,0.3547418967587035,0.3152950995790133,,,,,,
raw,1,2438,1.5449037551879883,0.375,0.375,0.375,0.4048050672228456,0.3776437293572731,0.39075296918321406,,,,,,1.4447315468006547,0.28374325134973005,0.3547418967587035,0.3152950995790133,,,,,,
raw,1,2439,1.786482810974121,0.4375,0.375,0.40384615384615385,0.4057859152061602,0.3775644174765549,0.3911668031602412,,,,,,1.4445922263632656,0.28374325134973005,0.3547418967587035,0.3152950995790133,,,,,,
raw,1,2440,1.4767065048217773,0.375,0.4375,0.40384615384615385,0.4048623377499754,0.3793624849522582,0.3916978347693244,,,,,,1.4444444110655748,0.28374325134973005,0.3547418967587035,0.3152950995790133,,,,,,
raw,1,2441,2.002608299255371,0.4375,0.375,0.40384615384615385,0.4058414676174761,0.37923161040369047,0.39208557175622094,,,,,,1.444309524334288,0.28374325134973005,0.3547418967587035,0.3152950995790133,,,,,,
raw,1,2442,1.4216251373291016,0.375,0.375,0.375,0.40491622358895185,0.3791046620915798,0.39158555830013375,,,,,,1.4441744615888636,0.28374325134973005,0.3547418967587035,0.3152950995790133,,,,,,
raw,1,2443,1.5868024826049805,0.4375,0.375,0.40384615384615385,0.4058937368812833,0.3789815222288324,0.39197623948759613,,,,,,1.4440338799426968,0.28374325134973005,0.3547418967587035,0.3152950995790133,,,,,,
raw,1,2444,1.5297985076904297,0.375,0.375,0.375,0.40496692477484475,0.37886207656196746,0.3914797992864369,,,,,,1.4438948342880522,0.28374325134973005,0.3547418967587035,0.3152950995790133,,,,,,
raw,1,2445,1.542452096939087,0.4375,0.3125,0.3645833333333333,0.4059429170315994,0.37687121426510845,0.3908672415266667,,,,,,1.4437742774233133,0.28374325134973005,0.3547418967587035,0.3152950995790133,,,,,,
raw,1,2446,1.7831594944000244,0.375,0.375,0.375,0.40501462952065137,0.3768150778371552,0.3904062936256932,,,,,,1.4436318134914148,0.28374325134973005,0.3547418967587035,0.3152950995790133,,,,,,
raw,1,2447,1.7055387496948242,0.5,0.375,0.42857142857142855,0.4078641906350318,0.3767606255020405,0.39169591484522387,,,,,,1.4434964223539035,0.28374325134973005,0.3547418967587035,0.3152950995790133,,,,,,
raw,1,2448,1.8704913854599,0.375,0.375,0.375,0.4068782649159809,0.37670780673697923,0.391212208410284,,,,,,1.443360514583332,0.28374325134973005,0.3547418967587035,0.3152950995790133,,,,,,
raw,1,2449,1.5197792053222656,0.4375,0.375,0.40384615384615385,0.40779691696850145,0.37665657253486984,0.3916086577239518,,,,,,1.4432163101674165,0.28374325134973005,0.3547418967587035,0.3152950995790133,,,,,,
raw,1,2450,1.3871736526489258,0.375,0.375,0.375,0.40681300945944643,0.37660687535882376,0.39112761704633403,,,,,,1.443088257346939,0.28374325134973005,0.3547418967587035,0.3152950995790133,,,,,,
raw,1,2451,1.3618879318237305,0.4375,0.375,0.40384615384615385,0.40773361917566303,0.376558669098059,0.3915265552878618,,,,,,1.442938936842109,0.28374325134973005,0.3547418967587035,0.3152950995790133,,,,,,
raw,1,2452,1.888807773590088,0.375,0.375,0.375,0.4067516106003931,0.3765119090251172,0.3910480229678432,,,,,,1.4428214396003296,0.28374325134973005,0.3547418967587035,0.3152950995790133,,,,,,
raw,1,2453,1.7825921773910522,0.4375,0.375,0.40384615384615385,0.4076740622823813,0.3764665517543637,0.39144930314743237,,,,,,1.4426781595597264,0.28374325134973005,0.3547418967587035,0.3152950995790133,,,,,,
raw,1,2454,1.7452521324157715,0.375,0.4375,0.40384615384615385,0.4066938404139099,0.3782975552017328,0.39198209408021684,,,,,,1.4425322728198888,0.28374325134973005,0.3547418967587035,0.3152950995790133,,,,,,
raw,1,2455,1.8029708862304688,0.4375,0.375,0.40384615384615385,0.4076180252014926,0.37819862854568087,0.39235762532287205,,,,,,1.4423926232179225,0.28374325134973005,0.3547418967587035,0.3152950995790133,,,,,,
raw,1,2456,1.8258661031723022,0.375,0.375,0.375,0.40663948444544784,0.3781026696893104,0.3918522125001226,,,,,,1.4422602699511406,0.28374325134973005,0.3547418967587035,0.3152950995790133,,,,,,
raw,1,2457,1.7513418197631836,0.4375,0.375,0.40384615384615385,0.4075652999120844,0.37800958959863107,0.39223145701708056,,,,,,1.442131522507126,0.28374325134973005,0.3547418967587035,0.3152950995790133,,,,,,
raw,1,2458,1.7043795585632324,0.375,0.375,0.375,0.40658834091472185,0.37791930191067213,0.39172998088358785,,,,,,1.4419964597233563,0.28374325134973005,0.3547418967587035,0.3152950995790133,,,,,,
raw,1,2459,1.6938362121582031,0.4375,0.375,0.40384615384615385,0.40751569068728016,0.377831722853352,0.3921127206823927,,,,,,1.4418617414396135,0.28374325134973005,0.3547418967587035,0.3152950995790133,,,,,,
raw,1,2460,1.6526094675064087,0.375,0.375,0.375,0.4065402199666618,0.37774677116775146,0.39161495008378844,,,,,,1.441714533861789,0.28374325134973005,0.3547418967587035,0.3152950995790133,,,,,,
raw,1,2461,1.3423409461975098,0.4375,0.375,0.40384615384615385,0.40746901336766195,0.37766436803271897,0.39200097988939975,,,,,,1.4415754637545741,0.28374325134973005,0.3547418967587035,0.3152950995790133,,,,,,
raw,1,2462,1.4353408813476562,0.375,0.375,0.375,0.40649494296663213,0.3775844369917374,0.3915066971616917,,,,,,1.4414364661657175,0.28374325134973005,0.3547418967587035,0.3152950995790133,,,,,,
raw,1,2463,1.7057446241378784,0.375,0.375,0.375,0.40555009467763314,0.37750690388198527,0.3910263515744393,,,,,,1.4412969203816488,0.28374325134973005,0.3547418967587035,0.3152950995790133,,,,,,
raw,1,2464,1.4744611978530884,0.375,0.375,0.375,0.4046335918373042,0.3774316967655257,0.3905595744015745,,,,,,1.4411699909902593,0.28374325134973005,0.3547418967587035,0.3152950995790133,,,,,,
raw,1,2465,1.9381667375564575,0.4375,0.375,0.40384615384615385,0.40561958408218507,0.3773587458625599,0.39097914129334405,,,,,,1.4410279465720077,0.28374325134973005,0.3547418967587035,0.3152950995790133,,,,,,
raw,1,2466,1.7642784118652344,0.375,0.375,0.375,0.4047009965597195,0.37728798348668313,0.3905140016116524,,,,,,1.4408869021086814,0.28374325134973005,0.3547418967587035,0.3152950995790133,,,,,,
raw,1,2467,1.5520788431167603,0.4375,0.375,0.40384615384615385,0.40568496666292786,0.3772193439820827,0.39093466444680636,,,,,,1.4407545994325108,0.28374325134973005,0.3547418967587035,0.3152950995790133,,,,,,
raw,1,2468,1.5630810260772705,0.375,0.375,0.375,0.40476441766304005,0.3771527636626202,0.3904710688031964,,,,,,1.440617155064833,0.28374325134973005,0.3547418967587035,0.3152950995790133,,,,,,
raw,1,2469,2.2458229064941406,0.375,0.375,0.375,0.40387148513314886,0.37708818075274153,0.39002056121300266,,,,,,1.4404796482381543,0.28374325134973005,0.3547418967587035,0.3152950995790133,,,,,,
raw,1,2470,1.2688606977462769,0.4375,0.375,0.40384615384615385,0.4048803405791544,0.37702553533015926,0.39045678477345896,,,,,,1.4403315734817834,0.28374325134973005,0.3547418967587035,0.3152950995790133,,,,,,
raw,1,2471,1.791172981262207,0.375,0.375,0.375,0.4039839303617797,0.37696476927025446,0.39000694711310346,,,,,,1.4401934440307607,0.28374325134973005,0.3547418967587035,0.3152950995790133,,,,,,
raw,1,2472,1.630624532699585,0.375,0.375,0.375,0.4031144124509263,0.37690582619214685,0.3895698166475452,,,,,,1.4400654063915872,0.28374325134973005,0.3547418967587035,0.3152950995790133,,,,,,
raw,1,2473,1.651894211769104,0.4375,0.375,0.40384615384615385,0.4041459800773985,0.37684865140638246,0.3900202675506898,,,,,,1.439929326890419,0.28374325134973005,0.3547418967587035,0.3152950995790133,,,,,,
raw,1,2474,1.440273642539978,0.375,0.375,0.375,0.4032716006750765,0.376793191864191,0.3895830065908135,,,,,,1.439791031123687,0.28374325134973005,0.3547418967587035,0.3152950995790133,,,,,,
raw,1,2475,1.784454345703125,0.4375,0.375,0.40384615384615385,0.40429845265482417,0.37673939610826535,0.39003271132609596,,,,,,1.4396489227474774,0.28374325134973005,0.3547418967587035,0.3152950995790133,,,,,,
raw,1,2476,1.8801956176757812,0.375,0.375,0.375,0.4034194990751795,0.3766872142250174,0.3895953327405957,,,,,,1.4395278073909568,0.28374325134973005,0.3547418967587035,0.3152950995790133,,,,,,
raw,1,2477,1.818532943725586,0.4375,0.375,0.40384615384615385,0.40444191410292407,0.37663659779826686,0.39004434052082637,,,,,,1.4393904617682718,0.28374325134973005,0.3547418967587035,0.3152950995790133,,,,,,
raw,1,2478,1.5446035861968994,0.375,0.375,0.375,0.40355865667983637,0.37658749986431883,0.3896068558252545,,,,,,1.439248441242939,0.28374325134973005,0.3547418967587035,0.3152950995790133,,,,,,
raw,1,2479,1.721090316772461,0.4375,0.375,0.40384615384615385,0.40457689697944127,0.37653987486838925,0.39005521236703716,,,,,,1.4391091832997214,0.28374325134973005,0.3547418967587035,0.3152950995790133,,,,,,
raw,1,2480,1.7995986938476562,0.375,0.375,0.375,0.403689590070058,0.3764936786223375,0.3896176318719382,,,,,,1.4389688756451622,0.28374325134973005,0.3547418967587035,0.3152950995790133,,,,,,
raw,1,2481,1.0300610065460205,0.4375,0.375,0.40384615384615385,0.4047039023679562,0.3764488682636674,0.39006537966989374,,,,,,1.438836317009269,0.28374325134973005,0.3547418967587035,0.3152950995790133,,,,,,
raw,1,2482,2.280716896057129,0.375,0.375,0.375,0.40381278529691755,0.37640540221575736,0.3896277126123319,,,,,,1.438699628605964,0.28374325134973005,0.3547418967587035,0.3152950995790133,,,,,,
raw,1,2483,1.474107265472412,0.4375,0.375,0.40384615384615385,0.40482340173801,0.3763632401492847,0.39007489118933186,,,,,,1.4385693211437778,0.28374325134973005,0.3547418967587035,0.3152950995790133,,,,,,
raw,1,2484,2.0021743774414062,0.375,0.375,0.375,0.40392869968586975,0.37632234294480615,0.3896371458497023,,,,,,1.4384310792270554,0.28374325134973005,0.3547418967587035,0.3152950995790133,,,,,,
raw,1,2485,1.4253807067871094,0.4375,0.375,0.40384615384615385,0.40493583869529365,0.376282672656462,0.3900837919854257,,,,,,1.4383046615291766,0.28374325134973005,0.3547418967587035,0.3152950995790133,,,,,,
raw,1,2486,1.6496803760528564,0.375,0.375,0.375,0.4040377635344349,0.3762441924767681,0.3896459757912183,,,,,,1.4381749045052288,0.28374325134973005,0.3547418967587035,0.3152950995790133,,,,,,
raw,1,2487,1.3168864250183105,0.4375,0.375,0.40384615384615385,0.4050416306284018,0.37620686670246506,0.39009212373111024,,,,,,1.438047701367111,0.28374325134973005,0.3547418967587035,0.3152950995790133,,,,,,
raw,1,2488,1.5790674686431885,0.375,0.375,0.375,0.4041403817095498,0.37617066070139116,0.3896542433491062,,,,,,1.4379206037379417,0.28374325134973005,0.3547418967587035,0.3152950995790133,,,,,,
raw,1,2489,1.6043853759765625,0.4375,0.375,0.40384615384615385,0.4051411702582633,0.3761355408803494,0.39009992499559654,,,,,,1.4378061846524717,0.28374325134973005,0.3547418967587035,0.3152950995790133,,,,,,
raw,1,2490,1.4414122104644775,0.375,0.375,0.375,0.4042369351505154,0.37610147465393895,0.389661986413807,,,,,,1.4376676186345376,0.28374325134973005,0.3547418967587035,0.3152950995790133,,,,,,
raw,1,2491,1.8224060535430908,0.4375,0.375,0.40384615384615385,0.40523482709599995,0.3760684304143208,0.39010723150145904,,,,,,1.4375292629064618,0.28374325134973005,0.3547418967587035,0.3152950995790133,,,,,,
raw,1,2492,1.6685848236083984,0.375,0.375,0.375,0.40432778228311994,0.37603637750189123,0.3896692401019674,,,,,,1.4373954528491186,0.28374325134973005,0.3547418967587035,0.3152950995790133,,,,,,
raw,1,2493,1.419365644454956,0.5,0.375,0.42857142857142855,0.40719794881462634,0.3760052861768345,0.39098046186270646,,,,,,1.4372645519454512,0.28374325134973005,0.3547418967587035,0.3152950995790133,,,,,,
raw,1,2494,1.7472712993621826,0.375,0.4375,0.40384615384615385,0.4062320103501875,0.3778501275915294,0.3915273911111378,,,,,,1.4371275982357663,0.28374325134973005,0.3547418967587035,0.3152950995790133,,,,,,
raw,1,2495,1.4046778678894043,0.4375,0.375,0.40384615384615385,0.4071700500396819,0.3777646237637835,0.39191654004988935,,,,,,1.4369953684969972,0.28374325134973005,0.3547418967587035,0.3152950995790133,,,,,,
raw,1,2496,1.883467197418213,0.375,0.375,0.375,0.40620494853849143,0.37768168505086996,0.3914243791542601,,,,,,1.4368631905048086,0.28374325134973005,0.3547418967587035,0.3152950995790133,,,,,,
raw,1,2497,2.0200538635253906,0.4375,0.375,0.40384615384615385,0.4071438000823367,0.3776012344993439,0.3918164365622182,,,,,,1.4367319776531868,0.28374325134973005,0.3547418967587035,0.3152950995790133,,,,,,
raw,1,2498,1.5143170356750488,0.375,0.375,0.375,0.40617948607986654,0.3775231974643636,0.3913274295191282,,,,,,1.4366082335468378,0.28374325134973005,0.3547418967587035,0.3152950995790133,,,,,,
raw,1,2499,1.7046831846237183,0.4375,0.375,0.40384615384615385,0.40711910149747055,0.3774475015404327,0.3917222249700637,,,,,,1.4364786839936012,0.28374325134973005,0.3547418967587035,0.3152950995790133,,,,,,
raw,1,2500,1.6508949995040894,0.4375,0.375,0.40384615384615385,0.4080305284525464,0.3773740764942197,0.3921040006294965,,,,,,1.4363399722400005,0.28374325134973005,0.3547418967587035,0.3152950995790133,,,,,,
raw,1,2501,1.826369285583496,0.4375,0.375,0.40384615384615385,0.40891461259897,0.37730285419939313,0.3924732201275275,,,,,,1.436217160495804,0.28374325134973005,0.3547418967587035,0.3152950995790133,,,,,,
raw,1,2502,1.5265846252441406,0.375,0.375,0.375,0.4078971742210009,0.3772337685734113,0.3919666894650088,,,,,,1.436081506914472,0.28374325134973005,0.3547418967587035,0.3152950995790133,,,,,,
raw,1,2503,1.1919622421264648,0.4375,0.375,0.40384615384615385,0.40878525899437085,0.37716675551620893,0.39234000801885993,,,,,,1.435949886216539,0.28374325134973005,0.3547418967587035,0.3152950995790133,,,,,,
raw,1,2504,1.7634668350219727,0.375,0.375,0.375,0.40777170122453976,0.37710175285072267,0.39183749302839793,,,,,,1.4358128229632596,0.28374325134973005,0.3547418967587035,0.3152950995790133,,,,,,
raw,1,2505,1.5036405324935913,0.4375,0.3125,0.3645833333333333,0.40866355018780354,0.375163700265201,0.3911977532380071,,,,,,1.4356868137325371,0.28374325134973005,0.3547418967587035,0.3152950995790133,,,,,,
raw,1,2506,1.7607877254486084,0.375,0.375,0.375,0.4076536436821694,0.375158789257245,0.3907317793250823,,,,,,1.4355505368316028,0.28374325134973005,0.3547418967587035,0.3152950995790133,,,,,,
raw,1,2507,1.6829822063446045,0.5,0.375,0.42857142857142855,0.4104240343717043,0.3751540255795276,0.39199727318936006,,,,,,1.435428567730354,0.28374325134973005,0.3547418967587035,0.3152950995790133,,,,,,
raw,1,2508,1.559957504272461,0.375,0.3125,0.3409090909090909,0.40936131334055315,0.3732744048121418,0.39048588518547284,,,,,,1.4352771892743221,0.28374325134973005,0.3547418967587035,0.3152950995790133,,,,,,
raw,1,2509,1.5021188259124756,0.4375,0.375,0.40384615384615385,0.4102054739403365,0.37332617266777757,0.3908979050341059,,,,,,1.435139969151055,0.28374325134973005,0.3547418967587035,0.3152950995790133,,,,,,
raw,1,2510,1.6338305473327637,0.375,0.375,0.375,0.4091493097221264,0.37337638748774427,0.3904451745210362,,,,,,1.4350149951394418,0.28374325134973005,0.3547418967587035,0.3152950995790133,,,,,,
raw,1,2511,1.911537766456604,0.4375,0.375,0.40384615384615385,0.40999983043046256,0.3734250958631119,0.39085870475604967,,,,,,1.434862840302668,0.28374325134973005,0.3547418967587035,0.3152950995790133,,,,,,
raw,1,2512,1.885562539100647,0.375,0.375,0.375,0.4089498355175487,0.37347234298721854,0.3904067584762258,,,,,,1.4347238814490448,0.28374325134973005,0.3547418967587035,0.3152950995790133,,,,,,
raw,1,2513,1.530479907989502,0.4375,0.375,0.40384615384615385,0.40980634045202224,0.373518172697602,0.3908217166090206,,,,,,1.4345868970553128,0.28374325134973005,0.3547418967587035,0.3152950995790133,,,,,,
raw,1,2514,1.6229262351989746,0.375,0.375,0.375,0.40876215023846163,0.3735626275166739,0.39037051417599117,,,,,,1.4344560561256983,0.28374325134973005,0.3547418967587035,0.3152950995790133,,,,,,
raw,1,2515,1.876281976699829,0.4375,0.375,0.40384615384615385,0.40962428573130777,0.3736057486911737,0.3907868218194054,,,,,,1.4343288232604374,0.28374325134973005,0.3547418967587035,0.3152950995790133,,,,,,
raw,1,2516,1.7725210189819336,0.375,0.375,0.375,0.4085855571593685,0.3736475762304384,0.3903363245527044,,,,,,1.434200793322735,0.28374325134973005,0.3547418967587035,0.3152950995790133,,,,,,
raw,1,2517,1.9459381103515625,0.4375,0.375,0.40384615384615385,0.40945299044458744,0.3736881489435253,0.39075390726677317,,,,,,1.4340511627731427,0.28374325134973005,0.3547418967587035,0.3152950995790133,,,,,,
raw,1,2518,1.5871423482894897,0.375,0.375,0.375,0.4084194007312498,0.3737275044752195,0.3903040781686958,,,,,,1.4339216803812556,0.28374325134973005,0.3547418967587035,0.3152950995790133,,,,,,
raw,1,2519,1.6073074340820312,0.4375,0.375,0.40384615384615385,0.4092918187093123,0.37376567934096294,0.3907228653055117,,,,,,1.4337926715760219,0.28374325134973005,0.3547418967587035,0.3152950995790133,,,,,,
raw,1,2520,1.9996631145477295,0.3333333432674408,0.5,0.4000000071525573,0.40701306444605617,0.37755270896073406,0.39172977020587524,,,,,,1.4334412380952377,0.28374325134973005,0.3547418967587035,0.3152950995790133,,,,,,
raw,1,2521,1.7366094589233398,0.4375,0.375,0.40384615384615385,0.4079276725126745,0.3774761276919121,0.39211156900017147,,,,,,1.4333072968663216,0.28374325134973005,0.3547418967587035,0.3152950995790133,,,,,,
raw,1,2522,1.366154432296753,0.375,0.375,0.375,0.4069398423372942,0.3774018438611547,0.39161464841435106,,,,,,1.4331659625693893,0.28374325134973005,0.3547418967587035,0.3152950995790133,,,,,,
raw,1,2523,1.8362579345703125,0.4375,0.375,0.40384615384615385,0.40785664706717534,0.37732978854532007,0.39199979881112307,,,,,,1.4330377432818113,0.28374325134973005,0.3547418967587035,0.3152950995790133,,,,,,
raw,1,2524,1.8156051635742188,0.375,0.375,0.375,0.4068709476551601,0.3772598948889605,0.39150632169431776,,,,,,1.4329194742076103,0.28374325134973005,0.3547418967587035,0.3152950995790133,,,,,,
raw,1,2525,1.5599393844604492,0.4375,0.375,0.40384615384615385,0.4077898192255053,0.3771920980422917,0.3918946260808734,,,,,,1.4327970437227753,0.28374325134973005,0.3547418967587035,0.3152950995790133,,,,,,
raw,1,2526,1.4319379329681396,0.375,0.375,0.375,0.4068061246487401,0.377126335101023,0.3914043894403893,,,,,,1.432662435629456,0.28374325134973005,0.3547418967587035,0.3152950995790133,,,,,,
raw,1,2527,1.7378931045532227,0.4375,0.375,0.40384615384615385,0.4077269409092779,0.3770625450479923,0.391795661829892,,,,,,1.432527398456668,0.28374325134973005,0.3547418967587035,0.3152950995790133,,,,,,
raw,1,2528,1.5207939147949219,0.3125,0.375,0.3409090909090909,0.40487013268199956,0.3770006686965526,0.39043870288353455,,,,,,1.4323936753164588,0.28374325134973005,0.3547418967587035,0.3152950995790133,,,,,,
raw,1,2529,1.7645471096038818,0.4375,0.375,0.40384615384615385,0.40584902870153955,0.376940648635656,0.3908610462194712,,,,,,1.4322642361012268,0.28374325134973005,0.3547418967587035,0.3152950995790133,,,,,,
raw,1,2530,1.6052401065826416,0.375,0.375,0.375,0.4049235578404934,0.3768824291765863,0.3904001162539502,,,,,,1.432136317509884,0.28374325134973005,0.3547418967587035,0.3152950995790133,,,,,,
raw,1,2531,1.5618093013763428,0.4375,0.375,0.40384615384615385,0.40590085110527857,0.3768259563012887,0.39082340079303196,,,,,,1.4320112167127657,0.28374325134973005,0.3547418967587035,0.3152950995790133,,,,,,
raw,1,2532,1.6841278076171875,0.375,0.375,0.375,0.40497382557212025,0.37677117761225,0.3903637747383463,,,,,,1.4318722048973158,0.28374325134973005,0.3547418967587035,0.3152950995790133,,,,,,
raw,1,2533,1.4995471239089966,0.4375,0.375,0.40384615384615385,0.4059496108049566,0.3767180422838825,0.3907879469524689,,,,,,1.4317403312277954,0.28374325134973005,0.3547418967587035,0.3152950995790133,,,,,,
raw,1,2534,1.687369704246521,0.375,0.375,0.375,0.4050211224808079,0.37666650101536603,0.3903295496987196,,,,,,1.4316149722967626,0.28374325134973005,0.3547418967587035,0.3152950995790133,,,,,,
raw,1,2535,1.7926533222198486,0.4375,0.375,0.40384615384615385,0.40599548880638364,0.37661650598490504,0.39075455898339845,,,,,,1.4314856876923114,0.28374325134973005,0.3547418967587035,0.3152950995790133,,,,,,
raw,1,2536,1.666291356086731,0.375,0.375,0.375,0.40506562414219216,0.37656801080535784,0.3902973196364345,,,,,,1.4313414396687687,0.28374325134973005,0.3547418967587035,0.3152950995790133,,,,,,
raw,1,2537,1.727752685546875,0.4375,0.375,0.40384615384615385,0.4060386554179264,0.37652097048119715,0.39072311816542765,,,,,,1.4312040273551472,0.28374325134973005,0.3547418967587035,0.3152950995790133,,,,,,
raw,1,2538,1.8883097171783447,0.375,0.375,0.375,0.4051074957553886,0.3764753413667612,0.3902669698232081,,,,,,1.4310536707249797,0.28374325134973005,0.3547418967587035,0.3152950995790133,,,,,,
raw,1,2539,1.859214425086975,0.4375,0.375,0.40384615384615385,0.40607927088272694,0.3764310811257584,0.3906935124086052,,,,,,1.4309128144151277,0.28374325134973005,0.3547418967587035,0.3152950995790133,,,,,,
raw,1,2540,1.5416151285171509,0.4375,0.375,0.40384615384615385,0.4070218927562451,0.37638814869198567,0.3911060838802247,,,,,,1.4307689458267743,0.28374325134973005,0.3547418967587035,0.3152950995790133,,,,,,
raw,1,2541,1.9066722393035889,0.375,0.375,0.375,0.4060612359735578,0.37634650423122606,0.39063960850505164,,,,,,1.4306379449822892,0.28374325134973005,0.3547418967587035,0.3152950995790133,,,,,,
raw,1,2542,1.7912864685058594,0.4375,0.375,0.40384615384615385,0.4070043988943511,0.3763061091042893,0.3910537141333209,,,,,,1.4305124836742744,0.28374325134973005,0.3547418967587035,0.3152950995790133,,,,,,
raw,1,2543,1.5971521139144897,0.375,0.375,0.375,0.4060442669275206,0.3762669258311606,0.39058888453181984,,,,,,1.430375050924104,0.28374325134973005,0.3547418967587035,0.3152950995790133,,,,,,
raw,1,2544,1.9086666107177734,0.4375,0.375,0.40384615384615385,0.406987938919695,0.3762289180562258,0.39100443397733897,,,,,,1.4302540441823919,0.28374325134973005,0.3547418967587035,0.3152950995790133,,,,,,
raw,1,2545,1.6228523254394531,0.375,0.375,0.375,0.40602830075210417,0.3761920505145391,0.3905411532173252,,,,,,1.4301224752848756,0.28374325134973005,0.3547418967587035,0.3152950995790133,,,,,,
raw,1,2546,2.075200319290161,0.4375,0.375,0.40384615384615385,0.40697245172954105,0.3761562889991029,0.39095806144214823,,,,,,1.4299894891594662,0.28374325134973005,0.3547418967587035,0.3152950995790133,,,,,,
raw,1,2547,1.6369857788085938,0.375,0.375,0.375,0.40601327817765487,0.3761216003291298,0.3904962382820804,,,,,,1.429856158853557,0.28374325134973005,0.3547418967587035,0.3152950995790133,,,,,,
raw,1,2548,1.6137714385986328,0.4375,0.375,0.40384615384615385,0.40695787983232523,0.37608795231925585,0.390914425240686,,,,,,1.429731184183674,0.28374325134973005,0.3547418967587035,0.3152950995790133,,,,,,
raw,1,2549,1.6661651134490967,0.4375,0.375,0.40384615384615385,0.40787414343735545,0.37605531374967816,0.3913189830398758,,,,,,1.429597797999218,0.28374325134973005,0.3547418967587035,0.3152950995790133,,,,,,
raw,1,2550,1.524368166923523,0.4375,0.375,0.40384615384615385,0.4087629191342348,0.37602365433718776,0.3917103880370817,,,,,,1.429475012431372,0.28374325134973005,0.3547418967587035,0.3152950995790133,,,,,,
raw,1,2551,1.6252909898757935,0.375,0.375,0.375,0.4077500315602077,0.3759929447070721,0.39122809317130114,,,,,,1.4293464365738966,0.28374325134973005,0.3547418967587035,0.3152950995790133,,,,,,
raw,1,2552,1.7283592224121094,0.4375,0.375,0.40384615384615385,0.4086425306134015,0.37596315636586,0.3916222841214451,,,,,,1.429222932249218,0.28374325134973005,0.3547418967587035,0.3152950995790133,,,,,,
raw,1,2553,2.0512590408325195,0.375,0.375,0.375,0.40763325469499945,0.3759342616748842,0.39114257147320547,,,,,,1.429090172933803,0.28374325134973005,0.3547418967587035,0.3152950995790133,,,,,,
raw,1,2554,1.417947769165039,0.4375,0.375,0.40384615384615385,0.40852925705414944,0.3759062338246376,0.39153938395715043,,,,,,1.428965865661708,0.28374325134973005,0.3547418967587035,0.3152950995790133,,,,,,
raw,1,2555,1.8654022216796875,0.3125,0.375,0.3409090909090909,0.40564837934252496,0.3758790468098985,0.39019673799012866,,,,,,1.4288359928375758,0.28374325134973005,0.3547418967587035,0.3152950995790133,,,,,,
raw,1,2556,1.6777849197387695,0.4375,0.375,0.40384615384615385,0.4066039279622492,0.3758526754056015,0.3906240256577965,,,,,,1.4287122225352151,0.28374325134973005,0.3547418967587035,0.3152950995790133,,,,,,
raw,1,2557,1.8011767864227295,0.375,0.375,0.375,0.4056558101233817,0.3758270951434335,0.39017218091206957,,,,,,1.428590742784514,0.28374325134973005,0.3547418967587035,0.3152950995790133,,,,,,
raw,1,2558,1.5230934619903564,0.4375,0.375,0.40384615384615385,0.4066111358196802,0.3758022822891305,0.3906001336596727,,,,,,1.4284606312353385,0.28374325134973005,0.3547418967587035,0.3152950995790133,,,,,,
raw,1,2559,1.5354833602905273,0.4375,0.375,0.40384615384615385,0.4075378017450898,0.3757782138204566,0.39101416072417944,,,,,,1.4283254094568214,0.28374325134973005,0.3547418967587035,0.3152950995790133,,,,,,
raw,1,2560,1.5983076095581055,0.375,0.375,0.375,0.40656166769273716,0.37575486740584296,0.39055169789280375,,,,,,1.4281906708593737,0.28374325134973005,0.3547418967587035,0.3152950995790133,,,,,,
raw,1,2561,1.6242949962615967,0.4375,0.375,0.40384615384615385,0.407489817661955,0.3757322213836677,0.39096717596945346,,,,,,1.4280545836001555,0.28374325134973005,0.3547418967587035,0.3152950995790133,,,,,,
raw,1,2562,1.487137794494629,0.375,0.4375,0.40384615384615385,0.40651512313209637,0.37758525474215765,0.39151649624377044,,,,,,1.4279295858704146,0.28374325134973005,0.3547418967587035,0.3152950995790133,,,,,,
raw,1,2563,2.085737943649292,0.4375,0.375,0.40384615384615385,0.40744466943813346,0.37750769709989296,0.3919053063910102,,,,,,1.4277965224736668,0.28374325134973005,0.3547418967587035,0.3152950995790133,,,,,,
raw,1,2564,1.49383544921875,0.375,0.375,0.375,0.4064713293549894,0.3774324661868962,0.39141404122598733,,,,,,1.427669625468018,0.28374325134973005,0.3547418967587035,0.3152950995790133,,,,,,
raw,1,2565,1.551048994064331,0.4375,0.375,0.40384615384615385,0.4074021894743397,0.3773594922012893,0.39180578494472285,,,,,,1.427539538011697,0.28374325134973005,0.3547418967587035,0.3152950995790133,,,,,,
raw,1,2566,1.5803582668304443,0.375,0.375,0.375,0.40643012379010957,0.37728870743525056,0.3913176255514157,,,,,,1.4274223237724097,0.28374325134973005,0.3547418967587035,0.3152950995790133,,,,,,
raw,1,2567,1.7023084163665771,0.4375,0.375,0.40384615384615385,0.40736222007640627,0.37722004621219307,0.39171213035243296,,,,,,1.427311829567589,0.28374325134973005,0.3547418967587035,0.3152950995790133,,,,,,
raw,1,2568,1.6843338012695312,0.375,0.375,0.375,0.40639135347411404,0.37715344482582724,0.39122689409143385,,,,,,1.427173227141745,0.28374325134973005,0.3547418967587035,0.3152950995790133,,,,,,
raw,1,2569,1.3166499137878418,0.4375,0.375,0.40384615384615385,0.4073246128698906,0.3770888414810524,0.39162399757897665,,,,,,1.4270667841572588,0.28374325134973005,0.3547418967587035,0.3152950995790133,,,,,,
raw,1,2570,1.9337270259857178,0.375,0.375,0.375,0.4063548744837938,0.3770261762366208,0.39114151250108675,,,,,,1.42694145466926,0.28374325134973005,0.3547418967587035,0.3152950995790133,,,,,,
raw,1,2571,1.6042613983154297,0.4375,0.375,0.40384615384615385,0.40728922824928,0.3769653909495222,0.39154106178773906,,,,,,1.4268243427071172,0.28374325134973005,0.3547418967587035,0.3152950995790133,,,,,,
raw,1,2572,1.708164930343628,0.375,0.375,0.375,0.40632055140180157,0.37690642922103657,0.3910611660139485,,,,,,1.4266931091368582,0.28374325134973005,0.3547418967587035,0.3152950995790133,,,,,,
raw,1,2573,1.6361267566680908,0.4375,0.375,0.40384615384615385,0.4072559348597475,0.3768492363444055,0.391463017168812,,,,,,1.426564360202098,0.28374325134973005,0.3547418967587035,0.3152950995790133,,,,,,
raw,1,2574,1.880460500717163,0.375,0.375,0.375,0.4062882568139551,0.3767937592540733,0.39098555830559506,,,,,,1.4264457081585105,0.28374325134973005,0.3547418967587035,0.3152950995790133,,,,,,
raw,1,2575,1.407308578491211,0.4375,0.375,0.40384615384615385,0.4072246091095364,0.37673994647645115,0.3913895758339375,,,,,,1.426309518368934,0.28374325134973005,0.3547418967587035,0.3152950995790133,,,,,,
raw,1,2576,1.4319037199020386,0.375,0.375,0.375,0.4062578708362503,0.37668774808215766,0.3909144104219247,,,,,,1.4261896762810573,0.28374325134973005,0.3547418967587035,0.3152950995790133,,,,,,
raw,1,2577,2.1005401611328125,0.4375,0.375,0.40384615384615385,0.4071951347111628,0.37663711563969293,0.3913204667745683,,,,,,1.426060638533177,0.28374325134973005,0.3547418967587035,0.3152950995790133,,,,,,
raw,1,2578,1.8831489086151123,0.4375,0.375,0.40384615384615385,0.4081042806698279,0.37658800217050215,0.3917132335707009,,,,,,1.4259430026764948,0.28374325134973005,0.3547418967587035,0.3152950995790133,,,,,,
raw,1,2579,1.6671648025512695,0.375,0.375,0.375,0.40711115224973304,0.3765403621053871,0.39122946329378017,,,,,,1.4258198906165205,0.28374325134973005,0.3547418967587035,0.3152950995790133,,,,,,
raw,1,2580,1.8018789291381836,0.4375,0.375,0.40384615384615385,0.408022817682241,0.3764941512422255,0.3916249374219133,,,,,,1.4256975979844961,0.28374325134973005,0.3547418967587035,0.3152950995790133,,,,,,
raw,1,2581,1.7984281778335571,0.375,0.375,0.375,0.4070321331517738,0.3764493267049588,0.39114383766091276,,,,,,1.4255686041844269,0.28374325134973005,0.3547418967587035,0.3152950995790133,,,,,,
raw,1,2582,1.8482837677001953,0.4375,0.375,0.40384615384615385,0.40794616915722054,0.37640584690381007,0.3915418591359636,,,,,,1.4254350032532932,0.28374325134973005,0.3547418967587035,0.3152950995790133,,,,,,
raw,1,2583,1.8627641201019287,0.375,0.375,0.375,0.40695778408250394,0.3763636714966958,0.39106327209740194,,,,,,1.4253137929926463,0.28374325134973005,0.3547418967587035,0.3152950995790133,,,,,,
raw,1,2584,1.6685714721679688,0.4375,0.375,0.40384615384615385,0.4078740505600288,0.3763227613517949,0.3914636903873324,,,,,,1.4251998586300336,0.28374325134973005,0.3547418967587035,0.3152950995790133,,,,,,
raw,1,2585,1.484244465827942,0.375,0.375,0.375,0.40688782904322796,0.376283078511241,0.39098746759944736,,,,,,1.4250876475435224,0.28374325134973005,0.3547418967587035,0.3152950995790133,,,,,,
raw,1,2586,1.9918208122253418,0.4375,0.375,0.40384615384615385,0.4078061941719311,0.3762445861559037,0.39139014106682396,,,,,,1.424962223279197,0.28374325134973005,0.3547418967587035,0.3152950995790133,,,,,,
raw,1,2587,1.6249184608459473,0.375,0.375,0.375,0.4068220083467732,0.37620724857122656,0.3909161428290992,,,,,,1.4248428180904509,0.28374325134973005,0.3547418967587035,0.3152950995790133,,,,,,
raw,1,2588,1.8006377220153809,0.4375,0.375,0.40384615384615385,0.40774234809636994,0.3761710311140898,0.39132093820563035,,,,,,1.4247053282071094,0.28374325134973005,0.3547418967587035,0.3152950995790133,,,,,,
raw,1,2589,1.0631306171417236,0.375,0.375,0.375,0.4067600776534789,0.3761359001806671,0.3908490330708054,,,,,,1.4245844002317505,0.28374325134973005,0.3547418967587035,0.3152950995790133,,,,,,
raw,1,2590,1.642826795578003,0.4375,0.375,0.40384615384615385,0.4076822753238745,0.3761018231752471,0.39125582496291,,,,,,1.4244642189961378,0.28374325134973005,0.3547418967587035,0.3152950995790133,,,,,,
raw,1,2591,1.2226251363754272,0.375,0.375,0.375,0.40670180706415826,0.3760687684799897,0.3907858892495587,,,,,,1.424340569702816,0.28374325134973005,0.3547418967587035,0.3152950995790133,,,,,,
raw,1,2592,1.3614428043365479,0.4375,0.375,0.40384615384615385,0.4076257528522335,0.37603670542559,0.39119455967313455,,,,,,1.4242214978009295,0.28374325134973005,0.3547418967587035,0.3152950995790133,,,,,,
raw,1,2593,1.9619920253753662,0.3125,0.375,0.3409090909090909,0.4047719802666665,0.37600560426282226,0.3898588690159275,,,,,,1.4240931206710394,0.28374325134973005,0.3547418967587035,0.3152950995790133,,,,,,
raw,1,2594,1.9235719442367554,0.4375,0.375,0.40384615384615385,0.4057538208586665,0.37597543613493756,0.3902974550228523,,,,,,1.423952416808019,0.28374325134973005,0.3547418967587035,0.3152950995790133,,,,,,
raw,1,2595,1.4618680477142334,0.4375,0.375,0.40384615384615385,0.4067062062329065,0.3759461730508894,0.3907217197224271,,,,,,1.4238332273603103,0.28374325134973005,0.3547418967587035,0.3152950995790133,,,,,,
raw,1,2596,1.4224092960357666,0.375,0.375,0.375,0.40575502004591935,0.3759177878593627,0.3902669454685086,,,,,,1.4237037584745782,0.28374325134973005,0.3547418967587035,0.3152950995790133,,,,,,
raw,1,2597,1.7419281005859375,0.4375,0.375,0.40384615384615385,0.4067073694445418,0.3758902542235818,0.39069205392819784,,,,,,1.423575185021182,0.28374325134973005,0.3547418967587035,0.3152950995790133,,,,,,
raw,1,2598,1.9569947719573975,0.375,0.375,0.375,0.40575614836120555,0.3758635465968744,0.3902382346819182,,,,,,1.423453042956123,0.28374325134973005,0.3547418967587035,0.3152950995790133,,,,,,
raw,1,2599,1.4168624877929688,0.4375,0.375,0.40384615384615385,0.40670846391036936,0.37583764019896815,0.3906641372881036,,,,,,1.4233250378222393,0.28374325134973005,0.3547418967587035,0.3152950995790133,,,,,,
raw,1,2600,1.583272933959961,0.375,0.375,0.375,0.4057572099930583,0.37581251099299906,0.39021121685374277,,,,,,1.450148008615383,0.28374325134973005,0.3547418967587035,0.3152950995790133,,,,0.40731853629274145,0.375750300120048,0.3908981053506692
raw,1,2601,1.2126950025558472,0.4375,0.375,0.40384615384615385,0.40670949369326653,0.3757881356632091,0.39063786689606417,,,,,,1.4500272618992724,0.28374325134973005,0.3547418967587035,0.3152950995790133,,,,,,
raw,1,2602,1.801561951637268,0.375,0.375,0.375,0.4057582088824685,0.3757644915933128,0.390185792371002,,,,,,1.449902186740972,0.28374325134973005,0.3547418967587035,0.3152950995790133,,,,,,
raw,1,2603,1.305227279663086,0.4375,0.375,0.40384615384615385,0.4067104626159944,0.37574155684551347,0.39061314587407875,,,,,,1.4497755318094512,0.28374325134973005,0.3547418967587035,0.3152950995790133,,,,,,
raw,1,2604,1.6505258083343506,0.375,0.375,0.375,0.4057591487375146,0.37571931014014803,0.3901618674573816,,,,,,1.4496468631720443,0.28374325134973005,0.3547418967587035,0.3152950995790133,,,,,,
raw,1,2605,1.5416302680969238,0.4375,0.375,0.40384615384615385,0.40671137427538917,0.3756977308359436,0.39058988302210296,,,,,,1.4495133781573921,0.28374325134973005,0.3547418967587035,0.3152950995790133,,,,,,
raw,1,2606,1.6221160888671875,0.375,0.375,0.375,0.4057600330471275,0.37567679891086525,0.39013935383405657,,,,,,1.4493839780890272,0.28374325134973005,0.3547418967587035,0.3152950995790133,,,,,,
raw,1,2607,1.3839621543884277,0.4375,0.375,0.40384615384615385,0.40671223205571366,0.37565649494353925,0.3905679924879171,,,,,,1.4492439705408549,0.28374325134973005,0.3547418967587035,0.3152950995790133,,,,,,
raw,1,2608,1.9851229190826416,0.375,0.375,0.375,0.4057608650940423,0.37563680009523304,0.390118168399901,,,,,,1.4491183634202465,0.28374325134973005,0.3547418967587035,0.3152950995790133,,,,,,
raw,1,2609,1.3650074005126953,0.4375,0.375,0.40384615384615385,0.40671303914122103,0.37561769609237605,0.39054739345588524,,,,,,1.448995640091991,0.28374325134973005,0.3547418967587035,0.3152950995790133,,,,,,
raw,1,2610,1.3431260585784912,0.375,0.375,0.375,0.40576164796698444,0.3755991652096048,0.39009823293001333,,,,,,1.4488672699233716,0.28374325134973005,0.3547418967587035,0.3152950995790133,,,,,,
raw,1,2611,1.8514385223388672,0.4375,0.375,0.40384615384615385,0.4067137985279749,0.3755811902533166,0.39052800985355746,,,,,,1.4487276612409026,0.28374325134973005,0.3547418967587035,0.3152950995790133,,,,,,
raw,1,2612,2.1055288314819336,0.375,0.375,0.375,0.40576238457213565,0.3755637545457171,0.3900794737915416,,,,,,1.448589717879023,0.28374325134973005,0.3547418967587035,0.3152950995790133,,,,,,
raw,1,2613,1.6252880096435547,0.4375,0.375,0.40384615384615385,0.4067145130349716,0.3755468419093456,0.39050977007512616,,,,,,1.448450600574052,0.28374325134973005,0.3547418967587035,0.3152950995790133,,,,,,
raw,1,2614,1.5110191106796265,0.4375,0.375,0.40384615384615385,0.4076380776439224,0.3755304366520652,0.3909260970003091,,,,,,1.4483170865340464,0.28374325134973005,0.3547418967587035,0.3152950995790133,,,,,,
raw,1,2615,1.7225432395935059,0.375,0.375,0.375,0.40665893531460473,0.37551452355250325,0.3904666787446619,,,,,,1.4481762826768647,0.28374325134973005,0.3547418967587035,0.3152950995790133,,,,,,
raw,1,2616,2.1581475734710693,0.4375,0.375,0.40384615384615385,0.40758416725516655,0.3754990878459281,0.39088432048007227,,,,,,1.4480577326070354,0.28374325134973005,0.3547418967587035,0.3152950995790133,,,,,,
raw,1,2617,1.5796512365341187,0.375,0.375,0.375,0.40660664223751153,0.37548411521055025,0.3904261336560387,,,,,,1.4479302683225097,0.28374325134973005,0.3547418967587035,0.3152950995790133,,,,,,
raw,1,2618,1.187718391418457,0.4375,0.375,0.40384615384615385,0.4075334429703862,0.3754695917542338,0.3908450125282175,,,,,,1.4478105270435453,0.28374325134973005,0.3547418967587035,0.3152950995790133,,,,,,
raw,1,2619,1.4651613235473633,0.375,0.375,0.375,0.40655743968127456,0.37545550400160677,0.390387984378518,,,,,,1.4476836633447916,0.28374325134973005,0.3547418967587035,0.3152950995790133,,,,,,
raw,1,2620,1.2223749160766602,0.4375,0.375,0.40384615384615385,0.4074857164908363,0.3754418388815586,0.39080802730086966,,,,,,1.44754811099237,0.28374325134973005,0.3547418967587035,0.3152950995790133,,,,,,
raw,1,2621,1.472727656364441,0.375,0.375,0.375,0.4065111449961112,0.3754285837151118,0.3903520893658565,,,,,,1.4474234178176262,0.28374325134973005,0.3547418967587035,0.3152950995790133,,,,,,
raw,1,2622,1.7050889730453491,0.4375,0.375,0.40384615384615385,0.40744081064622784,0.3754157262036585,0.39077322756798066,,,,,,1.4472945265827608,0.28374325134973005,0.3547418967587035,0.3152950995790133,,,,,,
raw,1,2623,1.758473515510559,0.375,0.375,0.375,0.406467586326841,0.37540325441754874,0.3903183154319135,,,,,,1.447175011132294,0.28374325134973005,0.3547418967587035,0.3152950995790133,,,,,,
raw,1,2624,1.7680702209472656,0.4375,0.375,0.40384615384615385,0.40739855873703573,0.37539115678502233,0.3907404842048854,,,,,,1.447039128849089,0.28374325134973005,0.3547418967587035,0.3152950995790133,,,,,,
raw,1,2625,1.924198865890503,0.3333333432674408,0.5,0.4000000071525573,0.4051766022729479,0.37912942208147166,0.39172049248791774,,,,,,1.4467004607238119,0.28374325134973005,0.3547418967587035,0.3152950995790133,,,,,,
raw,1,2626,1.8732556104660034,0.4375,0.375,0.40384615384615385,0.40614630420475945,0.3790055394190275,0.39210682712712863,,,,,,1.4465610623762413,0.28374325134973005,0.3547418967587035,0.3152950995790133,,,,,,
raw,1,2627,1.5784883499145508,0.375,0.375,0.375,0.40521191507861665,0.37888537323645666,0.39160667935565835,,,,,,1.4464351760944036,0.28374325134973005,0.3547418967587035,0.3152950995790133,,,,,,
raw,1,2628,1.3295692205429077,0.4375,0.375,0.40384615384615385,0.40618055762625815,0.37876881203936297,0.39199605281834016,,,,,,1.4462975252283128,0.28374325134973005,0.3547418967587035,0.3152950995790133,,,,,,
raw,1,2629,1.7864570617675781,0.375,0.375,0.375,0.40524514089747043,0.3786557476781821,0.3914994970813149,,,,,,1.4461823555344258,0.28374325134973005,0.3547418967587035,0.3152950995790133,,,,,,
raw,1,2630,1.7322170734405518,0.4375,0.375,0.40384615384615385,0.40621278667054633,0.3785460752478367,0.39189173533822313,,,,,,1.446041884752851,0.28374325134973005,0.3547418967587035,0.3152950995790133,,,,,,
raw,1,2631,1.4734982252120972,0.375,0.375,0.375,0.4052764030704299,0.3784396929904016,0.3913985646718759,,,,,,1.4458942362219724,0.28374325134973005,0.3547418967587035,0.3152950995790133,,,,,,
raw,1,2632,1.4532114267349243,0.4375,0.375,0.40384615384615385,0.406243110978317,0.3783365022006896,0.3917935033460937,,,,,,1.445757450303953,0.28374325134973005,0.3547418967587035,0.3152950995790133,,,,,,
raw,1,2633,1.4914584159851074,0.375,0.375,0.375,0.40530581764896745,0.3782364071346689,0.3913035224123541,,,,,,1.445625083364983,0.28374325134973005,0.3547418967587035,0.3152950995790133,,,,,,
raw,1,2634,1.5507018566131592,0.4375,0.375,0.40384615384615385,0.4062716431194984,0.3781393149206288,0.39170100628050225,,,,,,1.4455060937357624,0.28374325134973005,0.3547418967587035,0.3152950995790133,,,,,,
raw,1,2635,1.8134779930114746,0.375,0.375,0.375,0.40533349382591344,0.3780451354730099,0.39121403074858285,,,,,,1.4453768735104378,0.28374325134973005,0.3547418967587035,0.3152950995790133,,,,,,
raw,1,2636,1.7877063751220703,0.4375,0.375,0.40384615384615385,0.406298489011136,0.37795378140881963,0.39161391326344097,,,,,,1.4452325810318656,0.28374325134973005,0.3547418967587035,0.3152950995790133,,,,,,
raw,1,2637,1.3195267915725708,0.375,0.375,0.375,0.40535953434080196,0.377865167966555,0.3911297692202344,,,,,,1.4450972488433842,0.28374325134973005,0.3547418967587035,0.3152950995790133,,,,,,
raw,1,2638,1.7163758277893066,0.4375,0.375,0.40384615384615385,0.4063237483105779,0.37777921292755834,0.39153191205440796,,,,,,1.444968528241095,0.28374325134973005,0.3547418967587035,0.3152950995790133,,,,,,
raw,1,2639,1.4611519575119019,0.375,0.375,0.375,0.4053840358612606,0.3776958365397316,0.3910504354428542,,,,,,1.4448386423266384,0.28374325134973005,0.3547418967587035,0.3152950995790133,,,,,,
raw,1,2640,1.788970947265625,0.4375,0.375,0.40384615384615385,0.40634751478542275,0.3776149614435397,0.39145470805304555,,,,,,1.4446965159469707,0.28374325134973005,0.3547418967587035,0.3152950995790133,,,,,,
raw,1,2641,1.394068717956543,0.375,0.375,0.375,0.4054070893418601,0.37753651260023346,0.39097574413758895,,,,,,1.4445718817872013,0.28374325134973005,0.3547418967587035,0.3152950995790133,,,,,,
raw,1,2642,2.324159622192383,0.4375,0.375,0.40384615384615385,0.4063698766616043,0.37746041722222645,0.3913820233489652,,,,,,1.4444517649886466,0.28374325134973005,0.3547418967587035,0.3152950995790133,,,,,,
raw,1,2643,1.7334632873535156,0.375,0.375,0.375,0.4054287803617561,0.3773866047055596,0.3909054262071821,,,,,,1.4443436225501343,0.28374325134973005,0.3547418967587035,0.3152950995790133,,,,,,
raw,1,2644,1.5943212509155273,0.4375,0.375,0.40384615384615385,0.4063909169509034,0.3773150065643929,0.39131359581728853,,,,,,1.4442122746974297,0.28374325134973005,0.3547418967587035,0.3152950995790133,,,,,,
raw,1,2645,1.6054482460021973,0.3125,0.375,0.3409090909090909,0.40357418944237633,0.37724555636746104,0.38996598241462727,,,,,,1.4440850443856366,0.28374325134973005,0.3547418967587035,0.3152950995790133,,,,,,
raw,1,2646,1.7935731410980225,0.4375,0.375,0.40384615384615385,0.404591963759105,0.37717818967643724,0.3904044271264859,,,,,,1.4439497009070328,0.28374325134973005,0.3547418967587035,0.3152950995790133,,,,,,
raw,1,2647,1.566504955291748,0.375,0.375,0.375,0.40370420484633185,0.3771128439861441,0.38995572918497734,,,,,,1.443824634869664,0.28374325134973005,0.3547418967587035,0.3152950995790133,,,,,,
raw,1,2648,1.604857087135315,0.4375,0.375,0.40384615384615385,0.4047180787009419,0.3770494586665598,0.3903941394154488,,,,,,1.4437038470543837,0.28374325134973005,0.3547418967587035,0.3152950995790133,,,,,,
raw,1,2649,1.8936847448349,0.375,0.375,0.375,0.4038265363399136,0.376987974906563,0.38994600114510247,,,,,,1.443573203020011,0.28374325134973005,0.3547418967587035,0.3152950995790133,,,,,,
raw,1,2650,1.8640289306640625,0.4375,0.375,0.40384615384615385,0.40483674024971616,0.3769283356593661,0.3903843837962264,,,,,,1.443451498037738,0.28374325134973005,0.3547418967587035,0.3152950995790133,,,,,,
raw,1,2651,1.9857187271118164,0.375,0.375,0.375,0.4039416380422247,0.37687048558958514,0.3899367765211881,,,,,,1.4433208134666191,0.28374325134973005,0.3547418967587035,0.3152950995790133,,,,,,
raw,1,2652,1.541712760925293,0.4375,0.375,0.40384615384615385,0.40494838890095797,0.37681437102189763,0.3903751375291985,,,,,,1.4431936631598812,0.28374325134973005,0.3547418967587035,0.3152950995790133,,,,,,
raw,1,2653,1.6108484268188477,0.375,0.375,0.375,0.40404993723392923,0.3767599398912407,0.38992803376361773,,,,,,1.4430717234828527,0.28374325134973005,0.3547418967587035,0.3152950995790133,,,,,,
raw,1,2654,1.7616348266601562,0.4375,0.375,0.40384615384615385,0.40505343911691133,0.3767071416945035,0.39036637822000625,,,,,,1.442933524491335,0.28374325134973005,0.3547418967587035,0.3152950995790133,,,,,,
raw,1,2655,1.8521804809570312,0.375,0.375,0.375,0.404151835943404,0.3766559274436684,0.38991975165559556,,,,,,1.4428127153672339,0.28374325134973005,0.3547418967587035,0.3152950995790133,,,,,,
raw,1,2656,1.5247877836227417,0.4375,0.375,0.40384615384615385,0.40515228086510185,0.3766062496203584,0.3903580839136822,,,,,,1.4426842088478937,0.28374325134973005,0.3547418967587035,0.3152950995790133,,,,,,
raw,1,2657,1.693343997001648,0.375,0.375,0.375,0.4042477124391488,0.3765580621317476,0.38991190940137227,,,,,,1.4425551775686882,0.28374325134973005,0.3547418967587035,0.3152950995790133,,,,,,
raw,1,2658,1.6266108751296997,0.4375,0.375,0.40384615384615385,0.40524528106597435,0.3765113202677951,0.39035023317008155,,,,,,1.4424151149360442,0.28374325134973005,0.3547418967587035,0.3152950995790133,,,,,,
raw,1,2659,1.460679054260254,0.375,0.375,0.375,0.40433792263399515,0.3764659806597612,0.38990448669688366,,,,,,1.4422896510342231,0.28374325134973005,0.3547418967587035,0.3152950995790133,,,,,,
raw,1,2660,1.769223690032959,0.4375,0.375,0.40384615384615385,0.40533278495497527,0.3764220012399684,0.3903428051232272,,,,,,1.4421720725939842,0.28374325134973005,0.3547418967587035,0.3152950995790133,,,,,,
raw,1,2661,1.553168773651123,0.375,0.375,0.375,0.404422801406326,0.3763793412027693,0.3898974637852595,,,,,,1.442048762946264,0.28374325134973005,0.3547418967587035,0.3152950995790133,,,,,,
raw,1,2662,1.6443777084350586,0.4375,0.375,0.40384615384615385,0.4054151173641362,0.37633796096668615,0.3903357795268517,,,,,,1.441920581104436,0.28374325134973005,0.3547418967587035,0.3152950995790133,,,,,,
raw,1,2663,1.6038107872009277,0.375,0.375,0.375,0.4045026638432121,0.3762978221376856,0.38989082149935284,,,,,,1.4417899261359386,0.28374325134973005,0.3547418967587035,0.3152950995790133,,,,,,
raw,1,2664,1.4130477905273438,0.4375,0.375,0.40384615384615385,0.4054925839279157,0.37625888747355507,0.3903291367881336,,,,,,1.4416740363363392,0.28374325134973005,0.3547418967587035,0.3152950995790133,,,,,,
raw,1,2665,2.0606069564819336,0.375,0.375,0.375,0.40457780641007823,0.37622112084934844,0.38988454129316985,,,,,,1.4415474691932455,0.28374325134973005,0.3547418967587035,0.3152950995790133,,,,,,
raw,1,2666,1.2493863105773926,0.375,0.375,0.375,0.4036904722177759,0.376184487223868,0.3894524152875269,,,,,,1.441422661815453,0.28374325134973005,0.3547418967587035,0.3152950995790133,,,,,,
raw,1,2667,1.82167387008667,0.375,0.4375,0.40384615384615385,0.40282975805124255,0.37802395260715194,0.3900328455580128,,,,,,1.4413020791151097,0.28374325134973005,0.3547418967587035,0.3152950995790133,,,,,,
raw,1,2668,1.4308733940124512,0.4375,0.375,0.40384615384615385,0.40386986530970526,0.3779332340289374,0.3904713205983676,,,,,,1.4411833993253385,0.28374325134973005,0.3547418967587035,0.3152950995790133,,,,,,
raw,1,2669,1.5883164405822754,0.375,0.375,0.375,0.40300376935041404,0.37784523700806927,0.3900192060318632,,,,,,1.441054708130389,0.28374325134973005,0.3547418967587035,0.3152950995790133,,,,,,
raw,1,2670,1.4093915224075317,0.4375,0.375,0.40384615384615385,0.4040386562699016,0.3777598798978272,0.3904576107670072,,,,,,1.4409277818726596,0.28374325134973005,0.3547418967587035,0.3152950995790133,,,,,,
raw,1,2671,1.7396507263183594,0.375,0.375,0.375,0.4031674965818045,0.37767708350089235,0.3900062269888478,,,,,,1.4408037959565718,0.28374325134973005,0.3547418967587035,0.3152950995790133,,,,,,
raw,1,2672,1.983001708984375,0.4375,0.375,0.40384615384615385,0.4041974716843504,0.3775967709958655,0.39044457434085367,,,,,,1.4406717995508966,0.28374325134973005,0.3547418967587035,0.3152950995790133,,,,,,
raw,1,2673,1.750563621520996,0.375,0.375,0.375,0.4033215475338199,0.37751886786598954,0.38999388609506064,,,,,,1.4405546127197904,0.28374325134973005,0.3547418967587035,0.3152950995790133,,,,,,
raw,1,2674,1.8700942993164062,0.4375,0.375,0.40384615384615385,0.40434690110780525,0.37744330183000985,0.39043218721686124,,,,,,1.4404230231862392,0.28374325134973005,0.3547418967587035,0.3152950995790133,,,,,,
raw,1,2675,1.5126535892486572,0.375,0.375,0.375,0.40346649407457114,0.37737000277510957,0.38998216042121187,,,,,,1.4402966055700939,0.28374325134973005,0.3547418967587035,0.3152950995790133,,,,,,
raw,1,2676,1.2156360149383545,0.4375,0.375,0.40384615384615385,0.404487499252334,0.3772989026918563,0.3904204249164551,,,,,,1.440163999701049,0.28374325134973005,0.3547418967587035,0.3152950995790133,,,,,,
raw,1,2677,1.6769330501556396,0.375,0.375,0.375,0.40360287427476405,0.37722993561110063,0.38997102669745426,,,,,,1.4400308963018313,0.28374325134973005,0.3547418967587035,0.3152950995790133,,,,,,
raw,1,2678,1.632605791091919,0.4375,0.375,0.40384615384615385,0.4046197880465211,0.3771630375427676,0.3904092628141449,,,,,,1.4399017868558643,0.28374325134973005,0.3547418967587035,0.3152950995790133,,,,,,
raw,1,2679,1.9061164855957031,0.375,0.375,0.375,0.4037311944051255,0.37709814641648454,0.3899604615279658,,,,,,1.4397841739455044,0.28374325134973005,0.3547418967587035,0.3152950995790133,,,,,,
raw,1,2680,1.8944969177246094,0.4375,0.375,0.40384615384615385,0.40474425857297175,0.37703520202399,0.39039867632895836,,,,,,1.4396585529477632,0.28374325134973005,0.3547418967587035,0.3152950995790133,,,,,,
raw,1,2681,1.8420648574829102,0.375,0.375,0.375,0.40385193081578263,0.3769741459632703,0.3899504415705537,,,,,,1.4395271793733666,0.28374325134973005,0.3547418967587035,0.3152950995790133,,,,,,
raw,1,2682,1.8814964294433594,0.4375,0.375,0.40384615384615385,0.40486137289130913,0.3769149215843721,0.3903886410836058,,,,,,1.4393967445190154,0.28374325134973005,0.3547418967587035,0.3152950995790133,,,,,,
raw,1,2683,1.7453303337097168,0.375,0.375,0.375,0.40396553170456984,0.376857473936841,0.38994094368590193,,,,,,1.4392614019008607,0.28374325134973005,0.3547418967587035,0.3152950995790133,,,,,,
raw,1,2684,1.7627828121185303,0.4375,0.375,0.40384615384615385,0.40497156575343274,0.3768017497187358,0.39037913303568605,,,,,,1.4391362398658754,0.28374325134973005,0.3547418967587035,0.3152950995790133,,,,,,
raw,1,2685,1.5437190532684326,0.4375,0.375,0.40384615384615385,0.40594741878082974,0.3767476972271737,0.3908028863167938,,,,,,1.4390033272625722,0.28374325134973005,0.3547418967587035,0.3152950995790133,,,,,,
raw,1,2686,1.4348649978637695,0.4375,0.375,0.40384615384615385,0.40689399621740485,0.37669526631035855,0.39121271715938205,,,,,,1.4388894073343266,0.28374325134973005,0.3547418967587035,0.3152950995790133,,,,,,
raw,1,2687,1.9507874250411987,0.375,0.375,0.375,0.40593717633088267,0.37664440832104784,0.3907425643363815,,,,,,1.4387641154075197,0.28374325134973005,0.3547418967587035,0.3152950995790133,,,,,,
raw,1,2688,1.676081895828247,0.4375,0.375,0.40384615384615385,0.40688406104095615,0.3765950760714164,0.3911540886327091,,,,,,1.4386321149553558,0.28374325134973005,0.3547418967587035,0.3152950995790133,,,,,,
raw,1,2689,1.8463282585144043,0.375,0.375,0.375,0.40592753920972746,0.37654722378927385,0.39068579633981004,,,,,,1.4385144127928626,0.28374325134973005,0.3547418967587035,0.3152950995790133,,,,,,
raw,1,2690,1.6879379749298096,0.375,0.375,0.375,0.4049997130334356,0.37650080707559563,0.3902306265930558,,,,,,1.4383790067286268,0.28374325134973005,0.3547418967587035,0.3152950995790133,,,,,,
raw,1,2691,1.8469574451446533,0.375,0.375,0.375,0.4040997216424326,0.3764557828633278,0.3897882371916119,,,,,,1.4382556610553694,0.28374325134973005,0.3547418967587035,0.3152950995790133,,,,,,
raw,1,2692,1.7787516117095947,0.4375,0.375,0.40384615384615385,0.4051017299931596,0.376412109377428,0.3902303171546607,,,,,,1.4381303887072827,0.28374325134973005,0.3547418967587035,0.3152950995790133,,,,,,
raw,1,2693,1.659564733505249,0.4375,0.375,0.40384615384615385,0.40607367809336475,0.3763697460961052,0.3906578862967153,,,,,,1.4379994566282972,0.28374325134973005,0.3547418967587035,0.3152950995790133,,,,,,
raw,1,2694,1.6359363794326782,0.375,0.375,0.375,0.4051414677505638,0.376328653713222,0.39020389630861624,,,,,,1.437873580289533,0.28374325134973005,0.3547418967587035,0.3152950995790133,,,,,,
raw,1,2695,1.4091882705688477,0.4375,0.375,0.40384615384615385,0.4061122237180469,0.37628879410182536,0.39063210668791953,,,,,,1.4377475150278283,0.28374325134973005,0.3547418967587035,0.3152950995790133,,,,,,
raw,1,2696,1.6090543270111084,0.375,0.375,0.375,0.40517885700650547,0.37625013027877063,0.39017901873467786,,,,,,1.437625077373888,0.28374325134973005,0.3547418967587035,0.3152950995790133,,,,,,
raw,1,2697,1.7246389389038086,0.4375,0.375,0.40384615384615385,0.4061484912963103,0.37621262637040753,0.39060783353513956,,,,,,1.4375149297738257,0.28374325134973005,0.3547418967587035,0.3152950995790133,,,,,,
raw,1,2698,1.3962363004684448,0.375,0.375,0.375,0.40521403655742105,0.37617624757929535,0.39015559531057525,,,,,,1.437391313417346,0.28374325134973005,0.3547418967587035,0.3152950995790133,,,,,,
raw,1,2699,1.7550926208496094,0.4375,0.375,0.40384615384615385,0.4061826154606984,0.37614096015191645,0.3905849797681597,,,,,,1.4372687937754718,0.28374325134973005,0.3547418967587035,0.3152950995790133,,,,,,
raw,1,2700,1.8876571655273438,0.375,0.375,0.375,0.4052471369968774,0.37610673134735895,0.39013354194241184,,,,,,1.4371461560000036,0.28374325134973005,0.3547418967587035,0.3152950995790133,,,,,,
raw,1,2701,1.6930599212646484,0.4375,0.375,0.40384615384615385,0.4062147228869711,0.37607352940693817,0.3905634632380226,,,,,,1.4370453456867862,0.28374325134973005,0.3547418967587035,0.3152950995790133,,,,,,
raw,1,2702,1.7539267539978027,0.375,0.375,0.375,0.4052782812003619,0.3760413235247301,0.3901127792948044,,,,,,1.4369224207253894,0.28374325134973005,0.3547418967587035,0.3152950995790133,,,,,,
raw,1,2703,1.5587871074676514,0.4375,0.375,0.40384615384615385,0.40624493276435103,0.37601008381898815,0.39054320645187973,,,,,,1.436792577284502,0.28374325134973005,0.3547418967587035,0.3152950995790133,,,,,,
raw,1,2704,1.4192876815795898,0.375,0.375,0.375,0.4053075847814205,0.37597978130441856,0.3900932325338483,,,,,,1.4366755696745546,0.28374325134973005,0.3547418967587035,0.3152950995790133,,,,,,
raw,1,2705,1.5735750198364258,0.4375,0.375,0.40384615384615385,0.40627335723797786,0.375950387865286,0.3905241363205771,,,,,,1.4365492554528676,0.28374325134973005,0.3547418967587035,0.3152950995790133,,,,,,
raw,1,2706,1.9360618591308594,0.375,0.375,0.375,0.4053351565208385,0.3759218762293274,0.3900748310825093,,,,,,1.4364307284552866,0.28374325134973005,0.3547418967587035,0.3152950995790133,,,,,,
raw,1,2707,1.601457118988037,0.4375,0.375,0.40384615384615385,0.40630010182521337,0.37589421994244754,0.39050618391855446,,,,,,1.43630604879941,0.28374325134973005,0.3547418967587035,0.3152950995790133,,,,,,
raw,1,2708,1.767099380493164,0.375,0.375,0.375,0.405361098770457,0.37586739334417407,0.3900575083880213,,,,,,1.4361816433899564,0.28374325134973005,0.3547418967587035,0.3152950995790133,,,,,,
raw,1,2709,1.810164451599121,0.4375,0.375,0.40384615384615385,0.4063252658073433,0.3758413715438489,0.3904892842556323,,,,,,1.4360503070505726,0.28374325134973005,0.3547418967587035,0.3152950995790133,,,,,,
raw,1,2710,1.9928767681121826,0.375,0.375,0.375,0.405385507833123,0.3758161303975335,0.3900412017008611,,,,,,1.4359251823985244,0.28374325134973005,0.3547418967587035,0.3152950995790133,,,,,,
raw,1,2711,1.6334850788116455,0.4375,0.375,0.40384615384615385,0.4063489425981293,0.3757916464856075,0.3904733760602421,,,,,,1.435809414201401,0.28374325134973005,0.3547418967587035,0.3152950995790133,,,,,,
raw,1,2712,1.5507264137268066,0.375,0.375,0.375,0.40540847432018545,0.3757678970910393,0.39002585186486277,,,,,,1.4356919432522135,0.28374325134973005,0.3547418967587035,0.3152950995790133,,,,,,
raw,1,2713,1.670079231262207,0.4375,0.375,0.40384615384615385,0.40637122009057985,0.3757448601783081,0.3904584015736605,,,,,,1.4355622357169202,0.28374325134973005,0.3547418967587035,0.3152950995790133,,,,,,
raw,1,2714,1.8535289764404297,0.375,0.375,0.375,0.40543008348786247,0.3757225143729589,0.39001140311803445,,,,,,1.4354580334561517,0.28374325134973005,0.3547418967587035,0.3152950995790133,,,,,,
raw,1,2715,1.8909862041473389,0.4375,0.375,0.40384615384615385,0.4063921809832266,0.3757008389417701,0.39044430635480215,,,,,,1.4353437417311252,0.28374325134973005,0.3547418967587035,0.3152950995790133,,,,,,
raw,1,2716,1.6306395530700684,0.375,0.375,0.375,0.40545041555372985,0.375679813773517,0.3899978029036373,,,,,,1.4352195324374115,0.28374325134973005,0.3547418967587035,0.3152950995790133,,,,,,
raw,1,2717,1.4251502752304077,0.4375,0.375,0.40384615384615385,0.40641190308711794,0.37565941936031144,0.39043103909512933,,,,,,1.4350853940743453,0.28374325134973005,0.3547418967587035,0.3152950995790133,,,,,,
raw,1,2718,1.291825294494629,0.375,0.375,0.375,0.40546954599450435,0.3756396367795021,0.3899850016910946,,,,,,1.4349756822295838,0.28374325134973005,0.3547418967587035,0.3152950995790133,,,,,,
raw,1,2719,1.7484216690063477,0.4375,0.375,0.40384615384615385,0.4064304596146692,0.375620447676117,0.39041855144324483,,,,,,1.4348432664950381,0.28374325134973005,0.3547418967587035,0.3152950995790133,,,,,,
raw,1,2720,1.5664923191070557,0.375,0.375,0.375,0.40548754582622915,0.3756018342458335,0.3899729528063021,,,,,,1.434731471029414,0.28374325134973005,0.3547418967587035,0.3152950995790133,,,,,,
raw,1,2721,1.3851691484451294,0.4375,0.375,0.40384615384615385,0.40644791945144226,0.37558377921845854,0.3904067978387377,,,,,,1.4346146053656756,0.28374325134973005,0.3547418967587035,0.3152950995790133,,,,,,
raw,1,2722,1.6951243877410889,0.4375,0.375,0.40384615384615385,0.40737948186789896,0.3755662658419048,0.39082654509146136,,,,,,1.4344864327332842,0.28374325134973005,0.3547418967587035,0.3152950995790133,,,,,,
raw,1,2723,1.8463901281356812,0.4375,0.375,0.40384615384615385,0.408283097411862,0.3755492778666476,0.3912326850334598,,,,,,1.4343650700697748,0.28374325134973005,0.3547418967587035,0.3152950995790133,,,,,,
raw,1,2724,1.710573434829712,0.375,0.375,0.375,0.4072846044895061,0.3755327995306482,0.39076476057943965,,,,,,1.4342387458516912,0.28374325134973005,0.3547418967587035,0.3152950995790133,,,,,,
raw,1,2725,1.5882978439331055,0.4375,0.375,0.40384615384615385,0.4081910663548209,0.3755168155447288,0.39117281556450173,,,,,,1.4341149052110107,0.28374325134973005,0.3547418967587035,0.3152950995790133,,,,,,
raw,1,2726,1.8579001426696777,0.375,0.375,0.375,0.4071953343641762,0.3755013110783869,0.3907066238473378,,,,,,1.4339905313646366,0.28374325134973005,0.3547418967587035,0.3152950995790133,,,,,,
raw,1,2727,1.3634536266326904,0.4375,0.375,0.40384615384615385,0.4081044743332509,0.3754862717460353,0.39111648093598816,,,,,,1.43387673513018,0.28374325134973005,0.3547418967587035,0.3152950995790133,,,,,,
raw,1,2728,1.8332252502441406,0.375,0.375,0.375,0.40711134010325334,0.37547168359365424,0.3906519197325168,,,,,,1.4337689420821138,0.28374325134973005,0.3547418967587035,0.3152950995790133,,,,,,
raw,1,2729,1.453198790550232,0.4375,0.375,0.40384615384615385,0.4080229999001557,0.3754575330858446,0.39106347263266505,,,,,,1.4336559121656274,0.28374325134973005,0.3547418967587035,0.3152950995790133,,,,,,
raw,1,2730,1.2044724225997925,0.3333333432674408,0.5,0.4000000071525573,0.4057823102011743,0.3791938070932693,0.39203775928018136,,,,,,1.4333371674725282,0.28374325134973005,0.3547418967587035,0.3152950995790133,,,,,,
raw,1,2731,2.315560817718506,0.375,0.375,0.375,0.404858840895139,0.3790679928804712,0.3915391631101202,,,,,,1.4332085668985732,0.28374325134973005,0.3547418967587035,0.3152950995790133,,,,,,
raw,1,2732,1.6683752536773682,0.4375,0.375,0.40384615384615385,0.40583807566828484,0.3789459530940571,0.3919312594281886,,,,,,1.4330939681918025,0.28374325134973005,0.3547418967587035,0.3152950995790133,,,,,,
raw,1,2733,1.6156669855117798,0.375,0.375,0.375,0.4049129333982363,0.3788275745012354,0.39143615239320856,,,,,,1.4329726503841962,0.28374325134973005,0.3547418967587035,0.3152950995790133,,,,,,
raw,1,2734,1.6466436386108398,0.4375,0.375,0.40384615384615385,0.4058905453962892,0.3787127472661983,0.3918309417611077,,,,,,1.4328489846378925,0.28374325134973005,0.3547418967587035,0.3152950995790133,,,,,,
raw,1,2735,1.8750066757202148,0.375,0.375,0.375,0.40496382903440054,0.3786013648482124,0.39133912425811823,,,,,,1.4327238555758715,0.28374325134973005,0.3547418967587035,0.3152950995790133,,,,,,
raw,1,2736,1.4202312231063843,0.4375,0.375,0.40384615384615385,0.4059399141633685,0.378493323902766,0.3917364536854141,,,,,,1.4325973691154972,0.28374325134973005,0.3547418967587035,0.3152950995790133,,,,,,
raw,1,2737,1.5738956928253174,0.375,0.375,0.375,0.4050117167384675,0.37838852418568303,0.39124773715615074,,,,,,1.432473978955063,0.28374325134973005,0.3547418967587035,0.3152950995790133,,,,,,
raw,1,2738,1.7496201992034912,0.4375,0.375,0.40384615384615385,0.40598636523631343,0.3782868684601125,0.39164746199204215,,,,,,1.4323572036523007,0.28374325134973005,0.3547418967587035,0.3152950995790133,,,,,,
raw,1,2739,1.6015326976776123,0.375,0.375,0.375,0.40505677427922404,0.3781882624063091,0.39116166835556465,,,,,,1.4322512851405642,0.28374325134973005,0.3547418967587035,0.3152950995790133,,,,,,
raw,1,2740,1.7486763000488281,0.4375,0.375,0.40384615384615385,0.4060300710508473,0.3780926145341198,0.39156365187563313,,,,,,1.4321206545620448,0.28374325134973005,0.3547418967587035,0.3152950995790133,,,,,,
raw,1,2741,1.7203693389892578,0.375,0.375,0.375,0.40509916891932185,0.3779998360980962,0.39108061298474694,,,,,,1.431998201422838,0.28374325134973005,0.3547418967587035,0.3152950995790133,,,,,,
raw,1,2742,1.915353775024414,0.4375,0.375,0.40384615384615385,0.4060711938517422,0.37790984101515324,0.39148472599314743,,,,,,1.4318770888037922,0.28374325134973005,0.3547418967587035,0.3152950995790133,,,,,,
raw,1,2743,1.8583011627197266,0.375,0.375,0.375,0.4051390580361899,0.37782254578469865,0.3910042831144111,,,,,,1.431752295916878,0.28374325134973005,0.3547418967587035,0.3152950995790133,,,,,,
raw,1,2744,1.5182245969772339,0.4375,0.375,0.40384615384615385,0.4061098862951042,0.3777378694111577,0.39141040356159734,,,,,,1.4316313170918387,0.28374325134973005,0.3547418967587035,0.3152950995790133,,,,,,
raw,1,2745,1.482616901397705,0.375,0.375,0.375,0.40517658970625103,0.37765573332882296,0.3909324068784781,,,,,,1.4315164225865245,0.28374325134973005,0.3547418967587035,0.3152950995790133,,,,,,
raw,1,2746,1.5721688270568848,0.4375,0.375,0.40384615384615385,0.40614629201506347,0.37757606132895827,0.3913404194944375,,,,,,1.4314118329206147,0.28374325134973005,0.3547418967587035,0.3152950995790133,,,,,,
raw,1,2747,1.4835929870605469,0.375,0.375,0.375,0.40521190325461154,0.3774987794890895,0.3908647276330991,,,,,,1.4312929500546043,0.28374325134973005,0.3547418967587035,0.3152950995790133,,,,,,
raw,1,2748,1.7966216802597046,0.4375,0.375,0.40384615384615385,0.4061805461569732,0.3774238161044168,0.3912745235759762,,,,,,1.4311837791848614,0.28374325134973005,0.3547418967587035,0.3152950995790133,,,,,,
raw,1,2749,1.5495760440826416,0.375,0.375,0.375,0.405245129772264,0.37735110162128427,0.39080100315311794,,,,,,1.4310555556566045,0.28374325134973005,0.3547418967587035,0.3152950995790133,,,,,,
raw,1,2750,1.9521284103393555,0.4375,0.375,0.40384615384615385,0.4062127758790961,0.3772805685726457,0.3912124796730234,,,,,,1.4309398331272745,0.28374325134973005,0.3547418967587035,0.3152950995790133,,,,,,
raw,1,2751,1.590036153793335,0.375,0.375,0.375,0.4052763926027232,0.3772121515154663,0.39074100486513774,,,,,,1.4308169176663026,0.28374325134973005,0.3547418967587035,0.3152950995790133,,,,,,
raw,1,2752,1.9346041679382324,0.4375,0.375,0.40384615384615385,0.4062431008246415,0.37714578697000234,0.3911540649828732,,,,,,1.4306883708212237,0.28374325134973005,0.3547418967587035,0.3152950995790133,,,,,,
raw,1,2753,1.6299045085906982,0.375,0.375,0.375,0.4053058077999022,0.3770814133609023,0.3906845171162565,,,,,,1.4305630169269898,0.28374325134973005,0.3547418967587035,0.3152950995790133,,,,,,
raw,1,2754,1.5244914293289185,0.4375,0.375,0.40384615384615385,0.4062716335659051,0.3770189709600752,0.3910990693166315,,,,,,1.4304602564270172,0.28374325134973005,0.3547418967587035,0.3152950995790133,,,,,,
raw,1,2755,1.7131288051605225,0.375,0.375,0.375,0.4053334845589279,0.37695840183127294,0.39063133647744896,,,,,,1.430342021524502,0.28374325134973005,0.3547418967587035,0.3152950995790133,,,,,,
raw,1,2756,1.735858678817749,0.4375,0.375,0.40384615384615385,0.40629848002216007,0.3768996497763347,0.3910472944168248,,,,,,1.4302220812772133,0.28374325134973005,0.3547418967587035,0.3152950995790133,,,,,,
raw,1,2757,1.7335612773895264,0.375,0.375,0.375,0.40535952562149524,0.3768426602830447,0.3905812710805176,,,,,,1.4301060989481327,0.28374325134973005,0.3547418967587035,0.3152950995790133,,,,,,
raw,1,2758,1.6876499652862549,0.4375,0.375,0.40384615384615385,0.40632373985285036,0.3767873804745534,0.3909985533081747,,,,,,1.4299662668237838,0.28374325134973005,0.3547418967587035,0.3152950995790133,,,,,,
raw,1,2759,1.9907439947128296,0.375,0.375,0.375,0.4053840276572649,0.3767337590603168,0.3905341399874846,,,,,,1.4298431791953594,0.28374325134973005,0.3547418967587035,0.3152950995790133,,,,,,
raw,1,2760,1.8999123573303223,0.4375,0.375,0.40384615384615385,0.40634750682754694,0.37668174628850726,0.3909526696803897,,,,,,1.4297288955797094,0.28374325134973005,0.3547418967587035,0.3152950995790133,,,,,,
raw,1,2761,1.480811357498169,0.375,0.375,0.375,0.40540708162272054,0.37663129389985206,0.390489772591271,,,,,,1.429601969721119,0.28374325134973005,0.3547418967587035,0.3152950995790133,,,,,,
raw,1,2762,1.4877896308898926,0.5,0.375,0.42857142857142855,0.4082448691740389,0.37658235508285653,0.391774927098425,,,,,,1.4294787609703106,0.28374325134973005,0.3547418967587035,0.3152950995790133,,,,,,
raw,1,2763,1.8599658012390137,0.375,0.375,0.375,0.40724752309881773,0.37653488443037086,0.39128946394183395,,,,,,1.4293522692363405,0.28374325134973005,0.3547418967587035,0.3152950995790133,,,,,,
raw,1,2764,2.0013070106506348,0.4375,0.375,0.40384615384615385,0.4081550974058532,0.3764888378974597,0.3916829822812634,,,,,,1.4292402662083936,0.28374325134973005,0.3547418967587035,0.3152950995790133,,,,,,
raw,1,2765,1.4746688604354858,0.375,0.375,0.375,0.4071604444836776,0.3764441727605359,0.39120028986940464,,,,,,1.4291238536347217,0.28374325134973005,0.3547418967587035,0.3152950995790133,,,,,,
raw,1,2766,1.6364904642105103,0.4375,0.375,0.40384615384615385,0.40807063114916725,0.37640084757771985,0.3915964712583175,,,,,,1.4290107353217634,0.28374325134973005,0.3547418967587035,0.3152950995790133,,,,,,
raw,1,2767,1.675891399383545,0.375,0.375,0.375,0.40707851221469227,0.3763588221503883,0.3911163858536758,,,,,,1.4288873515720992,0.28374325134973005,0.3547418967587035,0.3152950995790133,,,,,,
raw,1,2768,1.6614985466003418,0.4375,0.375,0.40384615384615385,0.4079911568482515,0.37631805748587666,0.39151507290883747,,,,,,1.4287873112716782,0.28374325134973005,0.3547418967587035,0.3152950995790133,,,,,,
raw,1,2769,1.7262259721755981,0.375,0.375,0.375,0.407001422142804,0.37627851576130034,0.3910374404492462,,,,,,1.4286552491152045,0.28374325134973005,0.3547418967587035,0.3152950995790133,,,,,,
raw,1,2770,1.6146013736724854,0.4375,0.375,0.40384615384615385,0.4079163794785199,0.3762401602884613,0.39143848508843243,,,,,,1.428539165126354,0.28374325134973005,0.3547418967587035,0.3152950995790133,,,,,,
raw,1,2771,1.558837890625,0.375,0.375,0.375,0.4069288880941643,0.3762029554798074,0.39096316061543557,,,,,,1.4284184791050198,0.28374325134973005,0.3547418967587035,0.3152950995790133,,,,,,
raw,1,2772,1.5374886989593506,0.4375,0.4375,0.4375,0.40784602145133936,0.3780418668154132,0.392378795053702,,,,,,1.4283011683621927,0.28374325134973005,0.3547418967587035,0.3152950995790133,,,,,,
raw,1,2773,1.6514354944229126,0.375,0.375,0.375,0.40686064080779916,0.3779506108109508,0.39187314756527825,,,,,,1.4281814182834462,0.28374325134973005,0.3547418967587035,0.3152950995790133,,,,,,
raw,1,2774,1.9407051801681519,0.4375,0.375,0.40384615384615385,0.4077798215835652,0.3778620924866223,0.392251314238364,,,,,,1.4280824376712324,0.28374325134973005,0.3547418967587035,0.3152950995790133,,,,,,
raw,1,2775,1.8979110717773438,0.375,0.375,0.375,0.4067964269360582,0.3777762297120236,0.39174962095870913,,,,,,1.4279700611171162,0.28374325134973005,0.3547418967587035,0.3152950995790133,,,,,,
raw,1,2776,1.7563148736953735,0.4375,0.375,0.40384615384615385,0.40771753412797646,0.3776929428206629,0.39213134997293786,,,,,,1.4278603551512987,0.28374325134973005,0.3547418967587035,0.3152950995790133,,,,,,
raw,1,2777,1.5412511825561523,0.375,0.375,0.375,0.4067360081041371,0.377612154536043,0.3916333782961927,,,,,,1.427747790529349,0.28374325134973005,0.3547418967587035,0.3152950995790133,,,,,,
raw,1,2778,1.6407098770141602,0.4375,0.375,0.40384615384615385,0.407658927861013,0.3775337898999618,0.3920184600305336,,,,,,1.427632985997121,0.28374325134973005,0.3547418967587035,0.3152950995790133,,,,,,
raw,1,2779,1.3423717021942139,0.375,0.375,0.375,0.40667916002518256,0.37745777620296295,0.3915239909742808,,,,,,1.4275224538682967,0.28374325134973005,0.3547418967587035,0.3152950995790133,,,,,,
raw,1,2780,2.0985937118530273,0.4375,0.375,0.40384615384615385,0.4076037852244271,0.3773840429168741,0.39191222809260345,,,,,,1.4273958748561186,0.28374325134973005,0.3547418967587035,0.3152950995790133,,,,,,
raw,1,2781,1.732111930847168,0.375,0.375,0.375,0.40662567166769426,0.3773125216293679,0.39142105550669337,,,,,,1.4272817863718104,0.28374325134973005,0.3547418967587035,0.3152950995790133,,,,,,
raw,1,2782,1.7120246887207031,0.4375,0.375,0.40384615384615385,0.4075519015176634,0.3772431459804869,0.3918122622434497,,,,,,1.4271632093817426,0.28374325134973005,0.3547418967587035,0.3152950995790133,,,,,,
raw,1,2783,1.593055248260498,0.375,0.375,0.375,0.4065753444721335,0.37717585160107225,0.39132419206401486,,,,,,1.427049453467483,0.28374325134973005,0.3547418967587035,0.3152950995790133,,,,,,
raw,1,2784,1.3877849578857422,0.4375,0.375,0.40384615384615385,0.4075030841379695,0.3771105760530401,0.3917181935508214,,,,,,1.4269279071839096,0.28374325134973005,0.3547418967587035,0.3152950995790133,,,,,,
raw,1,2785,1.739198088645935,0.375,0.375,0.375,0.40652799161383035,0.37704725877144885,0.39123304309698476,,,,,,1.426812566786355,0.28374325134973005,0.3547418967587035,0.3152950995790133,,,,,,
raw,1,2786,2.0118961334228516,0.4375,0.375,0.40384615384615385,0.4074571518654154,0.37698584100830534,0.3916296747278352,,,,,,1.4266957130653297,0.28374325134973005,0.3547418967587035,0.3152950995790133,,,,,,
raw,1,2787,1.6763591766357422,0.375,0.375,0.375,0.4064834373094529,0.3769262657780562,0.3911472720387437,,,,,,1.426570831144601,0.28374325134973005,0.3547418967587035,0.3152950995790133,,,,,,
raw,1,2788,1.5672225952148438,0.4375,0.375,0.40384615384615385,0.4074139341901693,0.37686847780471455,0.39154637887169874,,,,,,1.4264412869440486,0.28374325134973005,0.3547418967587035,0.3152950995790133,,,,,,
raw,1,2789,1.7433286905288696,0.375,0.375,0.375,0.4064415161644642,0.3768124234705731,0.39106656208163654,,,,,,1.4263274926138418,0.28374325134973005,0.3547418967587035,0.3152950995790133,,,,,,
raw,1,2790,2.032140016555786,0.4375,0.375,0.40384615384615385,0.4073732706795303,0.37675805076645585,0.3914679982749496,,,,,,1.426205436200718,0.28374325134973005,0.3547418967587035,0.3152950995790133,,,,,,
raw,1,2791,1.569723129272461,0.375,0.375,0.375,0.4064020725591444,0.3767053092434621,0.39099061502440524,,,,,,1.4260868375850961,0.28374325134973005,0.3547418967587035,0.3152950995790133,,,,,,
raw,1,2792,1.276375412940979,0.4375,0.375,0.40384615384615385,0.4073350103823701,0.3766541499661583,0.39139424330515454,,,,,,1.4259791429799447,0.28374325134973005,0.3547418967587035,0.3152950995790133,,,,,,
raw,1,2793,1.3052265644073486,0.375,0.375,0.375,0.40636496007089895,0.3766045254671736,0.39091915018582474,,,,,,1.4258660827783751,0.28374325134973005,0.3547418967587035,0.3152950995790133,,,,,,
raw,1,2794,1.5404152870178223,0.4375,0.375,0.40384615384615385,0.407299011268772,0.3765563897031584,0.3913248413492197,,,,,,1.42574896607015,0.28374325134973005,0.3547418967587035,0.3152950995790133,,,,,,
raw,1,2795,1.842890739440918,0.375,0.375,0.375,0.4063300409307088,0.3765096980120637,0.3908519033810428,,,,,,1.4256330468694125,0.28374325134973005,0.3547418967587035,0.3152950995790133,,,,,,
raw,1,2796,1.5346481800079346,0.4375,0.375,0.40384615384615385,0.4072651397027875,0.3764644070717018,0.3912595358186752,,,,,,1.4255174514663835,0.28374325134973005,0.3547418967587035,0.3152950995790133,,,,,,
raw,1,2797,1.8567018508911133,0.375,0.375,0.375,0.4062971855117039,0.37642047485955077,0.39078862595708785,,,,,,1.4254064932070096,0.28374325134973005,0.3547418967587035,0.3152950995790133,,,,,,
raw,1,2798,1.227905511856079,0.4375,0.375,0.40384615384615385,0.4072332699463528,0.3763778606137642,0.3911980852124891,,,,,,1.425301112973552,0.28374325134973005,0.3547418967587035,0.3152950995790133,,,,,,
raw,1,2799,1.4817547798156738,0.375,0.375,0.375,0.40626627184796216,0.3763365247953513,0.39072908388419536,,,,,,1.42518075684173,0.28374325134973005,0.3547418967587035,0.3152950995790133,,,,,,
raw,1,2800,1.7231436967849731,0.4375,0.375,0.40384615384615385,0.4072032836925233,0.37629642905149074,0.39114026223415055,,,,,,1.4500376740357128,0.28374325134973005,0.3547418967587035,0.3152950995790133,,,,0.40671865626874626,0.375750300120048,0.39062164935644633
raw,1,2801,1.1974339485168457,0.375,0.375,0.375,0.40623718518174756,0.37625753617994606,0.39067305689978926,,,,,,1.4499273922527687,0.28374325134973005,0.3547418967587035,0.3152950995790133,,,,,,
raw,1,2802,1.6172709465026855,0.4375,0.375,0.40384615384615385,0.4071750696262951,0.37621981009454764,0.3910858529599432,,,,,,1.449798099643113,0.28374325134973005,0.3547418967587035,0.3152950995790133,,,,,,
raw,1,2803,1.7467947006225586,0.375,0.375,0.375,0.4062098175375063,0.3761832157917112,0.3906203377021223,,,,,,1.4496697676418155,0.28374325134973005,0.3547418967587035,0.3152950995790133,,,,,,
raw,1,2804,1.5858488082885742,0.4375,0.375,0.40384615384615385,0.4071485230113811,0.37614771931795987,0.3910346560554928,,,,,,1.449552486447931,0.28374325134973005,0.3547418967587035,0.3152950995790133,,,,,,
raw,1,2805,1.7627582550048828,0.375,0.375,0.375,0.4061840673210396,0.3761132877384211,0.39057073119074676,,,,,,1.4494291735115878,0.28374325134973005,0.3547418967587035,0.3152950995790133,,,,,,
raw,1,2806,1.6952228546142578,0.4375,0.375,0.40384615384615385,0.40712354530140843,0.37607988910626844,0.3909864820378366,,,,,,1.4493050089094803,0.28374325134973005,0.3547418967587035,0.3152950995790133,,,,,,
raw,1,2807,1.9027690887451172,0.375,0.375,0.375,0.4061598389423662,0.37604749243308033,0.39052405375114063,,,,,,1.4491858855717883,0.28374325134973005,0.3547418967587035,0.3152950995790133,,,,,,
raw,1,2808,1.6032334566116333,0.4375,0.375,0.40384615384615385,0.4071000437740952,0.3760160676600879,0.3909411525804119,,,,,,1.4490638612891742,0.28374325134973005,0.3547418967587035,0.3152950995790133,,,,,,
raw,1,2809,1.554587721824646,0.375,0.375,0.375,0.40613704246087234,0.3759855856302853,0.39048013258096276,,,,,,1.4489437791384858,0.28374325134973005,0.3547418967587035,0.3152950995790133,,,,,,
raw,1,2810,1.8229396343231201,0.4375,0.375,0.40384615384615385,0.40707793118704616,0.3759560180613767,0.39089849985850594,,,,,,1.4488165837722424,0.28374325134973005,0.3547418967587035,0.3152950995790133,,,,,,
raw,1,2811,1.9306883811950684,0.375,0.375,0.375,0.40611559325143476,0.37592733751953533,0.39043880505554884,,,,,,1.4486826921380298,0.28374325134973005,0.3547418967587035,0.3152950995790133,,,,,,
raw,1,2812,1.988861083984375,0.4375,0.375,0.40384615384615385,0.4070571254538917,0.3758995173939492,0.39085836593284373,,,,,,1.4485726501066842,0.28374325134973005,0.3547418967587035,0.3152950995790133,,,,,,
raw,1,2813,1.8594441413879395,0.375,0.375,0.375,0.40609541169027497,0.37587253187213077,0.3903999181303967,,,,,,1.4484476747244945,0.28374325134973005,0.3547418967587035,0.3152950995790133,,,,,,
raw,1,2814,1.6526403427124023,0.4375,0.375,0.40384615384615385,0.4070375493395667,0.3758463559159668,0.39082060216912445,,,,,,1.448310207889129,0.28374325134973005,0.3547418967587035,0.3152950995790133,,,,,,
raw,1,2815,1.600091576576233,0.375,0.375,0.375,0.4060764228593797,0.37582096523848785,0.39036332777851024,,,,,,1.4481923098046168,0.28374325134973005,0.3547418967587035,0.3152950995790133,,,,,,
raw,1,2816,2.0432186126708984,0.4375,0.375,0.40384615384615385,0.4070191301735983,0.37579633628133324,0.390785068691433,,,,,,1.448066944282671,0.28374325134973005,0.3547418967587035,0.3152950995790133,,,,,,
raw,1,2817,1.5329666137695312,0.375,0.375,0.375,0.4060585562683904,0.3757724461928933,0.3903288984605946,,,,,,1.447939750621231,0.28374325134973005,0.3547418967587035,0.3152950995790133,,,,,,
raw,1,2818,1.6900314092636108,0.4375,0.375,0.40384615384615385,0.40700179958033866,0.37574927280710646,0.39075163386757655,,,,,,1.447817115862315,0.28374325134973005,0.3547418967587035,0.3152950995790133,,,,,,
raw,1,2819,1.7867870330810547,0.375,0.375,0.375,0.4060417455929285,0.37572679462289327,0.3902965026262072,,,,,,1.4476912785030178,0.28374325134973005,0.3547418967587035,0.3152950995790133,,,,,,
raw,1,2820,1.5499941110610962,0.4375,0.375,0.40384615384615385,0.4069854932251406,0.3757049907842065,0.39072017382450025,,,,,,1.4475623085461022,0.28374325134973005,0.3547418967587035,0.3152950995790133,,,,,,
raw,1,2821,1.9886265993118286,0.375,0.375,0.375,0.40602592842838636,0.3756838410606803,0.39026602024407353,,,,,,1.4474449008862111,0.28374325134973005,0.3547418967587035,0.3152950995790133,,,,,,
raw,1,2822,1.6485590934753418,0.375,0.375,0.375,0.4050951505755348,0.37566332582885986,0.389824500511799,,,,,,1.4473298184620853,0.28374325134973005,0.3547418967587035,0.3152950995790133,,,,,,
raw,1,2823,1.8519115447998047,0.375,0.375,0.375,0.4041922960582688,0.37564342605399403,0.3893952907535596,,,,,,1.4472056442437122,0.28374325134973005,0.3547418967587035,0.3152950995790133,,,,,,
raw,1,2824,1.8119304180145264,0.4375,0.375,0.40384615384615385,0.4051915271765207,0.37562412327237427,0.38984800590401736,,,,,,1.447076494192634,0.28374325134973005,0.3547418967587035,0.3152950995790133,,,,,,
raw,1,2825,1.8125057220458984,0.375,0.375,0.375,0.40428578136122506,0.375605399574203,0.3894182320877521,,,,,,1.446940550725666,0.28374325134973005,0.3547418967587035,0.3152950995790133,,,,,,
raw,1,2826,1.867116928100586,0.4375,0.375,0.40384615384615385,0.40528220792038827,0.375587237586977,0.38987010131268796,,,,,,1.4468180242745936,0.28374325134973005,0.3547418967587035,0.3152950995790133,,,,,,
raw,1,2827,1.784928321838379,0.375,0.375,0.375,0.4043737416827766,0.3755696204593677,0.38943979796280764,,,,,,1.4466960911567042,0.28374325134973005,0.3547418967587035,0.3152950995790133,,,,,,
raw,1,2828,1.7256240844726562,0.4375,0.375,0.40384615384615385,0.4053675294322933,0.3755525318455867,0.38989087245926624,,,,,,1.446587361386138,0.28374325134973005,0.3547418967587035,0.3152950995790133,,,,,,
raw,1,2829,1.3295212984085083,0.375,0.375,0.375,0.4044565035493245,0.37553595589021904,0.3894600719231287,,,,,,1.4464612560622154,0.28374325134973005,0.3547418967587035,0.3152950995790133,,,,,,
raw,1,2830,1.562767744064331,0.4375,0.375,0.40384615384615385,0.4054478084428447,0.37551987721351243,0.38991039972411795,,,,,,1.4463323756890447,0.28374325134973005,0.3547418967587035,0.3152950995790133,,,,,,
raw,1,2831,1.4246888160705566,0.375,0.375,0.375,0.4045343741895594,0.3755042808971071,0.3894791323164218,,,,,,1.446205426245146,0.28374325134973005,0.3547418967587035,0.3152950995790133,,,,,,
raw,1,2832,1.9891715049743652,0.4375,0.375,0.40384615384615385,0.4055233429638726,0.3754891524701939,0.3899287584938235,,,,,,1.446073449117232,0.28374325134973005,0.3547418967587035,0.3152950995790133,,,,,,
raw,1,2833,1.3498873710632324,0.375,0.375,0.375,0.4046076426749564,0.375474477896088,0.38949705263065415,,,,,,1.445959264242851,0.28374325134973005,0.3547418967587035,0.3152950995790133,,,,,,
raw,1,2834,1.8552360534667969,0.4375,0.375,0.40384615384615385,0.4055944133947077,0.3754602435592054,0.38994601948430785,,,,,,1.4458453912491205,0.28374325134973005,0.3547418967587035,0.3152950995790133,,,,,,
raw,1,2835,1.511267066001892,0.3333333432674408,0.5,0.4000000071525573,0.4034265812908897,0.3791964362524292,0.3909364240147431,,,,,,1.445524442363319,0.28374325134973005,0.3547418967587035,0.3152950995790133,,,,,,
raw,1,2836,1.617868423461914,0.375,0.375,0.375,0.402573783852163,0.37907054316485633,0.3904688043759016,,,,,,1.4454042240126954,0.28374325134973005,0.3547418967587035,0.3152950995790133,,,,,,
raw,1,2837,1.5867712497711182,0.4375,0.375,0.40384615384615385,0.4036215703365981,0.3789484268699106,0.39089604680935675,,,,,,1.4452859423687003,0.28374325134973005,0.3547418967587035,0.3152950995790133,,,,,,
raw,1,2838,1.5924372673034668,0.375,0.375,0.375,0.4027629232265002,0.37882997406381325,0.3904300263954091,,,,,,1.445186768604651,0.28374325134973005,0.3547418967587035,0.3152950995790133,,,,,,
raw,1,2839,1.9628334045410156,0.4375,0.375,0.40384615384615385,0.4038050355297052,0.3787150748418988,0.3908578251862326,,,,,,1.4450747409651281,0.28374325134973005,0.3547418967587035,0.3152950995790133,,,,,,
raw,1,2840,1.7645658254623413,0.375,0.375,0.375,0.40294088446381404,0.3786036225966418,0.3903933228936228,,,,,,1.4449510239436638,0.28374325134973005,0.3547418967587035,0.3152950995790133,,,,,,
raw,1,2841,2.1363296508789062,0.4375,0.375,0.40384615384615385,0.4039776579298996,0.3784955139187426,0.39082165817550685,,,,,,1.4448293543470612,0.28374325134973005,0.3547418967587035,0.3152950995790133,,,,,,
raw,1,2842,1.5206009149551392,0.375,0.375,0.375,0.4031083281920026,0.3783906485011803,0.3903585961589373,,,,,,1.444692407600284,0.28374325134973005,0.3547418967587035,0.3152950995790133,,,,,,
raw,1,2843,1.4943413734436035,0.4375,0.375,0.40384615384615385,0.4041400783462425,0.37828892904614486,0.39078744775001706,,,,,,1.4445632115019336,0.28374325134973005,0.3547418967587035,0.3152950995790133,,,,,,
raw,1,2844,1.9649391174316406,0.375,0.375,0.375,0.40326587599585517,0.3781902611747605,0.3903257514054002,,,,,,1.4444347273558389,0.28374325134973005,0.3547418967587035,0.3152950995790133,,,,,,
raw,1,2845,1.5520086288452148,0.4375,0.375,0.40384615384615385,0.4042928997159795,0.3780945533395177,0.3907550989972452,,,,,,1.4443061207732877,0.28374325134973005,0.3547418967587035,0.3152950995790133,,,,,,
raw,1,2846,1.632070541381836,0.375,0.375,0.375,0.4034141127245001,0.37800171673933214,0.39029469692562335,,,,,,1.444183671679552,0.28374325134973005,0.3547418967587035,0.3152950995790133,,,,,,
raw,1,2847,2.216909408569336,0.4375,0.375,0.40384615384615385,0.4044366893427651,0.37791166523715214,0.3907245202416089,,,,,,1.4440651483315798,0.28374325134973005,0.3547418967587035,0.3152950995790133,,,,,,
raw,1,2848,1.6990013122558594,0.375,0.375,0.375,0.40355358866248214,0.37782431528003757,0.39026534419744874,,,,,,1.4439445514747227,0.28374325134973005,0.3547418967587035,0.3152950995790133,,,,,,
raw,1,2849,1.362743616104126,0.4375,0.375,0.40384615384615385,0.40457198100260766,0.37773958582163647,0.3906956231245332,,,,,,1.4438209651807652,0.28374325134973005,0.3547418967587035,0.3152950995790133,,,,,,
raw,1,2850,1.7728694677352905,0.375,0.375,0.375,0.4036848215725294,0.3776573982469874,0.39023760795134416,,,,,,1.4436919320701762,0.28374325134973005,0.3547418967587035,0.3152950995790133,,,,,,
raw,1,2851,1.7816320657730103,0.4375,0.375,0.40384615384615385,0.4046992769253535,0.37757767629957784,0.3906683226487884,,,,,,1.4435683253244498,0.28374325134973005,0.3547418967587035,0.3152950995790133,,,,,,
raw,1,2852,1.4379304647445679,0.375,0.375,0.375,0.40380829861759293,0.37750034601059046,0.39021140620460615,,,,,,1.443453903225807,0.28374325134973005,0.3547418967587035,0.3152950995790133,,,,,,
raw,1,2853,1.3637547492980957,0.4375,0.375,0.40384615384615385,0.4048190496590651,0.3774253356302727,0.39064253719273895,,,,,,1.4433237981072569,0.28374325134973005,0.3547418967587035,0.3152950995790133,,,,,,
raw,1,2854,1.8543235063552856,0.375,0.375,0.375,0.4039244781692932,0.3773525755613645,0.39018666026766435,,,,,,1.4432065074632112,0.28374325134973005,0.3547418967587035,0.3152950995790133,,,,,,
raw,1,2855,1.6937692165374756,0.4375,0.375,0.40384615384615385,0.40493174382421443,0.3772819982945236,0.3906181884994169,,,,,,1.443090303292468,0.28374325134973005,0.3547418967587035,0.3152950995790133,,,,,,
raw,1,2856,1.515297532081604,0.375,0.375,0.375,0.40403379150948804,0.3772135383456878,0.3901632947270884,,,,,,1.4429685747198913,0.28374325134973005,0.3547418967587035,0.3152950995790133,,,,,,
raw,1,2857,1.773223638534546,0.4375,0.375,0.40384615384615385,0.4050377777642034,0.37714713219531715,0.3905952016446828,,,,,,1.4428525590829533,0.28374325134973005,0.3547418967587035,0.3152950995790133,,,,,,
raw,1,2858,1.6662402153015137,0.375,0.375,0.375,0.4041366444312773,0.3770827182294576,0.3901412374092896,,,,,,1.4427296469909028,0.28374325134973005,0.3547418967587035,0.3152950995790133,,,,,,
raw,1,2859,1.7979507446289062,0.4375,0.375,0.40384615384615385,0.40513754509833894,0.3770202366825739,0.3905735049881726,,,,,,1.442612874221756,0.28374325134973005,0.3547418967587035,0.3152950995790133,,,,,,
raw,1,2860,2.1511125564575195,0.375,0.375,0.375,0.40423341874538876,0.3769596295820967,0.3901204193283782,,,,,,1.4424896016083948,0.28374325134973005,0.3547418967587035,0.3152950995790133,,,,,,
raw,1,2861,1.815704345703125,0.4375,0.375,0.40384615384615385,0.4052314161830271,0.3769008406946338,0.3905530301102257,,,,,,1.442373714190844,0.28374325134973005,0.3547418967587035,0.3152950995790133,,,,,,
raw,1,2862,1.3465373516082764,0.375,0.375,0.375,0.4043244736975363,0.37684381547379475,0.3901007746211659,,,,,,1.4422460335779197,0.28374325134973005,0.3547418967587035,0.3152950995790133,,,,,,
raw,1,2863,1.599008560180664,0.4375,0.375,0.40384615384615385,0.4053197394866102,0.37678850100958095,0.39053371173755697,,,,,,1.4421312697869402,0.28374325134973005,0.3547418967587035,0.3152950995790133,,,,,,
raw,1,2864,1.762374997138977,0.375,0.375,0.375,0.40441014730201186,0.3767348459792935,0.3900822404718934,,,,,,1.4420230257332425,0.28374325134973005,0.3547418967587035,0.3152950995790133,,,,,,
raw,1,2865,1.673201560974121,0.4375,0.375,0.40384615384615385,0.4054028428829515,0.37668280059991477,0.39051548766004907,,,,,,1.4419044243630006,0.28374325134973005,0.3547418967587035,0.3152950995790133,,,,,,
raw,1,2866,1.2812469005584717,0.375,0.375,0.375,0.4044907575964629,0.3766323165819173,0.390064757028905,,,,,,1.4417989063154206,0.28374325134973005,0.3547418967587035,0.3152950995790133,,,,,,
raw,1,2867,1.6147651672363281,0.4375,0.375,0.40384615384615385,0.405481034868569,0.37658334708445984,0.3904982986407054,,,,,,1.4416770998256034,0.28374325134973005,0.3547418967587035,0.3152950995790133,,,,,,
raw,1,2868,1.363818645477295,0.375,0.375,0.375,0.40456660382251197,0.3765358466719261,0.39004826731517195,,,,,,1.4415552464435153,0.28374325134973005,0.3547418967587035,0.3152950995790133,,,,,,
raw,1,2869,1.8931934833526611,0.4375,0.375,0.40384615384615385,0.4055546057078366,0.3764897712717683,0.3904820883205137,,,,,,1.4414342780411291,0.28374325134973005,0.3547418967587035,0.3152950995790133,,,,,,
raw,1,2870,1.5965070724487305,0.375,0.375,0.375,0.40463796753660153,0.3764450781336153,0.39003271713429655,,,,,,1.4413174585017412,0.28374325134973005,0.3547418967587035,0.3152950995790133,,,,,,
raw,1,2871,1.417689561843872,0.4375,0.375,0.40384615384615385,0.4056238285105035,0.37640172578960684,0.3904668031197085,,,,,,1.4411962337513087,0.28374325134973005,0.3547418967587035,0.3152950995790133,,,,,,
raw,1,2872,1.8460309505462646,0.375,0.375,0.375,0.40470511365518835,0.37635967401591863,0.39001805497338354,,,,,,1.441078048502786,0.28374325134973005,0.3547418967587035,0.3152950995790133,,,,,,
raw,1,2873,1.7044477462768555,0.4375,0.375,0.40384615384615385,0.4056889602455327,0.3763188837954411,0.39045239213670285,,,,,,1.4409545971806494,0.28374325134973005,0.3547418967587035,0.3152950995790133,,,,,,
raw,1,2874,1.5726079940795898,0.375,0.3125,0.3409090909090909,0.4047682914381667,0.37440431728157786,0.38899466977450303,,,,,,1.4408274192762711,0.28374325134973005,0.3547418967587035,0.3152950995790133,,,,,,
raw,1,2875,1.5596556663513184,0.4375,0.375,0.40384615384615385,0.4057502426950217,0.3744221877631305,0.3894572215685085,,,,,,1.4407096745739134,0.28374325134973005,0.3547418967587035,0.3152950995790133,,,,,,
raw,1,2876,1.5366172790527344,0.375,0.375,0.375,0.40482773541417105,0.37443952213023657,0.3890411211968825,,,,,,1.4405901620653703,0.28374325134973005,0.3547418967587035,0.3152950995790133,,,,,,
raw,1,2877,1.9212602376937866,0.4375,0.4375,0.4375,0.40580790335174594,0.37633133646632944,0.3905141766125522,,,,,,1.4404624356621485,0.28374325134973005,0.3547418967587035,0.3152950995790133,,,,,,
raw,1,2878,1.5723876953125,0.375,0.375,0.375,0.40488366625119354,0.37629139637233955,0.3900642696666241,,,,,,1.44033157751911,0.28374325134973005,0.3547418967587035,0.3152950995790133,,,,,,
raw,1,2879,1.5486747026443481,0.4375,0.375,0.40384615384615385,0.40586215626365774,0.3762526544811694,0.39049692334102726,,,,,,1.440218573601944,0.28374325134973005,0.3547418967587035,0.3152950995790133,,,,,,
raw,1,2880,1.2856484651565552,0.375,0.375,0.375,0.40493629157574795,0.37621507484673433,0.3900476752438654,,,,,,1.4400924785763891,0.28374325134973005,0.3547418967587035,0.3152950995790133,,,,,,
raw,1,2881,1.7124195098876953,0.4375,0.375,0.40384615384615385,0.4059132028284755,0.3761786226013323,0.39048066881863985,,,,,,1.4399677774036825,0.28374325134973005,0.3547418967587035,0.3152950995790133,,,,,,
raw,1,2882,1.7358729839324951,0.375,0.375,0.375,0.40498580674362117,0.37614326392329234,0.39003204185217316,,,,,,1.4398602263011788,0.28374325134973005,0.3547418967587035,0.3152950995790133,,,,,,
raw,1,2883,1.7981204986572266,0.4375,0.375,0.40384615384615385,0.4059612325413125,0.3761089660055935,0.39046535641726476,,,,,,1.4397513699965339,0.28374325134973005,0.3547418967587035,0.3152950995790133,,,,,,
raw,1,2884,1.5751972198486328,0.375,0.375,0.375,0.4050323955650731,0.37607569702542576,0.39001731495276953,,,,,,1.4396252304438288,0.28374325134973005,0.3547418967587035,0.3152950995790133,,,,,,
raw,1,2885,1.2178723812103271,0.4375,0.375,0.40384615384615385,0.4060064236981209,0.376043426114663,0.3904509325807102,,,,,,1.439519426655113,0.28374325134973005,0.3547418967587035,0.3152950995790133,,,,,,
raw,1,2886,1.5078574419021606,0.375,0.375,0.375,0.40507623098717727,0.37601212333122314,0.39000344297134126,,,,,,1.439400931150381,0.28374325134973005,0.3547418967587035,0.3152950995790133,,,,,,
raw,1,2887,1.5915279388427734,0.4375,0.375,0.40384615384615385,0.4060489440575619,0.37598175963128644,0.3904373466746404,,,,,,1.4392893661932833,0.28374325134973005,0.3547418967587035,0.3152950995790133,,,,,,
raw,1,2888,1.9322928190231323,0.375,0.375,0.375,0.405117475735835,0.3759523068423478,0.3899903771524813,,,,,,1.439184924999999,0.28374325134973005,0.3547418967587035,0.3152950995790133,,,,,,
raw,1,2889,1.7199110984802246,0.4375,0.375,0.40384615384615385,0.40608895146375995,0.3759237376370774,0.39042455084176686,,,,,,1.4390805973347194,0.28374325134973005,0.3547418967587035,0.3152950995790133,,,,,,
raw,1,2890,2.1656742095947266,0.375,0.375,0.375,0.4051562829198472,0.3758960255079651,0.3899780714193408,,,,,,1.4389657543944643,0.28374325134973005,0.3547418967587035,0.3152950995790133,,,,,,
raw,1,2891,2.162508010864258,0.4375,0.375,0.40384615384615385,0.40612659443225174,0.37586914474272615,0.3904124998624057,,,,,,1.4388480839501923,0.28374325134973005,0.3547418967587035,0.3152950995790133,,,,,,
raw,1,2892,1.4182226657867432,0.375,0.375,0.375,0.4051927965992842,0.3758430704004444,0.38996648223856956,,,,,,1.4387408581258652,0.28374325134973005,0.3547418967587035,0.3152950995790133,,,,,,
raw,1,2893,1.8892574310302734,0.4375,0.375,0.40384615384615385,0.40616201270130564,0.3758177782884311,0.39040115102045037,,,,,,1.4386250993432448,0.28374325134973005,0.3547418967587035,0.3152950995790133,,,,,,
raw,1,2894,1.6198906898498535,0.375,0.375,0.375,0.4052271523202665,0.37579324493977817,0.3899555684905775,,,,,,1.4385039657567404,0.28374325134973005,0.3547418967587035,0.3152950995790133,,,,,,
raw,1,2895,2.0114030838012695,0.4375,0.375,0.40384615384615385,0.4061953377506585,0.3757694475915848,0.390390463974763,,,,,,1.4383792141623486,0.28374325134973005,0.3547418967587035,0.3152950995790133,,,,,,
raw,1,2896,2.090970993041992,0.375,0.375,0.375,0.40525947761813874,0.3757463641638372,0.3899452913451071,,,,,,1.4382676930593923,0.28374325134973005,0.3547418967587035,0.3152950995790133,,,,,,
raw,1,2897,1.5118132829666138,0.4375,0.375,0.40384615384615385,0.40622669328959454,0.37572397323892215,0.3903804006359505,,,,,,1.438147754332068,0.28374325134973005,0.3547418967587035,0.3152950995790133,,,,,,
raw,1,2898,1.6783699989318848,0.375,0.375,0.375,0.40528989249090674,0.3757022540417545,0.3899356141420716,,,,,,1.4380161551414794,0.28374325134973005,0.3547418967587035,0.3152950995790133,,,,,,
raw,1,2899,1.5443941354751587,0.4375,0.375,0.40384615384615385,0.40625619571617955,0.37568118642050186,0.3903709250484605,,,,,,1.4379070337357696,0.28374325134973005,0.3547418967587035,0.3152950995790133,,,,,,
raw,1,2900,1.309610366821289,0.375,0.375,0.375,0.4053185098446942,0.37566075082788675,0.3899265022775879,,,,,,1.4377965910000032,0.28374325134973005,0.3547418967587035,0.3152950995790133,,,,,,
raw,1,2901,1.6939020156860352,0.4375,0.375,0.40384615384615385,0.40628395454935334,0.3756409283030502,0.3903620032779066,,,,,,1.4377106374008974,0.28374325134973005,0.3547418967587035,0.3152950995790133,,,,,,
raw,1,2902,1.9787447452545166,0.375,0.375,0.375,0.40534543591287275,0.3756217004539587,0.38991792309510787,,,,,,1.4375825293590618,0.28374325134973005,0.3547418967587035,0.3152950995790133,,,,,,
raw,1,2903,1.4867002964019775,0.4375,0.375,0.40384615384615385,0.40631007283548654,0.37560304944033995,0.390353603303515,,,,,,1.4374594797106455,0.28374325134973005,0.3547418967587035,0.3152950995790133,,,,,,
raw,1,2904,1.2726680040359497,0.375,0.375,0.375,0.40537077065042193,0.37558495795712976,0.38990984578153404,,,,,,1.437335114807164,0.28374325134973005,0.3547418967587035,0.3152950995790133,,,,,,
raw,1,2905,2.0330772399902344,0.4375,0.375,0.40384615384615385,0.40633464753090925,0.3755674092184159,0.39034569491556337,,,,,,1.4372225169363169,0.28374325134973005,0.3547418967587035,0.3152950995790133,,,,,,
raw,1,2906,1.6509943008422852,0.375,0.375,0.375,0.40539460810498196,0.3755503869418635,0.38990224126819206,,,,,,1.4371195888850647,0.28374325134973005,0.3547418967587035,0.3152950995790133,,,,,,
raw,1,2907,1.7703042030334473,0.4375,0.375,0.40384615384615385,0.4063577698618325,0.3755338753336076,0.3903382496176752,,,,,,1.437010680220157,0.28374325134973005,0.3547418967587035,0.3152950995790133,,,,,,
raw,1,2908,1.5964441299438477,0.375,0.375,0.375,0.4054170367659775,0.37551785907359936,0.3898950821365183,,,,,,1.436893825240716,0.28374325134973005,0.3547418967587035,0.3152950995790133,,,,,,
raw,1,2909,1.6579437255859375,0.4375,0.375,0.40384615384615385,0.4063795256629982,0.3755023233013913,0.3903312405338192,,,,,,1.4367904814712993,0.28374325134973005,0.3547418967587035,0.3152950995790133,,,,,,
raw,1,2910,1.5589814186096191,0.375,0.375,0.375,0.4054381398931083,0.3754872536023496,0.3898883425283158,,,,,,1.4366577712027526,0.28374325134973005,0.3547418967587035,0.3152950995790133,,,,,,
raw,1,2911,1.6995556354522705,0.4375,0.375,0.40384615384615385,0.406399995696315,0.37547263599427905,0.3903246423198592,,,,,,1.436546646169701,0.28374325134973005,0.3547418967587035,0.3152950995790133,,,,,,
raw,1,2912,1.7317237854003906,0.375,0.375,0.375,0.4054579958254255,0.3754584569144507,0.38988199806042206,,,,,,1.4364312257554936,0.28374325134973005,0.3547418967587035,0.3152950995790133,,,,,,
raw,1,2913,1.7323589324951172,0.4375,0.375,0.40384615384615385,0.40641925595066275,0.37544470320701717,0.3903184310794933,,,,,,1.4363172292825286,0.28374325134973005,0.3547418967587035,0.3152950995790133,,,,,,
raw,1,2914,1.422478437423706,0.375,0.375,0.375,0.40547667827214284,0.37543136211080663,0.3898760257436317,,,,,,1.4362030185312282,0.28374325134973005,0.3547418967587035,0.3152950995790133,,,,,,
raw,1,2915,1.4982948303222656,0.4375,0.375,0.40384615384615385,0.40643737792397855,0.3754184212474825,0.39031258428441923,,,,,,1.4360938077186987,0.28374325134973005,0.3547418967587035,0.3152950995790133,,,,,,
raw,1,2916,1.7538739442825317,0.375,0.375,0.375,0.40549425658625915,0.375405868610058,0.38987040390571126,,,,,,1.4359757400548723,0.28374325134973005,0.3547418967587035,0.3152950995790133,,,,,,
raw,1,2917,1.7232160568237305,0.4375,0.375,0.40384615384615385,0.40645442888867134,0.37539369255175625,0.39030708069856074,,,,,,1.4358751791223892,0.28374325134973005,0.3547418967587035,0.3152950995790133,,,,,,
raw,1,2918,1.6293556690216064,0.375,0.375,0.375,0.40551079602201123,0.3753818817752036,0.389865112118346,,,,,,1.4357582672035663,0.28374325134973005,0.3547418967587035,0.3152950995790133,,,,,,
raw,1,2919,1.5379421710968018,0.4375,0.375,0.40384615384615385,0.4064704721413509,0.37537042532194753,0.3903019003061913,,,,,,1.4356473603631386,0.28374325134973005,0.3547418967587035,0.3152950995790133,,,,,,
raw,1,2920,1.63289475440979,0.375,0.375,0.375,0.40552635797711034,0.37535931256228916,0.3898601311278557,,,,,,1.4355319377739724,0.28374325134973005,0.3547418967587035,0.3152950995790133,,,,,,
raw,1,2921,1.6762456893920898,0.4375,0.375,0.40384615384615385,0.406485567237797,0.3753485331854205,0.390297024243789,,,,,,1.4354148532694275,0.28374325134973005,0.3547418967587035,0.3152950995790133,,,,,,
raw,1,2922,1.687615156173706,0.375,0.375,0.375,0.4055410002206631,0.3753380771898579,0.3898554427895204,,,,,,1.4353116447296383,0.28374325134973005,0.3547418967587035,0.3152950995790133,,,,,,
raw,1,2923,1.569486141204834,0.4375,0.375,0.40384615384615385,0.40649977021404315,0.37532793487416216,0.3902924347354647,,,,,,1.4352062377694157,0.28374325134973005,0.3547418967587035,0.3152950995790133,,,,,,
raw,1,2924,1.345362663269043,0.375,0.375,0.375,0.4055547771076219,0.37531809682793726,0.3898510300053581,,,,,,1.4351059536593698,0.28374325134973005,0.3547418967587035,0.3152950995790133,,,,,,
raw,1,2925,1.4714734554290771,0.4375,0.375,0.40384615384615385,0.40651313379439324,0.37530855392309914,0.39028811503180183,,,,,,1.4349878537094043,0.28374325134973005,0.3547418967587035,0.3152950995790133,,,,,,
raw,1,2926,1.5302085876464844,0.375,0.375,0.375,0.4055677397805615,0.3752992973054061,0.38984687666519957,,,,,,1.4348790393711581,0.28374325134973005,0.3547418967587035,0.3152950995790133,,,,,,
raw,1,2927,1.8355116844177246,0.4375,0.375,0.40384615384615385,0.4065257075871446,0.37529031838624394,0.39028404935195227,,,,,,1.4347637263068007,0.28374325134973005,0.3547418967587035,0.3152950995790133,,,,,,
raw,1,2928,1.5300683975219727,0.375,0.375,0.375,0.40557993635953027,0.37528160883465667,0.3898429675909088,,,,,,1.4346585109972698,0.28374325134973005,0.3547418967587035,0.3152950995790133,,,,,,
raw,1,2929,1.4748053550720215,0.4375,0.375,0.40384615384615385,0.40653753826874434,0.375273160569617,0.39028022282883984,,,,,,1.434543449061113,0.28374325134973005,0.3547418967587035,0.3152950995790133,,,,,,
raw,1,2930,1.5278644561767578,0.375,0.375,0.375,0.40559141212068206,0.37526496575252855,0.3898392884836017,,,,,,1.4344273337542672,0.28374325134973005,0.3547418967587035,0.3152950995790133,,,,,,
raw,1,2931,1.884063482284546,0.4375,0.375,0.40384615384615385,0.4065486697570616,0.3752570167799527,0.3902766214573197,,,,,,1.4343121996588182,0.28374325134973005,0.3547418967587035,0.3152950995790133,,,,,,
raw,1,2932,1.7730367183685303,0.375,0.375,0.375,0.4056022096643498,0.3752493062765542,0.38983582587372123,,,,,,1.4341990844815837,0.28374325134973005,0.3547418967587035,0.3152950995790133,,,,,,
raw,1,2933,1.7725327014923096,0.4375,0.375,0.40384615384615385,0.4065591433744193,0.3752418270882576,0.3902732320451553,,,,,,1.4340794986703067,0.28374325134973005,0.3547418967587035,0.3152950995790133,,,,,,
raw,1,2934,1.6446126699447632,0.375,0.375,0.375,0.40561236907318665,0.37523457227560986,0.3898325670738278,,,,,,1.4339733173483313,0.28374325134973005,0.3547418967587035,0.3152950995790133,,,,,,
raw,1,2935,1.6185002326965332,0.4375,0.375,0.40384615384615385,0.40656899800099106,0.3752275351073415,0.39027004216667216,,,,,,1.433861869744463,0.28374325134973005,0.3547418967587035,0.3152950995790133,,,,,,
raw,1,2936,1.772515058517456,0.375,0.375,0.375,0.4056219280609613,0.3752207090541213,0.3898295001339749,,,,,,1.4337530008515016,0.28374325134973005,0.3547418967587035,0.3152950995790133,,,,,,
raw,1,2937,1.3689374923706055,0.4375,0.375,0.40384615384615385,0.40657827021913245,0.37521408778249765,0.3902670401189558,,,,,,1.4336467916581537,0.28374325134973005,0.3547418967587035,0.3152950995790133,,,,,,
raw,1,2938,1.9920827150344849,0.375,0.375,0.375,0.40563092211255847,0.3752076651490227,0.38982661379953676,,,,,,1.4335202709666441,0.28374325134973005,0.3547418967587035,0.3152950995790133,,,,,,
raw,1,2939,1.2490334510803223,0.375,0.375,0.375,0.4047119944491817,0.37520143519455207,0.3893984008639198,,,,,,1.43340451949643,0.28374325134973005,0.3547418967587035,0.3152950995790133,,,,,,
raw,1,2940,1.772064208984375,0.3333333432674408,0.5,0.4000000071525573,0.40257063491372946,0.37894539213871553,0.39040091778099284,,,,,,1.4331037791156496,0.28374325134973005,0.3547418967587035,0.3152950995790133,,,,,,
raw,1,2941,1.171400547027588,0.375,0.375,0.375,0.4017435158663176,0.3788270303745541,0.3899488747578386,,,,,,1.4329880280176843,0.28374325134973005,0.3547418967587035,0.3152950995790133,,,,,,
raw,1,2942,1.75948166847229,0.4375,0.375,0.40384615384615385,0.40281621039032806,0.37871221946331746,0.39039250587797963,,,,,,1.4328620066961257,0.28374325134973005,0.3547418967587035,0.3152950995790133,,,,,,
raw,1,2943,1.1639316082000732,0.375,0.375,0.375,0.4019817240786182,0.3786008528794179,0.38994112364433525,,,,,,1.4327409152905228,0.28374325134973005,0.3547418967587035,0.3152950995790133,,,,,,
raw,1,2944,1.4869041442871094,0.4375,0.375,0.40384615384615385,0.40304727235625964,0.37849282729303535,0.39038432376104987,,,,,,1.4326245426290785,0.28374325134973005,0.3547418967587035,0.3152950995790133,,,,,,
raw,1,2945,1.5022878646850586,0.375,0.375,0.375,0.40220585418557186,0.3783880424742443,0.3899335787486548,,,,,,1.432514800916808,0.28374325134973005,0.3547418967587035,0.3152950995790133,,,,,,
raw,1,2946,1.8966588973999023,0.4375,0.375,0.40384615384615385,0.4032646785600047,0.378286401200017,0.3903763885282758,,,,,,1.4323965712830968,0.28374325134973005,0.3547418967587035,0.3152950995790133,,,,,,
raw,1,2947,1.67037034034729,0.375,0.375,0.375,0.40241673820320456,0.3781878091640165,0.38992625678467885,,,,,,1.4322823098744484,0.28374325134973005,0.3547418967587035,0.3152950995790133,,,,,,
raw,1,2948,1.629540205001831,0.4375,0.375,0.40384615384615385,0.40346923605710844,0.37809217488909597,0.3903687127464236,,,,,,1.432169988602442,0.28374325134973005,0.3547418967587035,0.3152950995790133,,,,,,
raw,1,2949,1.6149234771728516,0.375,0.375,0.375,0.40261515897539524,0.37799940964242307,0.3899191701616824,,,,,,1.4320529315022064,0.28374325134973005,0.3547418967587035,0.3152950995790133,,,,,,
raw,1,2950,1.9567480087280273,0.4375,0.375,0.40384615384615385,0.40366170420613334,0.37790942735315036,0.3903613051229121,,,,,,1.4319390650847443,0.28374325134973005,0.3547418967587035,0.3152950995790133,,,,,,
raw,1,2951,2.0371437072753906,0.375,0.375,0.375,0.4028018530799493,0.3778221445325558,0.3899123276194705,,,,,,1.4318233325313463,0.28374325134973005,0.3547418967587035,0.3152950995790133,,,,,,
raw,1,2952,1.7171412706375122,0.4375,0.375,0.40384615384615385,0.4038427974875508,0.37773748019657916,0.3903541710916494,,,,,,1.43171294586721,0.28374325134973005,0.3547418967587035,0.3152950995790133,,,,,,
raw,1,2953,1.855910301208496,0.375,0.375,0.375,0.4029775135629243,0.37765535579068177,0.389905734782259,,,,,,1.4315950714188994,0.28374325134973005,0.3547418967587035,0.3152950995790133,,,,,,
raw,1,2954,1.4297006130218506,0.4375,0.375,0.40384615384615385,0.4040131881560366,0.3775756951169613,0.39034731332316863,,,,,,1.431484482802982,0.28374325134973005,0.3547418967587035,0.3152950995790133,,,,,,
raw,1,2955,1.8562469482421875,0.375,0.375,0.375,0.40314279251135554,0.3774984242634525,0.38989939464112566,,,,,,1.4313730494416272,0.28374325134973005,0.3547418967587035,0.3152950995790133,,,,,,
raw,1,2956,1.7996177673339844,0.4375,0.375,0.40384615384615385,0.4041735087360149,0.3774234715355489,0.39034073216825643,,,,,,1.4312651233423541,0.28374325134973005,0.3547418967587035,0.3152950995790133,,,,,,
raw,1,2957,2.002262592315674,0.375,0.375,0.375,0.40329830347393447,0.3773507673894825,0.38989330797369764,,,,,,1.4311549937774766,0.28374325134973005,0.3547418967587035,0.3152950995790133,,,,,,
raw,1,2958,1.3709050416946411,0.4375,0.375,0.40384615384615385,0.4043243543697164,0.37728024436779806,0.39033442604317986,,,,,,1.4310472497633535,0.28374325134973005,0.3547418967587035,0.3152950995790133,,,,,,
raw,1,2959,2.0651893615722656,0.375,0.375,0.375,0.4034446237386249,0.3772118370367641,0.3898874737087183,,,,,,1.4309390069618115,0.28374325134973005,0.3547418967587035,0.3152950995790133,,,,,,
raw,1,2960,1.8770084381103516,0.4375,0.375,0.40384615384615385,0.40446628502646614,0.3771454819256611,0.3903283917636604,,,,,,1.4308322701689207,0.28374325134973005,0.3547418967587035,0.3152950995790133,,,,,,
raw,1,2961,1.5293331146240234,0.375,0.375,0.375,0.4035822964756721,0.3770811174678913,0.38988188924223377,,,,,,1.4307239555217848,0.28374325134973005,0.3547418967587035,0.3152950995790133,,,,,,
raw,1,2962,1.5941376686096191,0.4375,0.375,0.40384615384615385,0.40459982758140195,0.3770186839438545,0.39032262483389635,,,,,,1.4306356638757585,0.28374325134973005,0.3547418967587035,0.3152950995790133,,,,,,
raw,1,2963,1.4684422016143799,0.375,0.375,0.375,0.40371183275395994,0.3769581234255389,0.3898765507113394,,,,,,1.4305226905838704,0.28374325134973005,0.3547418967587035,0.3152950995790133,,,,,,
raw,1,2964,1.5757536888122559,0.4375,0.375,0.40384615384615385,0.40472547777134116,0.37689937972277276,0.3903171196961838,,,,,,1.430410476956817,0.28374325134973005,0.3547418967587035,0.3152950995790133,,,,,,
raw,1,2965,1.4358971118927002,0.375,0.375,0.375,0.40383371343820096,0.37684239833108957,0.3898714532307225,,,,,,1.4302977846205733,0.28374325134973005,0.3547418967587035,0.3152950995790133,,,,,,
raw,1,2966,1.4846311807632446,0.4375,0.375,0.40384615384615385,0.40484370203505493,0.37678712638115686,0.39031186994602896,,,,,,1.4301900223533388,0.28374325134973005,0.3547418967587035,0.3152950995790133,,,,,,
raw,1,2967,1.486208438873291,0.375,0.375,0.375,0.40394839097400326,0.3767335125897221,0.38986659109661415,,,,,,1.430077713481631,0.28374325134973005,0.3547418967587035,0.3152950995790133,,,,,,
raw,1,2968,1.378549575805664,0.4375,0.375,0.40384615384615385,0.40495493924478315,0.3766815072120304,0.390306868517061,,,,,,1.429976023450138,0.28374325134973005,0.3547418967587035,0.3152950995790133,,,,,,
raw,1,2969,1.6822113990783691,0.375,0.375,0.375,0.4040562910674397,0.37663106199566954,0.3898619579622144,,,,,,1.429862952037724,0.28374325134973005,0.3547418967587035,0.3152950995790133,,,,,,
raw,1,2970,1.3657245635986328,0.4375,0.375,0.40384615384615385,0.4050596023354165,0.37658213013579944,0.3903021078395356,,,,,,1.4297636041077437,0.28374325134973005,0.3547418967587035,0.3152950995790133,,,,,,
raw,1,2971,2.013784408569336,0.375,0.375,0.375,0.404157814265354,0.3765346662317255,0.3898575469881654,,,,,,1.4296453915516685,0.28374325134973005,0.3547418967587035,0.3152950995790133,,,,,,
raw,1,2972,1.7158565521240234,0.4375,0.375,0.40384615384615385,0.4051580798373934,0.37648862624477375,0.3902975799757692,,,,,,1.4295211072005374,0.28374325134973005,0.3547418967587035,0.3152950995790133,,,,,,
raw,1,2973,1.527613639831543,0.375,0.375,0.375,0.40425333744227154,0.3764439674574306,0.38985335097122414,,,,,,1.4294107208879907,0.28374325134973005,0.3547418967587035,0.3152950995790133,,,,,,
raw,1,2974,1.7383337020874023,0.4375,0.375,0.40384615384615385,0.4052507373190034,0.3764006484337077,0.39029327673543873,,,,,,1.4292995685272363,0.28374325134973005,0.3547418967587035,0.3152950995790133,,,,,,
raw,1,2975,1.7741820812225342,0.375,0.375,0.375,0.4043432151994333,0.3763586289806965,0.3898493624539042,,,,,,1.4291835326050406,0.28374325134973005,0.3547418967587035,0.3152950995790133,,,,,,
raw,1,2976,1.6623162031173706,0.4375,0.375,0.40384615384615385,0.40533791874345027,0.3763178701112756,0.39028918977333116,,,,,,1.4290827797715069,0.28374325134973005,0.3547418967587035,0.3152950995790133,,,,,,
raw,1,2977,2.0617170333862305,0.375,0.375,0.375,0.40442778118114675,0.3762783340079373,0.38984557381752216,,,,,,1.428972466644272,0.28374325134973005,0.3547418967587035,0.3152950995790133,,,,,,
raw,1,2978,1.8129374980926514,0.4375,0.375,0.40384615384615385,0.40541994774571233,0.3762399839876992,0.3902853106718113,,,,,,1.4288662861652104,0.28374325134973005,0.3547418967587035,0.3152950995790133,,,,,,
raw,1,2979,1.413015365600586,0.375,0.375,0.375,0.404507349313341,0.3762027844680682,0.3898419773607917,,,,,,1.4287715681436737,0.28374325134973005,0.3547418967587035,0.3152950995790133,,,,,,
raw,1,2980,1.586524486541748,0.4375,0.375,0.40384615384615385,0.40549712883394073,0.37616670093402615,0.3902816310100018,,,,,,1.4286503767785237,0.28374325134973005,0.3547418967587035,0.3152950995790133,,,,,,
raw,1,2981,1.6673429012298584,0.375,0.375,0.375,0.40458221496892255,0.37613169990600537,0.38983856536584643,,,,,,1.4285347992284454,0.28374325134973005,0.3547418967587035,0.3152950995790133,,,,,,
raw,1,2982,1.915964126586914,0.4375,0.375,0.40384615384615385,0.40556974851985483,0.3760977489088252,0.39027814242142783,,,,,,1.428430561066399,0.28374325134973005,0.3547418967587035,0.3152950995790133,,,,,,
raw,1,2983,1.7627825736999512,0.375,0.375,0.375,0.40465265606425915,0.3760648164415604,0.38983533015334476,,,,,,1.4283221382165632,0.28374325134973005,0.3547418967587035,0.3152950995790133,,,,,,
raw,1,2984,1.202918529510498,0.375,0.375,0.375,0.40376307638233133,0.3760328719483136,0.38940491938631355,,,,,,1.4282045283512053,0.28374325134973005,0.3547418967587035,0.3152950995790133,,,,,,
raw,1,2985,1.8608932495117188,0.4375,0.375,0.40384615384615385,0.4047751840908614,0.37600188578986415,0.389858356271537,,,,,,1.4280982500167507,0.28374325134973005,0.3547418967587035,0.3152950995790133,,,,,,
raw,1,2986,1.882055401802063,0.375,0.375,0.375,0.40388192856813554,0.37597182921616823,0.3894274431722742,,,,,,1.427987904889484,0.28374325134973005,0.3547418967587035,0.3152950995790133,,,,,,
raw,1,2987,1.8623290061950684,0.4375,0.375,0.40384615384615385,0.40489047071109147,0.3759426743396832,0.3898799822691515,,,,,,1.4278789615333123,0.28374325134973005,0.3547418967587035,0.3152950995790133,,,,,,
raw,1,2988,1.4347951412200928,0.375,0.375,0.375,0.40399375658975867,0.3759143941094927,0.3894485987774221,,,,,,1.4277682871820623,0.28374325134973005,0.3547418967587035,0.3152950995790133,,,,,,
raw,1,2989,1.4142851829528809,0.4375,0.375,0.40384615384615385,0.4049989438920659,0.3758869622862079,0.38990029540616783,,,,,,1.427657628002676,0.28374325134973005,0.3547418967587035,0.3152950995790133,,,,,,
raw,1,2990,1.772979497909546,0.375,0.375,0.375,0.40409897557530394,0.3758603534176217,0.38946847131515044,,,,,,1.427551371337792,0.28374325134973005,0.3547418967587035,0.3152950995790133,,,,,,
raw,1,2991,1.7484130859375,0.4375,0.375,0.40384615384615385,0.4051010063080448,0.3758345428150931,0.3899193772665898,,,,,,1.4274441853895032,0.28374325134973005,0.3547418967587035,0.3152950995790133,,,,,,
raw,1,2992,1.5717626810073853,0.375,0.375,0.375,0.4041979761188035,0.37580950653064027,0.38948714037954846,,,,,,1.427330253542781,0.28374325134973005,0.3547418967587035,0.3152950995790133,,,,,,
raw,1,2993,1.2270419597625732,0.4375,0.375,0.40384615384615385,0.4051970368352394,0.37578522133472103,0.38993730415362804,,,,,,1.427227437454061,0.28374325134973005,0.3547418967587035,0.3152950995790133,,,,,,
raw,1,2994,1.5911750793457031,0.375,0.375,0.375,0.4042911257301822,0.3757616646946794,0.3895046804278885,,,,,,1.4271129207080835,0.28374325134973005,0.3547418967587035,0.3152950995790133,,,,,,
raw,1,2995,1.8621975183486938,0.4375,0.375,0.40384615384615385,0.40528739195827673,0.3757388147538391,0.3899541474546406,,,,,,1.4270044222036715,0.28374325134973005,0.3547418967587035,0.3152950995790133,,,,,,
raw,1,2996,1.7524542808532715,0.375,0.375,0.375,0.4043787701995284,0.3757166503112239,0.38952116113401763,,,,,,1.4269015942923926,0.28374325134973005,0.3547418967587035,0.3152950995790133,,,,,,
raw,1,2997,1.4389936923980713,0.4375,0.375,0.40384615384615385,0.40537240709354255,0.3756951508018872,0.3899699739784151,,,,,,1.4267948528194883,0.28374325134973005,0.3547418967587035,0.3152950995790133,,,,,,
raw,1,2998,1.5685412883758545,0.375,0.375,0.375,0.40446123488073626,0.37567429627783056,0.3895366477151241,,,,,,1.4266966665443657,0.28374325134973005,0.3547418967587035,0.3152950995790133,,,,,,
raw,1,2999,1.9944794178009033,0.4375,0.375,0.40384615384615385,0.40545239783431414,0.3756540673894956,0.38998484626712904,,,,,,1.426583944081359,0.28374325134973005,0.3547418967587035,0.3152950995790133,,,,,,
raw,1,3000,1.5656185150146484,0.375,0.375,0.375,0.4045388258992847,0.37563444536781077,0.38955120123411535,,,,,,1.4497806322000009,0.28374325134973005,0.3547418967587035,0.3152950995790133,0.4055188962207559,0.3751500600240096,0.38974378842954466,0.4055188962207559,0.3751500600240096,0.38974378842954466
